,Player,Gross P/W(EUR),Gross P/Y(EUR),Gross P/Y(EUR).1,Signed,"Contract Expiration Jun 30, 2023Jun 30, 2024Jun 30, 2025Jun 30, 2026Jun 30, 2027Jun 30, 2028",Years Remaining 123456,Gross Remaining(EUR),Release Clause(EUR),Pos. DFKM,Pos. CBCFCMDMGKLBLWRBRWSS,Age,Status ReserveStarter,Country,Active,Loan,Team,League,Season,Pos. AMCBCFCMDMGKLBLWRBRW,Pos. AMCBCFCMDMGKLBLWRBRWSS,"Contract Expiration Jun 30, 2023Jun 30, 2024Jun 30, 2025Jun 30, 2026Jun 30, 2027",Years Remaining 12345,Pos. CBCFCMDMGKLBLWRBRW,Pos. AMCBCFCMDMGKLBLWRB,Pos. CBCFCMDMGKLBRBRW,"Contract Expiration Jun 23, 2023Jun 30, 2023Jun 30, 2024Jun 30, 2025Jun 30, 2026Jun 30, 2027","Contract Expiration Jun 30, 2023Jun 30, 2024Jun 30, 2025Jun 30, 2026Jun 30, 2027Jun 30, 2031",Years Remaining 123459,Pos. AMCBCFCMGKLBLWRBRW,"Contract Expiration Jun 30, 2023Jun 30, 2024Jun 30, 2025Jun 30, 2026Jun 30, 2027Jun 30, 2028Jun 30, 2029",Years Remaining 1234567
0,Luis Suárez,"€ 31,538","€ 1,640,000",,"Jan 1, 2023","Jun 30, 2023",1.0,"€ 1,640,000",,F,CF,25.0,Starter,Colombia,,,Almeria,La Liga,2022-2023,,,,,,,,,,,,,
1,Lucas Robertone,"€ 21,923","€ 1,140,000",,"Dec 23, 2022","Jun 30, 2028",6.0,"€ 6,840,000","€ 40,000,000",M,CM,25.0,Reserve,Argentina,,,Almeria,La Liga,2022-2023,,,,,,,,,,,,,
2,Dyego Sousa,"€ 20,000","€ 1,040,000",,"Mar 23, 2022","Jun 30, 2024",2.0,"€ 2,080,000",,F,CF,33.0,Reserve,Portugal,,,Almeria,La Liga,2022-2023,,,,,,,,,,,,,
3,Chumi,"€ 18,654","€ 970,000",,"Mar 1, 2022","Jun 30, 2025",3.0,"€ 2,910,000",,D,CB,23.0,Reserve,Spain,,,Almeria,La Liga,2022-2023,,,,,,,,,,,,,
4,Adrián Embarba,"€ 18,462","€ 960,000",,"Aug 24, 2022","Jun 30, 2026",4.0,"€ 3,840,000",,F,RW,30.0,Starter,Spain,,,Almeria,La Liga,2022-2023,,,,,,,,,,,,,
5,Francisco Portillo,"€ 16,346","€ 850,000",,"Jul 22, 2021","Jun 30, 2023",1.0,"€ 850,000",,F,RW,32.0,Starter,Spain,,,Almeria,La Liga,2022-2023,,,,,,,,,,,,,
6,Álex Centelles,"€ 15,385","€ 800,000",,"Jun 4, 2022","Jun 30, 2026",4.0,"€ 3,200,000",,D,LB,23.0,Reserve,Spain,,,Almeria,La Liga,2022-2023,,,,,,,,,,,,,
7,Alejandro Pozo,"€ 13,846","€ 720,000",,"Jul 1, 2022","Jun 30, 2027",5.0,"€ 3,600,000",,D,RB,23.0,Starter,Spain,,,Almeria,La Liga,2022-2023,,,,,,,,,,,,,
8,Iñigo Eguaras,"€ 11,923","€ 620,000",,"Jan 21, 2022","Jun 30, 2024",2.0,"€ 1,240,000",,M,DM,30.0,Starter,Spain,,,Almeria,La Liga,2022-2023,,,,,,,,,,,,,
9,Léo Baptistão,"€ 11,538","€ 600,000",,"Aug 11, 2022","Jun 30, 2026",4.0,"€ 2,400,000",,F,SS,30.0,Reserve,Brazil,,,Almeria,La Liga,2022-2023,,,,,,,,,,,,,
10,Rodrigo Ely,"€ 11,538","€ 600,000",,"Jun 4, 2022","Jun 30, 2024",2.0,"€ 1,200,000",,D,CB,29.0,Starter,Brazil,,,Almeria,La Liga,2022-2023,,,,,,,,,,,,,
11,Gonzalo Melero,"€ 10,385","€ 540,000",,"Sep 1, 2022","Jun 30, 2026",4.0,"€ 2,160,000",,M,CM,29.0,Starter,Spain,,,Almeria,La Liga,2022-2023,,,,,,,,,,,,,
12,Kaiky,"€ 10,385","€ 540,000",,"Jul 19, 2022","Jun 30, 2028",6.0,"€ 3,240,000",,D,CB,19.0,Reserve,Brazil,,,Almeria,La Liga,2022-2023,,,,,,,,,,,,,
13,César de la Hoz,"€ 7,308","€ 380,000",,"Jul 4, 2018","Jun 30, 2023",1.0,"€ 380,000",,M,CM,30.0,Reserve,Spain,,,Almeria,La Liga,2022-2023,,,,,,,,,,,,,
14,Lázaro,"€ 6,923","€ 360,000",,"Sep 1, 2022","Jun 30, 2028",6.0,"€ 2,160,000",,F,LW,20.0,Reserve,Brazil,,,Almeria,La Liga,2022-2023,,,,,,,,,,,,,
15,Houboulang Mendes,"€ 5,769","€ 300,000",,"Jul 6, 2022","Jun 30, 2026",4.0,"€ 1,200,000",,D,RB,24.0,Reserve,Guinea-Bissau,,,Almeria,La Liga,2022-2023,,,,,,,,,,,,,
16,El Bilal Touré,"€ 5,769","€ 300,000",,"Sep 1, 2022","Jun 30, 2028",6.0,"€ 1,800,000",,F,CF,21.0,Reserve,Mali,,,Almeria,La Liga,2022-2023,,,,,,,,,,,,,
17,Fernando Martínez,"€ 4,615","€ 240,000",,"Jan 19, 2023","Jun 30, 2025",3.0,"€ 720,000",,K,GK,32.0,Starter,Spain,,,Almeria,La Liga,2022-2023,,,,,,,,,,,,,
18,Samú Costa,"€ 3,462","€ 180,000",,"Jul 1, 2021","Jun 30, 2026",4.0,"€ 720,000",,M,DM,22.0,Starter,Portugal,,,Almeria,La Liga,2022-2023,,,,,,,,,,,,,
19,Sergio Akieme,"€ 3,269","€ 170,000",,"Jul 7, 2021","Jun 30, 2026",4.0,"€ 680,000",,D,LB,25.0,Starter,Spain,,,Almeria,La Liga,2022-2023,,,,,,,,,,,,,
20,Gui Guedes,"€ 3,077","€ 160,000",,"Jul 1, 2022","Jun 30, 2028",6.0,"€ 960,000",,M,CM,20.0,Reserve,Portugal,,,Almeria,La Liga,2022-2023,,,,,,,,,,,,,
21,Diego Fuoli,"€ 3,077","€ 160,000",,"Jul 1, 2022","Jun 30, 2023",1.0,"€ 160,000",,K,GK,25.0,Reserve,Spain,,,Almeria,La Liga,2022-2023,,,,,,,,,,,,,
22,Marko Milovanovic,"€ 3,077","€ 160,000",,"Jul 11, 2022","Jun 30, 2028",6.0,"€ 960,000",,F,CF,19.0,Reserve,Serbia,,,Almeria,La Liga,2022-2023,,,,,,,,,,,,,
23,Srdjan Babic,"€ 2,981","€ 155,000",,"Jul 1, 2022","Jun 30, 2026",4.0,"€ 620,000",,D,CB,26.0,Starter,Serbia,,,Almeria,La Liga,2022-2023,,,,,,,,,,,,,
24,Arnau Puigmal,"€ 2,981","€ 155,000",,"Jul 9, 2021","Jun 30, 2026",4.0,"€ 620,000",,M,CM,22.0,Reserve,Spain,,,Almeria,La Liga,2022-2023,,,,,,,,,,,,,
25,Largie Ramazani,"€ 2,981","€ 155,000",,"Aug 24, 2020","Jun 30, 2025",3.0,"€ 465,000",,F,LW,21.0,Reserve,Belgium,,,Almeria,La Liga,2022-2023,,,,,,,,,,,,,
26,Diego Mariño,€ 0,€ 0,,"Jan 26, 2023","Jun 30, 2024",2.0,€ 0,,K,GK,32.0,Reserve,Spain,,,Almeria,La Liga,2022-2023,,,,,,,,,,,,,
27,Martin Svidersky,€ 0,€ 0,,,"Jun 30, 2027",5.0,€ 0,,M,DM,20.0,Reserve,Slovakia,,,Almeria,La Liga,2022-2023,,,,,,,,,,,,,
28,Total,"€ 267,212","€ 13,895,000",€ 0,,,,"€ 46,645,000","€ 40,000,000",,,,,,,,Almeria,La Liga,2022-2023,,,,,,,,,,,,,
29,Raúl García,"€ 160,000","€ 8,320,000",,"May 9, 2022","Jun 30, 2023",1.0,"€ 8,320,000",,F,,36.0,Reserve,Spain,,,Athletic Club,La Liga,2022-2023,CF,,,,,,,,,,,,
30,Ander Herrera,"€ 115,385","€ 6,000,000",,"Feb 1, 2023","Jun 30, 2023",1.0,"€ 6,000,000",,M,,33.0,Reserve,Spain,,,Athletic Club,La Liga,2022-2023,CM,,,,,,,,,,,,
31,Iñaki Williams,"€ 114,808","€ 5,970,000",,"Aug 12, 2019","Jun 30, 2028",6.0,"€ 35,820,000",,F,,28.0,Starter,Ghana,,,Athletic Club,La Liga,2022-2023,CF,,,,,,,,,,,,
32,Iñigo Martínez,"€ 96,154","€ 5,000,000",,"Jan 30, 2018","Jun 30, 2023",1.0,"€ 5,000,000",,D,,31.0,Reserve,Spain,,,Athletic Club,La Liga,2022-2023,CB,,,,,,,,,,,,
33,Iker Muniain,"€ 84,615","€ 4,400,000",,"Nov 21, 2018","Jun 30, 2024",2.0,"€ 8,800,000",,F,,30.0,Starter,Spain,,,Athletic Club,La Liga,2022-2023,AM,,,,,,,,,,,,
34,Unai Simón,"€ 83,654","€ 4,350,000",,"Aug 20, 2020","Jun 30, 2025",3.0,"€ 13,050,000",,K,,25.0,Starter,Spain,,,Athletic Club,La Liga,2022-2023,GK,,,,,,,,,,,,
35,Yuri Berchiche,"€ 80,769","€ 4,200,000",,"Oct 5, 2021","Jun 30, 2024",2.0,"€ 8,400,000",,D,,32.0,Reserve,Spain,,,Athletic Club,La Liga,2022-2023,LB,,,,,,,,,,,,
36,Álex Berenguer,"€ 54,808","€ 2,850,000",,"Oct 2, 2020","Jun 30, 2024",2.0,"€ 5,700,000",,F,,27.0,Starter,Spain,,,Athletic Club,La Liga,2022-2023,LW,,,,,,,,,,,,
37,Dani García,"€ 53,269","€ 2,770,000",,"Feb 16, 2022","Jun 30, 2024",2.0,"€ 5,540,000",,M,,32.0,Reserve,Spain,,,Athletic Club,La Liga,2022-2023,CM,,,,,,,,,,,,
38,Yeray Álvarez,"€ 49,231","€ 2,560,000",,"Jul 18, 2019","Jun 30, 2026",4.0,"€ 10,240,000",,D,,28.0,Starter,Spain,,,Athletic Club,La Liga,2022-2023,CB,,,,,,,,,,,,
39,Ander Capa,"€ 48,077","€ 2,500,000",,"Jul 12, 2022","Jun 30, 2024",2.0,"€ 5,000,000",,D,,30.0,Reserve,Spain,,,Athletic Club,La Liga,2022-2023,RB,,,,,,,,,,,,
40,Nico Williams,"€ 45,192","€ 2,350,000",,"Jan 21, 2022","Jun 30, 2024",2.0,"€ 4,700,000","€ 50,000,000",F,,20.0,Starter,Spain,,,Athletic Club,La Liga,2022-2023,RW,,,,,,,,,,,,
41,Jon Morcillo,"€ 38,462","€ 2,000,000","€ 500,000","Sep 19, 2022","Jun 30, 2024",2.0,"€ 4,000,000",,F,,24.0,Reserve,Spain,,,Athletic Club,La Liga,2022-2023,LW,,,,,,,,,,,,
42,Óscar de Marcos,"€ 35,577","€ 1,850,000",,"Apr 26, 2022","Jun 30, 2023",1.0,"€ 1,850,000",,D,,33.0,Starter,Spain,,,Athletic Club,La Liga,2022-2023,RB,,,,,,,,,,,,
43,Mikel Balenziaga,"€ 31,731","€ 1,650,000",,"Mar 15, 2022","Jun 30, 2023",1.0,"€ 1,650,000",,D,,34.0,Reserve,Spain,,,Athletic Club,La Liga,2022-2023,LB,,,,,,,,,,,,
44,Iñigo Lekue,"€ 29,808","€ 1,550,000",,"Jan 16, 2018","Jun 30, 2023",1.0,"€ 1,550,000",,D,,29.0,Starter,Spain,,,Athletic Club,La Liga,2022-2023,RB,,,,,,,,,,,,
45,Oier Zarraga,"€ 28,846","€ 1,500,000",,"Feb 1, 2021","Jun 30, 2023",1.0,"€ 1,500,000",,M,,24.0,Reserve,Spain,,,Athletic Club,La Liga,2022-2023,CM,,,,,,,,,,,,
46,Oihan Sancet,"€ 26,923","€ 1,400,000",,"Aug 4, 2020","Jun 30, 2024",2.0,"€ 2,800,000",,F,,22.0,Starter,Spain,,,Athletic Club,La Liga,2022-2023,AM,,,,,,,,,,,,
47,Dani Vivian,"€ 22,692","€ 1,180,000",,"Feb 4, 2022","Jun 30, 2026",4.0,"€ 4,720,000",,D,,23.0,Starter,Spain,,,Athletic Club,La Liga,2022-2023,CB,,,,,,,,,,,,
48,Mikel Vesga,"€ 11,538","€ 600,000",,"Jan 7, 2021","Jun 30, 2024",2.0,"€ 1,200,000",,M,,29.0,Starter,Spain,,,Athletic Club,La Liga,2022-2023,DM,,,,,,,,,,,,
49,Julen Agirrezabala,"€ 11,154","€ 580,000",,"Jul 1, 2022","Jun 30, 2025",3.0,"€ 1,740,000",,K,,22.0,Reserve,Spain,,,Athletic Club,La Liga,2022-2023,GK,,,,,,,,,,,,
50,Gorka Guruzeta,"€ 5,769","€ 300,000",,"Jul 3, 2022","Jun 30, 2024",2.0,"€ 600,000",,F,,26.0,Reserve,Spain,,,Athletic Club,La Liga,2022-2023,CF,,,,,,,,,,,,
51,Unai Vencedor,"€ 4,615","€ 240,000",,"May 13, 2022","Jun 30, 2027",5.0,"€ 1,200,000",,M,,22.0,Reserve,Spain,,,Athletic Club,La Liga,2022-2023,CM,,,,,,,,,,,,
52,Aitor Paredes,"€ 3,462","€ 180,000",,"Aug 1, 2020","Jun 30, 2025",3.0,"€ 540,000",,D,,22.0,Reserve,Spain,,,Athletic Club,La Liga,2022-2023,CB,,,,,,,,,,,,
53,Ander Iru,€ 0,€ 0,,"Jul 1, 2022","Jun 30, 2023",1.0,€ 0,,K,,24.0,Reserve,Spain,,,Athletic Club,La Liga,2022-2023,GK,,,,,,,,,,,,
54,Total,"€ 1,236,539","€ 64,300,000","€ 500,000",,,,"€ 139,920,000","€ 50,000,000",,,,,,,,Athletic Club,La Liga,2022-2023,,,,,,,,,,,,,
55,Jan Oblak,"€ 400,577","€ 20,830,000",,"Jul 20, 2022","Jun 30, 2028",6.0,"€ 124,980,000",,K,,30.0,Starter,Slovenia,,,Atletico Madrid,La Liga,2022-2023,,GK,,,,,,,,,,,
56,Koke,"€ 307,692","€ 16,000,000",,"May 23, 2017","Jun 30, 2024",2.0,"€ 32,000,000",,M,,31.0,Starter,Spain,,,Atletico Madrid,La Liga,2022-2023,,CM,,,,,,,,,,,
57,Antoine Griezmann,"€ 240,385","€ 12,500,000",,"Aug 31, 2021","Jun 30, 2023",1.0,"€ 12,500,000",,F,,31.0,Starter,France,,,Atletico Madrid,La Liga,2022-2023,,SS,,,,,,,,,,,
58,Saúl Ñíguez,"€ 230,769","€ 12,000,000",,"Jul 1, 2017","Jun 30, 2026",4.0,"€ 48,000,000",,M,,28.0,Reserve,Spain,,,Atletico Madrid,La Liga,2022-2023,,CM,,,,,,,,,,,
59,Álvaro Morata,"€ 188,462","€ 9,800,000",,"Sep 21, 2020","Jun 30, 2024",2.0,"€ 19,600,000",,F,,30.0,Starter,Spain,,,Atletico Madrid,La Liga,2022-2023,,CF,,,,,,,,,,,
60,Memphis Depay,"€ 168,269","€ 8,750,000",,"Jan 20, 2023","Jun 30, 2025",3.0,"€ 26,250,000",,F,,28.0,Reserve,Netherlands,,,Atletico Madrid,La Liga,2022-2023,,CF,,,,,,,,,,,
61,Axel Witsel,"€ 160,192","€ 8,330,000",,"Feb 22, 2023","Jun 30, 2024",2.0,"€ 16,660,000",,M,,34.0,Reserve,Belgium,,,Atletico Madrid,La Liga,2022-2023,,DM,,,,,,,,,,,
62,Yannick Carrasco,"€ 145,385","€ 7,560,000",,"Sep 8, 2020","Jun 30, 2024",2.0,"€ 15,120,000","€ 60,000,000",F,,29.0,Reserve,Belgium,,,Atletico Madrid,La Liga,2022-2023,,LW,,,,,,,,,,,
63,Geoffrey Kondogbia,"€ 132,692","€ 6,900,000",,"Nov 3, 2020","Jun 30, 2024",2.0,"€ 13,800,000",,M,,29.0,Reserve,Central African Republic,,,Atletico Madrid,La Liga,2022-2023,,DM,,,,,,,,,,,
64,Rodrigo de Paul,"€ 128,269","€ 6,670,000",,"Jul 12, 2021","Jun 30, 2026",4.0,"€ 26,680,000",,M,,28.0,Starter,Argentina,,,Atletico Madrid,La Liga,2022-2023,,CM,,,,,,,,,,,
65,Stefan Savic,"€ 86,538","€ 4,500,000",,"Aug 11, 2021","Jun 30, 2024",2.0,"€ 9,000,000",,D,,32.0,Starter,Montenegro,,,Atletico Madrid,La Liga,2022-2023,,CB,,,,,,,,,,,
66,José Giménez,"€ 76,923","€ 4,000,000",,"Aug 12, 2021","Jun 30, 2025",3.0,"€ 12,000,000",,D,,28.0,Reserve,Uruguay,,,Atletico Madrid,La Liga,2022-2023,,CB,,,,,,,,,,,
67,Ángel Correa,"€ 67,308","€ 3,500,000",,"Jan 4, 2022","Jun 30, 2026",4.0,"€ 14,000,000",,F,,27.0,Reserve,Argentina,,,Atletico Madrid,La Liga,2022-2023,,RW,,,,,,,,,,,
68,Thomas Lemar,"€ 62,500","€ 3,250,000",,"Jul 1, 2018","Jun 30, 2023",1.0,"€ 3,250,000",,F,,27.0,Reserve,France,,,Atletico Madrid,La Liga,2022-2023,,AM,,,,,,,,,,,
69,Sergio Reguilón,"€ 61,346","€ 3,190,000",,"Aug 30, 2022","Jun 30, 2023",1.0,"€ 3,190,000",,D,,26.0,Reserve,Spain,,,Atletico Madrid,La Liga,2022-2023,,LB,,,,,,,,,,,
70,Mario Hermoso,"€ 40,385","€ 2,100,000",,"Jul 18, 2019","Jun 30, 2024",2.0,"€ 4,200,000",,D,,27.0,Starter,Spain,,,Atletico Madrid,La Liga,2022-2023,,CB,,,,,,,,,,,
71,Marcos Llorente,"€ 40,385","€ 2,100,000",,"Aug 18, 2021","Jun 30, 2027",5.0,"€ 10,500,000","€ 120,000,000",M,,28.0,Starter,Spain,,,Atletico Madrid,La Liga,2022-2023,,CM,,,,,,,,,,,
72,Nahuel Molina,"€ 23,077","€ 1,200,000",,"Jul 28, 2022","Jun 30, 2027",5.0,"€ 6,000,000",,D,,24.0,Starter,Argentina,,,Atletico Madrid,La Liga,2022-2023,,RB,,,,,,,,,,,
73,Ivo Grbic,"€ 16,538","€ 860,000",,"Aug 20, 2020","Jun 30, 2024",2.0,"€ 1,720,000",,K,,27.0,Reserve,Croatia,,,Atletico Madrid,La Liga,2022-2023,,GK,,,,,,,,,,,
74,Reinildo Mandava,"€ 15,385","€ 800,000",,"Jan 31, 2022","Jun 30, 2025",3.0,"€ 2,400,000",,D,,29.0,Starter,Mozambique,,,Atletico Madrid,La Liga,2022-2023,,LB,,,,,,,,,,,
75,Matt Doherty,€ 0,€ 0,,"Jan 31, 2023","Jun 30, 2023",1.0,€ 0,,D,,31.0,Reserve,Ireland,,,Atletico Madrid,La Liga,2022-2023,,RB,,,,,,,,,,,
76,Pablo Barrios,€ 0,€ 0,,"Jan 23, 2023","Jun 30, 2028",6.0,€ 0,,M,,19.0,Starter,Spain,,,Atletico Madrid,La Liga,2022-2023,,CM,,,,,,,,,,,
77,João Félix,€ 0,€ 0,,"Jan 11, 2023","Jun 30, 2027",5.0,€ 0,,F,,23.0,Reserve,Portugal,,,Atletico Madrid,La Liga,2022-2023,,SS,,,,,,,,,,,
78,Total,"€ 2,593,077","€ 134,840,000",€ 0,,,,"€ 401,850,000","€ 180,000,000",,,,,,,,Atletico Madrid,La Liga,2022-2023,,,,,,,,,,,,,
79,Frenkie de Jong,"€ 721,154","€ 37,500,000","€ 6,000,000","Oct 20, 2020",,,"€ 150,000,000","€ 400,000,000",M,,25.0,Starter,Netherlands,,,Barcelona,La Liga,2022-2023,,,"Jun 30, 2026",4.0,CM,,,,,,,,
80,Sergio Busquets,"€ 711,538","€ 37,000,000",,"Sep 27, 2018",,,"€ 37,000,000","€ 500,000,000",M,,34.0,Reserve,Spain,,,Barcelona,La Liga,2022-2023,,,"Jun 30, 2023",1.0,DM,,,,,,,,
81,Robert Lewandowski,"€ 400,577","€ 20,830,000",,"Jul 19, 2022",,,"€ 83,320,000","€ 500,000,000",F,,34.0,Starter,Poland,,,Barcelona,La Liga,2022-2023,,,"Jun 30, 2026",4.0,CF,,,,,,,,
82,Jordi Alba,"€ 400,577","€ 20,830,000",,"Feb 28, 2019",,,"€ 41,660,000","€ 500,000,000",D,,33.0,Starter,Spain,,,Barcelona,La Liga,2022-2023,,,"Jun 30, 2024",2.0,LB,,,,,,,,
83,Gerard Piqué,"€ 283,654","€ 14,750,000",,"Oct 20, 2020",,,"€ 29,500,000","€ 500,000,000",D,,35.0,Reserve,Spain,,,Barcelona,La Liga,2022-2023,,,"Jun 30, 2024",2.0,CB,,,,,,,,
84,Ansu Fati,"€ 268,269","€ 13,950,000",,"Oct 21, 2021",,,"€ 69,750,000","€ 1,000,000,000",F,,20.0,Reserve,Spain,,,Barcelona,La Liga,2022-2023,,,"Jun 30, 2027",5.0,LW,,,,,,,,
85,Jules Koundé,"€ 260,577","€ 13,550,000",,"Jul 28, 2022",,,"€ 67,750,000","€ 1,000,000,000",D,,24.0,Starter,France,,,Barcelona,La Liga,2022-2023,,,"Jun 30, 2027",5.0,CB,,,,,,,,
86,Raphinha,"€ 240,385","€ 12,500,000",,"Jul 13, 2022",,,"€ 62,500,000","€ 1,000,000,000",F,,26.0,Reserve,Brazil,,,Barcelona,La Liga,2022-2023,,,"Jun 30, 2027",5.0,RW,,,,,,,,
87,Ousmane Dembélé,"€ 230,769","€ 12,000,000","€ 3,000,000","Jul 14, 2022",,,"€ 24,000,000","€ 50,000,000",F,,25.0,Starter,France,,,Barcelona,La Liga,2022-2023,,,"Jun 30, 2024",2.0,RW,,,,,,,,
88,Ferran Torres,"€ 192,308","€ 10,000,000","€ 3,000,000","Jan 1, 2022",,,"€ 50,000,000","€ 1,000,000,000",F,,22.0,Reserve,Spain,,,Barcelona,La Liga,2022-2023,,,"Jun 30, 2027",5.0,LW,,,,,,,,
89,Pedri,"€ 180,385","€ 9,380,000",,"Oct 14, 2021",,,"€ 37,520,000","€ 1,000,000,000",M,,20.0,Starter,Spain,,,Barcelona,La Liga,2022-2023,,,"Jun 30, 2026",4.0,CM,,,,,,,,
90,Marc-André ter Stegen,"€ 173,077","€ 9,000,000",,"Oct 20, 2020",,,"€ 27,000,000","€ 500,000,000",K,,30.0,Starter,Germany,,,Barcelona,La Liga,2022-2023,,,"Jun 30, 2025",3.0,GK,,,,,,,,
91,Franck Kessié,"€ 173,077","€ 9,000,000","€ 4,000,000","Jul 4, 2022",,,"€ 36,000,000","€ 500,000,000",M,,26.0,Reserve,Cote d'Ivoire,,,Barcelona,La Liga,2022-2023,,,"Jun 30, 2026",4.0,CM,,,,,,,,
92,Andreas Christensen,"€ 173,077","€ 9,000,000","€ 4,000,000","Jul 4, 2022",,,"€ 36,000,000","€ 500,000,000",D,,26.0,Starter,Denmark,,,Barcelona,La Liga,2022-2023,,,"Jun 30, 2026",4.0,CB,,,,,,,,
93,Ronald Araújo,"€ 134,615","€ 7,000,000",,"Apr 29, 2022",,,"€ 28,000,000","€ 1,000,000,000",D,,23.0,Starter,Uruguay,,,Barcelona,La Liga,2022-2023,,,"Jun 30, 2026",4.0,CB,,,,,,,,
94,Gavi,"€ 130,769","€ 6,800,000",,"Sep 14, 2022",,,"€ 27,200,000","€ 1,000,000,000",M,,18.0,Starter,Spain,,,Barcelona,La Liga,2022-2023,,,"Jun 30, 2026",4.0,CM,,,,,,,,
95,Marcos Alonso,"€ 120,192","€ 6,250,000",,"Jan 27, 2023",,,"€ 12,500,000","€ 50,000,000",D,,32.0,Reserve,Spain,,,Barcelona,La Liga,2022-2023,,,"Jun 30, 2024",2.0,LB,,,,,,,,
96,Eric García,"€ 115,385","€ 6,000,000",,"Jul 1, 2021",,,"€ 24,000,000","€ 400,000,000",D,,22.0,Reserve,Spain,,,Barcelona,La Liga,2022-2023,,,"Jun 30, 2026",4.0,CB,,,,,,,,
97,Sergi Roberto,"€ 96,154","€ 5,000,000",,"Mar 3, 2023",,,"€ 10,000,000","€ 400,000,000",D,,30.0,Reserve,Spain,,,Barcelona,La Liga,2022-2023,,,"Jun 30, 2024",2.0,RB,,,,,,,,
98,Iñaki Peña,"€ 38,462","€ 2,000,000",,"Jan 30, 2022",,,"€ 2,000,000","€ 60,000,000",K,,23.0,Reserve,Spain,,,Barcelona,La Liga,2022-2023,,,"Jun 30, 2023",1.0,GK,,,,,,,,
99,Martin Braithwaite,"€ 7,692","€ 400,000",,"Sep 1, 2022",,,"€ 400,000",,F,,31.0,Reserve,Denmark,,,Barcelona,La Liga,2022-2023,,,"Jun 30, 2023",1.0,CF,,,,,,,,
100,Arnau Tenas,"€ 6,923","€ 360,000",,"Jul 27, 2020",,,"€ 360,000","€ 100,000,000",K,,21.0,Reserve,Spain,,,Barcelona,La Liga,2022-2023,,,"Jun 30, 2023",1.0,GK,,,,,,,,
101,Pablo Torre,"€ 4,038","€ 210,000",,"Jul 1, 2022",,,"€ 840,000","€ 100,000,000",M,,19.0,Reserve,Spain,,,Barcelona,La Liga,2022-2023,,,"Jun 30, 2026",4.0,CM,,,,,,,,
102,Alejandro Balde,"€ 3,077","€ 160,000",,"Jul 1, 2022",,,"€ 320,000","€ 500,000,000",D,,19.0,Starter,Spain,,,Barcelona,La Liga,2022-2023,,,"Jun 30, 2024",2.0,LB,,,,,,,,
103,Total,"€ 5,066,731","€ 263,470,000","€ 20,000,000",,,,"€ 857,620,000","€ 12,560,000,000",,,,,,,,Barcelona,La Liga,2022-2023,,,,,,,,,,,,,
104,Gonzalo Escalante,"€ 56,154","€ 2,920,000",,"Jan 25, 2023","Jun 30, 2023",1.0,"€ 2,920,000",,M,,29.0,Starter,Argentina,,,Cadiz,La Liga,2022-2023,CM,,,,,,,,,,,,
105,Álvaro Negredo,"€ 24,808","€ 1,290,000",,"Mar 31, 2022","Jun 30, 2023",1.0,"€ 1,290,000",,F,,37.0,Reserve,Spain,,,Cadiz,La Liga,2022-2023,CF,,,,,,,,,,,,
106,Jeremías Ledesma,"€ 24,615","€ 1,280,000",,"Jul 1, 2021","Jun 30, 2025",3.0,"€ 3,840,000",,K,,29.0,Starter,Argentina,,,Cadiz,La Liga,2022-2023,GK,,,,,,,,,,,,
107,Jorge Meré,"€ 23,077","€ 1,200,000",,"Jan 31, 2023","Jun 30, 2023",1.0,"€ 1,200,000",,D,,25.0,Reserve,Spain,,,Cadiz,La Liga,2022-2023,CB,,,,,,,,,,,,
108,Théo Bongonda,"€ 23,077","€ 1,200,000",,"Aug 26, 2022","Jun 30, 2026",4.0,"€ 4,800,000",,F,,27.0,Starter,Democratic Republic of the Congo,,,Cadiz,La Liga,2022-2023,RW,,,,,,,,,,,,
109,Juan Cala,"€ 21,154","€ 1,100,000",,"Jul 17, 2019","Jun 30, 2024",2.0,"€ 2,200,000",,D,,33.0,Reserve,Spain,,,Cadiz,La Liga,2022-2023,CB,,,,,,,,,,,,
110,Roger Martí,"€ 19,615","€ 1,020,000",,"Jan 26, 2023","Jun 30, 2023",1.0,"€ 1,020,000",,F,,32.0,Starter,Spain,,,Cadiz,La Liga,2022-2023,CF,,,,,,,,,,,,
111,Luis Hernández,"€ 19,615","€ 1,020,000",,"Nov 4, 2022","Jun 30, 2025",3.0,"€ 3,060,000",,D,,33.0,Starter,Spain,,,Cadiz,La Liga,2022-2023,CB,,,,,,,,,,,,
112,Joseba Zaldua,"€ 17,308","€ 900,000",,"Jul 11, 2022","Jun 30, 2025",3.0,"€ 2,700,000",,D,,30.0,Reserve,Spain,,,Cadiz,La Liga,2022-2023,RB,,,,,,,,,,,,
113,Rubén Alcaraz,"€ 14,808","€ 770,000",,"Jul 1, 2022","Jun 30, 2024",2.0,"€ 1,540,000",,M,,31.0,Starter,Spain,,,Cadiz,La Liga,2022-2023,CM,,,,,,,,,,,,
114,Fede San Emeterio,"€ 13,846","€ 720,000",,"Aug 7, 2022","Jun 30, 2026",4.0,"€ 2,880,000",,M,,25.0,Reserve,Spain,,,Cadiz,La Liga,2022-2023,CM,,,,,,,,,,,,
115,Rubén Sobrino,"€ 13,462","€ 700,000",,"Aug 30, 2021","Jun 30, 2024",2.0,"€ 1,400,000",,F,,30.0,Reserve,Spain,,,Cadiz,La Liga,2022-2023,CF,,,,,,,,,,,,
116,Choco Lozano,"€ 11,923","€ 620,000",,"Aug 4, 2020","Jun 30, 2023",1.0,"€ 620,000",,F,,29.0,Reserve,Honduras,,,Cadiz,La Liga,2022-2023,CF,,,,,,,,,,,,
117,Brian Ocampo,"€ 10,385","€ 540,000",,"Aug 28, 2022","Jun 30, 2026",4.0,"€ 2,160,000","€ 15,000,000",F,,23.0,Starter,Uruguay,,,Cadiz,La Liga,2022-2023,LW,,,,,,,,,,,,
118,Fali,"€ 9,615","€ 500,000",,"Feb 10, 2020","Jun 30, 2024",2.0,"€ 1,000,000",,D,,29.0,Starter,Spain,,,Cadiz,La Liga,2022-2023,CB,,,,,,,,,,,,
119,Alfonso Espino,"€ 9,615","€ 500,000",,"Oct 31, 2020","Jun 30, 2023",1.0,"€ 500,000",,D,,31.0,Starter,Uruguay,,,Cadiz,La Liga,2022-2023,LB,,,,,,,,,,,,
120,Álex Fernández,"€ 9,423","€ 490,000",,"Jun 6, 2022","Jun 30, 2025",3.0,"€ 1,470,000",,F,,30.0,Reserve,Spain,,,Cadiz,La Liga,2022-2023,AM,,,,,,,,,,,,
121,Iza Carcelén,"€ 9,231","€ 480,000",,"Jul 1, 2019","Jun 30, 2023",1.0,"€ 480,000",,D,,29.0,Starter,Spain,,,Cadiz,La Liga,2022-2023,RB,,,,,,,,,,,,
122,Iván Alejo,"€ 9,038","€ 470,000",,"Aug 4, 2020","Jun 30, 2025",3.0,"€ 1,410,000",,F,,27.0,Reserve,Spain,,,Cadiz,La Liga,2022-2023,RW,,,,,,,,,,,,
123,José Mari,"€ 7,885","€ 410,000",,"Jan 8, 2023","Jun 30, 2025",3.0,"€ 1,230,000",,M,,35.0,Reserve,Spain,,,Cadiz,La Liga,2022-2023,DM,,,,,,,,,,,,
124,Jon Ander Garrido,"€ 7,500","€ 390,000",,"Oct 30, 2019","Jun 30, 2023",1.0,"€ 390,000",,M,,33.0,Reserve,Spain,,,Cadiz,La Liga,2022-2023,DM,,,,,,,,,,,,
125,Sergi Guardiola,"€ 7,500","€ 390,000",,"Jan 31, 2023","Jun 30, 2023",1.0,"€ 390,000",,F,,31.0,Starter,Spain,,,Cadiz,La Liga,2022-2023,CF,,,,,,,,,,,,
126,David Gil,"€ 6,346","€ 330,000",,"Jul 4, 2022","Jun 30, 2025",3.0,"€ 990,000",,K,,29.0,Reserve,Spain,,,Cadiz,La Liga,2022-2023,GK,,,,,,,,,,,,
127,Víctor Chust,"€ 4,615","€ 240,000",,"Jul 6, 2022","Jun 30, 2026",4.0,"€ 960,000",,D,,22.0,Reserve,Spain,,,Cadiz,La Liga,2022-2023,CB,,,,,,,,,,,,
128,Momo Mbaye,"€ 4,038","€ 210,000",,"Aug 9, 2022","Jun 30, 2024",2.0,"€ 420,000",,D,,24.0,Reserve,Senegal,,,Cadiz,La Liga,2022-2023,CB,,,,,,,,,,,,
129,Santiago Arzamendia,"€ 3,846","€ 200,000",,"Jul 8, 2021","Jun 30, 2025",3.0,"€ 600,000",,D,,24.0,Reserve,Paraguay,,,Cadiz,La Liga,2022-2023,LB,,,,,,,,,,,,
130,Raúl Parra,€ 0,€ 0,,"Jul 1, 2022","Jun 30, 2024",2.0,€ 0,,D,,23.0,Reserve,Spain,,,Cadiz,La Liga,2022-2023,RB,,,,,,,,,,,,
131,Chris Ramos,€ 0,€ 0,,"Jan 31, 2023","Jun 30, 2028",6.0,€ 0,,F,,26.0,Reserve,Spain,,,Cadiz,La Liga,2022-2023,CF,,,,,,,,,,,,
132,Youba Diarra,€ 0,€ 0,,"Jan 1, 2023","Jun 30, 2027",5.0,€ 0,,M,,24.0,Reserve,Mali,,,Cadiz,La Liga,2022-2023,CM,,,,,,,,,,,,
133,Total,"€ 382,499","€ 19,890,000",€ 0,,,,"€ 41,470,000","€ 15,000,000",,,,,,,,Cadiz,La Liga,2022-2023,,,,,,,,,,,,,
134,Carles Pérez,"€ 80,192","€ 4,170,000",,"Aug 9, 2022","Jun 30, 2023",1.0,"€ 4,170,000",,F,,24.0,Starter,Spain,,,Celta Vigo,La Liga,2022-2023,RW,,,,,,,,,,,,
135,Iago Aspas,"€ 50,000","€ 2,600,000",,"Jul 25, 2022","Jun 30, 2025",3.0,"€ 7,800,000",,F,,35.0,Starter,Spain,,,Celta Vigo,La Liga,2022-2023,CF,,,,,,,,,,,,
136,Hugo Mallo,"€ 49,808","€ 2,590,000",,"Aug 10, 2018","Jun 30, 2023",1.0,"€ 2,590,000",,D,,31.0,Reserve,Spain,,,Celta Vigo,La Liga,2022-2023,RB,,,,,,,,,,,,
137,Franco Cervi,"€ 48,077","€ 2,500,000",,"Jul 5, 2021","Jun 30, 2024",2.0,"€ 5,000,000",,F,,28.0,Reserve,Argentina,,,Celta Vigo,La Liga,2022-2023,LW,,,,,,,,,,,,
138,Unai Núñez,"€ 43,077","€ 2,240,000",,"Jul 20, 2022","Jun 30, 2023",1.0,"€ 2,240,000",,D,,26.0,Reserve,Spain,,,Celta Vigo,La Liga,2022-2023,CB,,,,,,,,,,,,
139,Joseph Aidoo,"€ 37,500","€ 1,950,000",,"Feb 7, 2022","Jun 30, 2026",4.0,"€ 7,800,000",,D,,27.0,Starter,Ghana,,,Celta Vigo,La Liga,2022-2023,CB,,,,,,,,,,,,
140,Javi Galán,"€ 28,846","€ 1,500,000",,"Jul 31, 2021","Jun 30, 2026",4.0,"€ 6,000,000","€ 18,000,000",D,,28.0,Starter,Spain,,,Celta Vigo,La Liga,2022-2023,LB,,,,,,,,,,,,
141,Augusto Solari,"€ 25,962","€ 1,350,000",,"Jan 23, 2021","Jun 30, 2023",1.0,"€ 1,350,000",,F,,31.0,Reserve,Argentina,,,Celta Vigo,La Liga,2022-2023,RW,,,,,,,,,,,,
142,Agustín Marchesín,"€ 24,231","€ 1,260,000",,"Aug 1, 2022","Jun 30, 2025",3.0,"€ 3,780,000",,K,,34.0,Reserve,Argentina,,,Celta Vigo,La Liga,2022-2023,GK,,,,,,,,,,,,
143,Óscar Rodríguez,"€ 22,115","€ 1,150,000",,"Jul 8, 2022","Jun 30, 2023",1.0,"€ 1,150,000",,F,,24.0,Reserve,Spain,,,Celta Vigo,La Liga,2022-2023,AM,,,,,,,,,,,,
144,Óscar Mingueza,"€ 21,923","€ 1,140,000",,"Jul 30, 2022","Jun 30, 2026",4.0,"€ 4,560,000",,D,,23.0,Starter,Spain,,,Celta Vigo,La Liga,2022-2023,CB,,,,,,,,,,,,
145,Iván Villar,"€ 19,038","€ 990,000",,"Jul 1, 2019","Jun 30, 2023",1.0,"€ 990,000",,K,,25.0,Starter,Spain,,,Celta Vigo,La Liga,2022-2023,GK,,,,,,,,,,,,
146,Kevin Vázquez,"€ 18,462","€ 960,000",,"Jul 1, 2018","Jun 30, 2023",1.0,"€ 960,000",,D,,29.0,Reserve,Spain,,,Celta Vigo,La Liga,2022-2023,RB,,,,,,,,,,,,
147,Fran Beltrán,"€ 17,308","€ 900,000",,"Jan 13, 2022","Jun 30, 2026",4.0,"€ 3,600,000",,M,,23.0,Starter,Spain,,,Celta Vigo,La Liga,2022-2023,CM,,,,,,,,,,,,
148,Gonçalo Paciência,"€ 15,000","€ 780,000",,"Aug 6, 2022","Jun 30, 2025",3.0,"€ 2,340,000",,F,,28.0,Reserve,Portugal,,,Celta Vigo,La Liga,2022-2023,CF,,,,,,,,,,,,
149,Jörgen Strand Larsen,"€ 8,654","€ 450,000",,"Sep 1, 2022","Jun 30, 2028",6.0,"€ 2,700,000",,F,,22.0,Starter,Norway,,,Celta Vigo,La Liga,2022-2023,CF,,,,,,,,,,,,
150,Carlos Domínguez,"€ 5,769","€ 300,000",,"Jan 11, 2022","Jun 30, 2026",4.0,"€ 1,200,000",,D,,21.0,Reserve,Spain,,,Celta Vigo,La Liga,2022-2023,CB,,,,,,,,,,,,
151,Luca de la Torre,"€ 5,192","€ 270,000",,"Jul 8, 2022","Jun 30, 2026",4.0,"€ 1,080,000",,M,,24.0,Starter,United States,,,Celta Vigo,La Liga,2022-2023,CM,,,,,,,,,,,,
152,Renato Tapia,"€ 5,000","€ 260,000",,"Aug 4, 2020","Jun 30, 2024",2.0,"€ 520,000",,M,,27.0,Starter,Peru,,,Celta Vigo,La Liga,2022-2023,DM,,,,,,,,,,,,
153,Williot Swedberg,"€ 4,615","€ 240,000",,"Jul 1, 2022","Jun 30, 2027",5.0,"€ 1,200,000",,F,,19.0,Reserve,Sweden,,,Celta Vigo,La Liga,2022-2023,AM,,,,,,,,,,,,
154,Gabri Veiga,€ 0,€ 0,,"Jul 1, 2022","Jun 30, 2026",4.0,€ 0,"€ 40,000,000",F,,20.0,Starter,Spain,,,Celta Vigo,La Liga,2022-2023,AM,,,,,,,,,,,,
155,Haris Seferovic,€ 0,€ 0,,"Jan 31, 2023","Jun 30, 2023",1.0,€ 0,,F,,30.0,Reserve,Switzerland,,,Celta Vigo,La Liga,2022-2023,CF,,,,,,,,,,,,
156,Total,"€ 530,769","€ 27,600,000",€ 0,,,,"€ 61,030,000","€ 58,000,000",,,,,,,,Celta Vigo,La Liga,2022-2023,,,,,,,,,,,,,
157,Álex Collado,"€ 57,692","€ 3,000,000",,"Aug 15, 2022",,,"€ 3,000,000",,F,,23.0,Reserve,Spain,,,Elche,La Liga,2022-2023,RW,,"Jun 30, 2023",1.0,,,,,,,,,
158,Ezequiel Ponce,"€ 34,615","€ 1,800,000",,"Jul 1, 2022",,,"€ 7,200,000",,F,,25.0,Starter,Argentina,,,Elche,La Liga,2022-2023,CF,,"Jun 30, 2026",4.0,,,,,,,,,
159,Carlos Clerc,"€ 20,769","€ 1,080,000",,"Jul 21, 2022",,,"€ 2,160,000",,D,,30.0,Starter,Spain,,,Elche,La Liga,2022-2023,LB,,"Jun 30, 2024",2.0,,,,,,,,,
160,Pol Lirola,"€ 19,231","€ 1,000,000",,"Aug 12, 2022",,,"€ 1,000,000",,D,,25.0,Reserve,Spain,,,Elche,La Liga,2022-2023,RB,,"Jun 30, 2023",1.0,,,,,,,,,
161,Omar Mascarell,"€ 15,769","€ 820,000",,"Jul 8, 2022",,,"€ 2,460,000",,M,,29.0,Starter,Spain,,,Elche,La Liga,2022-2023,DM,,"Jun 30, 2025",3.0,,,,,,,,,
162,Édgar Badía,"€ 12,500","€ 650,000",,"Aug 10, 2022",,,"€ 1,950,000",,K,,30.0,Starter,Spain,,,Elche,La Liga,2022-2023,GK,,"Jun 30, 2025",3.0,,,,,,,,,
163,Fidel,"€ 11,923","€ 620,000",,"Oct 21, 2021",,,"€ 1,240,000",,F,,33.0,Reserve,Spain,,,Elche,La Liga,2022-2023,LW,,"Jun 30, 2024",2.0,,,,,,,,,
164,José Ángel Carmona,"€ 10,385","€ 540,000",,"Jan 11, 2023",,,"€ 540,000",,D,,21.0,Starter,Spain,,,Elche,La Liga,2022-2023,RB,,"Jun 30, 2023",1.0,,,,,,,,,
165,Raúl Guti,"€ 9,038","€ 470,000",,"Sep 20, 2020",,,"€ 1,410,000",,M,,26.0,Reserve,Spain,,,Elche,La Liga,2022-2023,CM,,"Jun 30, 2025",3.0,,,,,,,,,
166,Pere Milla,"€ 6,538","€ 340,000",,"Jul 2, 2022",,,"€ 1,020,000",,F,,30.0,Starter,Spain,,,Elche,La Liga,2022-2023,LW,,"Jun 30, 2025",3.0,,,,,,,,,
167,Lucas Boyé,"€ 6,154","€ 320,000",,"Jul 1, 2021",,,"€ 640,000",,F,,26.0,Starter,Argentina,,,Elche,La Liga,2022-2023,CF,,"Jun 30, 2024",2.0,,,,,,,,,
168,Tete Morente,"€ 5,577","€ 290,000",,"Sep 16, 2020",,,"€ 580,000",,F,,26.0,Reserve,Spain,,,Elche,La Liga,2022-2023,LW,,"Jun 30, 2024",2.0,,,,,,,,,
169,Nicolás Fernández Mercau,"€ 4,615","€ 240,000",,"Sep 1, 2022",,,"€ 1,200,000",,D,,23.0,Reserve,Argentina,,,Elche,La Liga,2022-2023,LB,,"Jun 30, 2027",5.0,,,,,,,,,
170,Randy Nteka,"€ 4,423","€ 230,000",,"Jan 31, 2023",,,"€ 230,000",,F,,25.0,Reserve,France,,,Elche,La Liga,2022-2023,AM,,"Jun 30, 2023",1.0,,,,,,,,,
171,Axel Werner,"€ 4,038","€ 210,000",,"Sep 1, 2021",,,"€ 210,000",,K,,26.0,Reserve,Argentina,,,Elche,La Liga,2022-2023,GK,,"Jun 30, 2023",1.0,,,,,,,,,
172,Pedro Bigas,"€ 4,038","€ 210,000",,"Jul 7, 2021",,,"€ 210,000",,D,,32.0,Reserve,Spain,,,Elche,La Liga,2022-2023,CB,,"Jun 30, 2023",1.0,,,,,,,,,
173,Gerard Gumbau,"€ 4,038","€ 210,000",,"Aug 31, 2021",,,"€ 210,000",,M,,28.0,Starter,Spain,,,Elche,La Liga,2022-2023,DM,,"Jun 30, 2023",1.0,,,,,,,,,
174,John Nwankwo,"€ 3,077","€ 160,000",,"Jul 1, 2022",,,"€ 480,000",,D,,22.0,Reserve,Spain,,,Elche,La Liga,2022-2023,CB,,"Jun 30, 2025",3.0,,,,,,,,,
175,Gonzalo Verdú,"€ 2,981","€ 155,000",,"Aug 5, 2021",,,"€ 155,000",,D,,34.0,Reserve,Spain,,,Elche,La Liga,2022-2023,CB,,"Jun 30, 2023",1.0,,,,,,,,,
176,Helibelton Palacios,"€ 2,981","€ 155,000",,"Feb 4, 2021",,,"€ 155,000",,D,,29.0,Starter,Colombia,,,Elche,La Liga,2022-2023,RB,,"Jun 30, 2023",1.0,,,,,,,,,
177,Josan,"€ 2,981","€ 155,000",,"Mar 29, 2022",,,"€ 155,000",,F,,33.0,Reserve,Spain,,,Elche,La Liga,2022-2023,RW,,"Jun 30, 2023",1.0,,,,,,,,,
178,Enzo Roco,"€ 2,981","€ 155,000",,"Jul 9, 2021",,,"€ 155,000",,D,,30.0,Starter,Chile,,,Elche,La Liga,2022-2023,CB,,"Jun 30, 2023",1.0,,,,,,,,,
179,Diego González,"€ 2,981","€ 155,000",,"Jun 14, 2022",,,"€ 310,000",,D,,28.0,Reserve,Spain,,,Elche,La Liga,2022-2023,CB,,"Jun 30, 2024",2.0,,,,,,,,,
180,Lautaro Blanco,€ 0,€ 0,,"Aug 5, 2022",,,€ 0,,D,,23.0,Reserve,Argentina,,,Elche,La Liga,2022-2023,LB,,"Jun 30, 2027",5.0,,,,,,,,,
181,Lisandro Magallán,€ 0,€ 0,,"Jan 5, 2023",,,€ 0,,D,,29.0,Starter,Argentina,,,Elche,La Liga,2022-2023,CB,,"Jun 30, 2023",1.0,,,,,,,,,
182,Total,"€ 249,325","€ 12,965,000",€ 0,,,,"€ 26,670,000",€ 0,,,,,,,,Elche,La Liga,2022-2023,,,,,,,,,,,,,
183,Denis Suárez,"€ 90,000","€ 4,680,000",,"Jan 31, 2023","Jun 30, 2023",1.0,"€ 4,680,000",,F,,29.0,Reserve,Spain,,,Espanyol,La Liga,2022-2023,,,,,,AM,,,,,,,
184,Martin Braithwaite,"€ 51,923","€ 2,700,000",,"Sep 1, 2022","Jun 30, 2025",3.0,"€ 8,100,000",,F,,31.0,Starter,Denmark,,,Espanyol,La Liga,2022-2023,,,,,,CF,,,,,,,
185,Sergi Darder,"€ 44,038","€ 2,290,000",,"Aug 25, 2022","Jun 30, 2026",4.0,"€ 9,160,000",,M,,29.0,Starter,Spain,,,Espanyol,La Liga,2022-2023,,,,,,CM,,,,,,,
186,Leandro Cabrera,"€ 28,462","€ 1,480,000",,"Jan 20, 2020","Jun 30, 2024",2.0,"€ 2,960,000",,D,,31.0,Starter,Uruguay,,,Espanyol,La Liga,2022-2023,,,,,,CB,,,,,,,
187,Joselu,"€ 23,077","€ 1,200,000",,"Jul 1, 2022","Jun 30, 2025",3.0,"€ 3,600,000",,F,,32.0,Reserve,Spain,,,Espanyol,La Liga,2022-2023,,,,,,CF,,,,,,,
188,Fernando Calero,"€ 19,038","€ 990,000",,"Aug 9, 2019","Jun 30, 2024",2.0,"€ 1,980,000",,D,,27.0,Starter,Spain,,,Espanyol,La Liga,2022-2023,,,,,,CB,,,,,,,
189,Adrià Pedrosa,"€ 18,462","€ 960,000",,"May 22, 2019","Jun 30, 2023",1.0,"€ 960,000",,D,,24.0,Reserve,Spain,,,Espanyol,La Liga,2022-2023,,,,,,LB,,,,,,,
190,Edu Expósito,"€ 13,846","€ 720,000",,"Aug 8, 2022","Jun 30, 2027",5.0,"€ 3,600,000",,M,,26.0,Reserve,Spain,,,Espanyol,La Liga,2022-2023,,,,,,CM,,,,,,,
191,Keidi Bare,"€ 13,462","€ 700,000",,"Sep 22, 2020","Jun 30, 2024",2.0,"€ 1,400,000",,M,,25.0,Reserve,Albania,,,Espanyol,La Liga,2022-2023,,,,,,CM,,,,,,,
192,Sergi Gómez,"€ 12,500","€ 650,000",,"Jul 28, 2021","Jun 30, 2024",2.0,"€ 1,300,000",,D,,30.0,Reserve,Spain,,,Espanyol,La Liga,2022-2023,,,,,,CB,,,,,,,
193,Dani Gómez,"€ 12,500","€ 650,000",,"Aug 22, 2022","Jun 30, 2023",1.0,"€ 650,000",,F,,24.0,Reserve,Spain,,,Espanyol,La Liga,2022-2023,,,,,,CF,,,,,,,
194,Brian Oliván,"€ 10,385","€ 540,000",,"Jul 1, 2022","Jun 30, 2025",3.0,"€ 1,620,000",,D,,28.0,Starter,Spain,,,Espanyol,La Liga,2022-2023,,,,,,LB,,,,,,,
195,Óscar Gil,"€ 10,000","€ 520,000",,"Sep 7, 2020","Jun 30, 2024",2.0,"€ 1,040,000",,D,,24.0,Starter,Spain,,,Espanyol,La Liga,2022-2023,,,,,,RB,,,,,,,
196,Javi Puado,"€ 9,615","€ 500,000",,"Jul 11, 2021","Jun 30, 2025",3.0,"€ 1,500,000",,F,,24.0,Starter,Spain,,,Espanyol,La Liga,2022-2023,,,,,,LW,,,,,,,
197,José Gragera,"€ 9,231","€ 480,000",,"Jan 31, 2023","Jun 30, 2028",6.0,"€ 2,880,000",,M,,22.0,Reserve,Spain,,,Espanyol,La Liga,2022-2023,,,,,,CM,,,,,,,
198,Nico Melamed,"€ 8,846","€ 460,000",,"Oct 8, 2020","Jun 30, 2024",2.0,"€ 920,000",,F,,21.0,Starter,Spain,,,Espanyol,La Liga,2022-2023,,,,,,LW,,,,,,,
199,José Carlos Lazo,"€ 8,077","€ 420,000",,"Aug 24, 2022","Jun 30, 2027",5.0,"€ 2,100,000",,F,,26.0,Reserve,Spain,,,Espanyol,La Liga,2022-2023,,,,,,LW,,,,,,,
200,Vinicius Souza,"€ 8,077","€ 420,000",,"Jul 8, 2022","Jun 30, 2023",1.0,"€ 420,000",,M,,23.0,Starter,Brazil,,,Espanyol,La Liga,2022-2023,,,,,,DM,,,,,,,
201,Álvaro Fernández,"€ 7,500","€ 390,000",,"Aug 31, 2022","Jun 30, 2023",1.0,"€ 390,000",,K,,24.0,Starter,Spain,,,Espanyol,La Liga,2022-2023,,,,,,GK,,,,,,,
202,Aleix Vidal,"€ 4,231","€ 220,000",,"Aug 18, 2021","Jun 30, 2023",1.0,"€ 220,000",,D,,33.0,Starter,Spain,,,Espanyol,La Liga,2022-2023,,,,,,RB,,,,,,,
203,Joan García,"€ 3,846","€ 200,000",,"Jul 1, 2021","Jun 30, 2025",3.0,"€ 600,000",,K,,21.0,Reserve,Spain,,,Espanyol,La Liga,2022-2023,,,,,,GK,,,,,,,
204,Ronaël Pierre-Gabriel,€ 0,€ 0,,"Jan 18, 2023","Jun 30, 2023",1.0,€ 0,,D,,24.0,Reserve,France,,,Espanyol,La Liga,2022-2023,,,,,,RB,,,,,,,
205,Rubén Sánchez,€ 0,€ 0,,"Jul 1, 2022","Jun 30, 2024",2.0,€ 0,,D,,21.0,Reserve,Spain,,,Espanyol,La Liga,2022-2023,,,,,,RB,,,,,,,
206,Simo Keddari,€ 0,€ 0,,"Jul 1, 2022","Jun 30, 2026",4.0,€ 0,,D,,17.0,Reserve,Spain,,,Espanyol,La Liga,2022-2023,,,,,,CB,,,,,,,
207,Fernando Pacheco,€ 0,€ 0,,"Jan 31, 2023","Jun 30, 2026",4.0,€ 0,,K,,30.0,Reserve,Spain,,,Espanyol,La Liga,2022-2023,,,,,,GK,,,,,,,
208,Omar El Hilali,€ 0,€ 0,,"Jul 1, 2022","Jun 30, 2023",1.0,€ 0,,D,,19.0,Reserve,Morocco,,,Espanyol,La Liga,2022-2023,,,,,,RB,,,,,,,
209,César Montes,€ 0,€ 0,,"Jan 1, 2023","Jun 30, 2028",6.0,€ 0,,D,,25.0,Reserve,Mexico,,,Espanyol,La Liga,2022-2023,,,,,,CB,,,,,,,
210,Total,"€ 407,116","€ 21,170,000",€ 0,,,,"€ 50,080,000",€ 0,,,,,,,,Espanyol,La Liga,2022-2023,,,,,,,,,,,,,
211,Munir El Haddadi,"€ 100,962","€ 5,250,000",,"Aug 31, 2022",,,"€ 5,250,000",,F,,27.0,Reserve,Morocco,,,Getafe,La Liga,2022-2023,,,"Jun 30, 2023",1.0,,,CF,,,,,,
212,Borja Mayoral,"€ 92,115","€ 4,790,000",,"Aug 1, 2022",,,"€ 23,950,000","€ 20,000,000",F,,25.0,Starter,Spain,,,Getafe,La Liga,2022-2023,,,"Jun 30, 2027",5.0,,,CF,,,,,,
213,Gonzalo Villar,"€ 48,077","€ 2,500,000",,"Jan 13, 2023",,,"€ 2,500,000",,M,,24.0,Starter,Spain,,,Getafe,La Liga,2022-2023,,,"Jun 30, 2023",1.0,,,CM,,,,,,
214,Kiko Casilla,"€ 46,154","€ 2,400,000",,"Aug 10, 2022",,,"€ 2,400,000",,K,,36.0,Reserve,Spain,,,Getafe,La Liga,2022-2023,,,"Jun 30, 2023",1.0,,,GK,,,,,,
215,Djené,"€ 42,308","€ 2,200,000",,"Jul 24, 2017",,,"€ 2,200,000",,D,,31.0,Reserve,Togo,,,Getafe,La Liga,2022-2023,,,"Jun 30, 2023",1.0,,,CB,,,,,,
216,Jaime Mata,"€ 41,154","€ 2,140,000",,"Jan 6, 2021",,,"€ 4,280,000",,F,,34.0,Reserve,Spain,,,Getafe,La Liga,2022-2023,,,"Jun 30, 2024",2.0,,,CF,,,,,,
217,Portu,"€ 40,577","€ 2,110,000",,"Jul 1, 2022",,,"€ 2,110,000",,F,,30.0,Reserve,Spain,,,Getafe,La Liga,2022-2023,,,"Jun 30, 2023",1.0,,,RW,,,,,,
218,Nemanja Maksimović,"€ 40,000","€ 2,080,000",,"Jul 16, 2018",,,"€ 4,160,000",,M,,28.0,Reserve,Serbia,,,Getafe,La Liga,2022-2023,,,"Jun 30, 2024",2.0,,,CM,,,,,,
219,Gastón Álvarez,"€ 34,615","€ 1,800,000",,"Jan 28, 2022",,,"€ 1,800,000",,D,,22.0,Starter,Uruguay,,,Getafe,La Liga,2022-2023,,,"Jun 30, 2023",1.0,,,CB,,,,,,
220,Mauro Arambarri,"€ 29,423","€ 1,530,000",,"Feb 6, 2023",,,"€ 1,530,000",,M,,27.0,Starter,Uruguay,,,Getafe,La Liga,2022-2023,,,"Jun 30, 2023",1.0,,,CM,,,,,,
221,David Soria,"€ 29,038","€ 1,510,000",,"May 25, 2021",,,"€ 1,510,000",,K,,29.0,Starter,Spain,,,Getafe,La Liga,2022-2023,,,"Jun 30, 2023",1.0,,,GK,,,,,,
222,Omar Alderete,"€ 23,077","€ 1,200,000",,"Aug 19, 2022",,,"€ 1,200,000",,D,,26.0,Starter,Paraguay,,,Getafe,La Liga,2022-2023,,,"Jun 30, 2023",1.0,,,CB,,,,,,
223,Domingos Duarte,"€ 20,769","€ 1,080,000",,"Jul 11, 2022",,,"€ 4,320,000",,D,,27.0,Starter,Portugal,,,Getafe,La Liga,2022-2023,,,"Jun 30, 2026",4.0,,,CB,,,,,,
224,Jordan Amavi,"€ 19,615","€ 1,020,000",,"Sep 1, 2022",,,"€ 1,020,000",,D,,28.0,Reserve,France,,,Getafe,La Liga,2022-2023,,,"Jun 30, 2023",1.0,,,LB,,,,,,
225,Enes Ünal,"€ 16,538","€ 860,000",,"Aug 12, 2020",,,"€ 2,580,000",,F,,25.0,Starter,Turkey,,,Getafe,La Liga,2022-2023,,,"Jun 30, 2025",3.0,,,CF,,,,,,
226,Luis Milla,"€ 15,000","€ 780,000",,"Jul 25, 2022",,,"€ 3,900,000",,M,,28.0,Starter,Spain,,,Getafe,La Liga,2022-2023,,,"Jun 30, 2027",5.0,,,CM,,,,,,
227,Carles Aleñá,"€ 12,115","€ 630,000",,"Jul 10, 2021",,,"€ 2,520,000",,M,,25.0,Starter,Spain,,,Getafe,La Liga,2022-2023,,,"Jun 30, 2026",4.0,,,CM,,,,,,
228,Damián Suárez,"€ 11,923","€ 620,000",,"May 20, 2022",,,"€ 620,000",,D,,34.0,Reserve,Uruguay,,,Getafe,La Liga,2022-2023,,,"Jun 30, 2023",1.0,,,RB,,,,,,
229,Fabrizio Angileri,"€ 11,538","€ 600,000",,"Jul 14, 2022",,,"€ 2,400,000",,D,,28.0,Reserve,Argentina,,,Getafe,La Liga,2022-2023,,,"Jun 30, 2026",4.0,,,LB,,,,,,
230,Jaime Seoane,"€ 10,385","€ 540,000",,"Jul 1, 2022",,,"€ 1,620,000",,M,,26.0,Starter,Spain,,,Getafe,La Liga,2022-2023,,,"Jun 30, 2025",3.0,,,CM,,,,,,
231,Stefan Mitrović,"€ 4,808","€ 250,000",,"Jul 6, 2021",,,"€ 500,000",,D,,32.0,Reserve,Serbia,,,Getafe,La Liga,2022-2023,,,"Jun 30, 2024",2.0,,,CB,,,,,,
232,Juanmi Latasa,"€ 4,038","€ 210,000",,"Aug 26, 2022",,,"€ 210,000",,F,,21.0,Reserve,Spain,,,Getafe,La Liga,2022-2023,,,"Jun 30, 2023",1.0,,,CF,,,,,,
233,Juan Iglesias,"€ 3,462","€ 180,000",,"Aug 19, 2021",,,"€ 720,000",,D,,24.0,Reserve,Spain,,,Getafe,La Liga,2022-2023,,,"Jun 30, 2026",4.0,,,RB,,,,,,
234,Ángel Algobia,"€ 3,462","€ 180,000",,"Aug 11, 2022",,,"€ 180,000",,M,,23.0,Reserve,Spain,,,Getafe,La Liga,2022-2023,,,"Jun 30, 2023",1.0,,,DM,,,,,,
235,Diego Conde,"€ 2,981","€ 155,000",,"Jul 28, 2021",,,"€ 310,000",,K,,24.0,Reserve,Spain,,,Getafe,La Liga,2022-2023,,,"Jun 30, 2024",2.0,,,GK,,,,,,
236,Total,"€ 704,134","€ 36,615,000",€ 0,,,,"€ 73,790,000","€ 20,000,000",,,,,,,,Getafe,La Liga,2022-2023,,,,,,,,,,,,,
237,David López,"€ 69,231","€ 3,600,000",,"Jul 25, 2022",,,"€ 3,600,000",,D,,33.0,Reserve,Spain,,,Girona,La Liga,2022-2023,CB,,"Jun 30, 2023",1.0,,,,,,,,,
238,Oriol Romeu,"€ 57,692","€ 3,000,000",,"Sep 1, 2022",,,"€ 9,000,000",,M,,31.0,Starter,Spain,,,Girona,La Liga,2022-2023,DM,,"Jun 30, 2025",3.0,,,,,,,,,
239,Yangel Herrera,"€ 20,769","€ 1,080,000",,"Aug 2, 2022",,,"€ 1,080,000",,M,,25.0,Reserve,Venezuela,,,Girona,La Liga,2022-2023,CM,,"Jun 30, 2023",1.0,,,,,,,,,
240,Iván Martín,"€ 20,000","€ 1,040,000",,"Jan 27, 2022",,,"€ 1,040,000",,F,,23.0,Starter,Spain,,,Girona,La Liga,2022-2023,AM,,"Jun 30, 2023",1.0,,,,,,,,,
241,Valentín Castellanos,"€ 17,500","€ 910,000",,"Jul 25, 2022",,,"€ 910,000",,F,,24.0,Starter,Argentina,,,Girona,La Liga,2022-2023,CF,,"Jun 30, 2023",1.0,,,,,,,,,
242,Paulo Gazzaniga,"€ 15,577","€ 810,000",,"Sep 1, 2022",,,"€ 810,000",,K,,31.0,Starter,Argentina,,,Girona,La Liga,2022-2023,GK,,"Jun 30, 2023",1.0,,,,,,,,,
243,Miguel Gutiérrez,"€ 15,000","€ 780,000",,"Aug 5, 2022",,,"€ 3,900,000","€ 40,000,000",D,,21.0,Starter,Spain,,,Girona,La Liga,2022-2023,LB,,"Jun 30, 2027",5.0,,,,,,,,,
244,Reinier,"€ 11,538","€ 600,000",,"Aug 19, 2022",,,"€ 600,000",,F,,21.0,Reserve,Brazil,,,Girona,La Liga,2022-2023,AM,,"Jun 30, 2023",1.0,,,,,,,,,
245,Toni Villa,"€ 10,385","€ 540,000",,"Sep 1, 2022",,,"€ 1,620,000",,F,,28.0,Starter,Spain,,,Girona,La Liga,2022-2023,LW,,"Jun 30, 2025",3.0,,,,,,,,,
246,Yan Couto,"€ 9,231","€ 480,000",,"Jul 25, 2022",,,"€ 480,000",,D,,20.0,Reserve,Brazil,,,Girona,La Liga,2022-2023,RB,,"Jun 30, 2023",1.0,,,,,,,,,
247,Rodrigo Riquelme,"€ 7,500","€ 390,000",,"Aug 1, 2022",,,"€ 390,000",,F,,22.0,Reserve,Spain,,,Girona,La Liga,2022-2023,RW,,"Jun 30, 2023",1.0,,,,,,,,,
248,Juan Carlos,"€ 7,115","€ 370,000",,"Jun 29, 2021",,,"€ 370,000",,K,,35.0,Reserve,Spain,,,Girona,La Liga,2022-2023,GK,,"Jun 30, 2023",1.0,,,,,,,,,
249,Borja García,"€ 5,962","€ 310,000",,"Sep 3, 2021",,,"€ 310,000",,F,,32.0,Starter,Spain,,,Girona,La Liga,2022-2023,AM,,"Jun 30, 2023",1.0,,,,,,,,,
250,Cristhian Stuani,"€ 5,577","€ 290,000",,"Jul 21, 2017",,,"€ 1,160,000",,F,,36.0,Reserve,Uruguay,,,Girona,La Liga,2022-2023,CF,,"Jun 30, 2026",4.0,,,,,,,,,
251,Juanpe,"€ 5,577","€ 290,000",,"Jul 7, 2016",,,"€ 290,000",,D,,31.0,Reserve,Spain,,,Girona,La Liga,2022-2023,CB,,"Jun 30, 2023",1.0,,,,,,,,,
252,Bernardo Espinosa,"€ 4,808","€ 250,000",,"Jul 7, 2017",,,"€ 250,000",,D,,33.0,Starter,Colombia,,,Girona,La Liga,2022-2023,CB,,"Jun 30, 2023",1.0,,,,,,,,,
253,Javi Hernández,"€ 4,038","€ 210,000",,"Aug 19, 2022",,,"€ 210,000",,D,,24.0,Reserve,Spain,,,Girona,La Liga,2022-2023,LB,,"Jun 30, 2023",1.0,,,,,,,,,
254,Ibrahima Kébé,"€ 3,462","€ 180,000",,"Aug 31, 2021",,,"€ 360,000",,M,,22.0,Reserve,Mali,,,Girona,La Liga,2022-2023,DM,,"Jun 30, 2024",2.0,,,,,,,,,
255,Arnau Martínez,"€ 3,077","€ 160,000",,"Jan 3, 2022",,,"€ 480,000",,D,,19.0,Starter,Spain,,,Girona,La Liga,2022-2023,RB,,"Jun 30, 2025",3.0,,,,,,,,,
256,Toni Fuidias,"€ 3,077","€ 160,000",,"Sep 1, 2022",,,"€ 480,000",,K,,21.0,Reserve,Spain,,,Girona,La Liga,2022-2023,GK,,"Jun 30, 2025",3.0,,,,,,,,,
257,Valery Fernández,"€ 2,981","€ 155,000",,"Feb 8, 2023",,,"€ 155,000",,F,,23.0,Reserve,Spain,,,Girona,La Liga,2022-2023,RW,,"Jun 30, 2023",1.0,,,,,,,,,
258,Santiago Bueno,"€ 2,981","€ 155,000",,"Jan 23, 2023",,,"€ 620,000",,D,,24.0,Starter,Uruguay,,,Girona,La Liga,2022-2023,CB,,"Jun 30, 2026",4.0,,,,,,,,,
259,Aleix García,"€ 2,981","€ 155,000",,"Jul 23, 2021",,,"€ 155,000",,M,,25.0,Starter,Spain,,,Girona,La Liga,2022-2023,CM,,"Jun 30, 2023",1.0,,,,,,,,,
260,Alexander Callens,€ 0,€ 0,,"Jan 23, 2023",,,€ 0,,D,,30.0,Reserve,Peru,,,Girona,La Liga,2022-2023,CB,,"Jun 30, 2025",3.0,,,,,,,,,
261,Viktor Tsyhankov,€ 0,€ 0,,"Jan 17, 2023",,,€ 0,,F,,25.0,Reserve,Ukraine,,,Girona,La Liga,2022-2023,RW,,"Jun 30, 2027",5.0,,,,,,,,,
262,Total,"€ 306,059","€ 15,915,000",€ 0,,,,"€ 28,270,000","€ 40,000,000",,,,,,,,Girona,La Liga,2022-2023,,,,,,,,,,,,,
263,Vedat Muriqi,"€ 88,077","€ 4,580,000",,"Jul 22, 2022",,,"€ 22,900,000",,F,,28.0,Starter,Kosovo,,,Mallorca,La Liga,2022-2023,,,,5.0,,CF,,"Jun 30, 2027",,,,,
264,Rodrigo Battaglia,"€ 25,385","€ 1,320,000",,"Jul 29, 2022",,,"€ 2,640,000",,M,,31.0,Reserve,Argentina,,,Mallorca,La Liga,2022-2023,,,,2.0,,DM,,"Jun 30, 2024",,,,,
265,Manu Morlanes,"€ 25,192","€ 1,310,000",,"Jan 31, 2023",,,"€ 1,310,000",,M,,24.0,Reserve,Spain,,,Mallorca,La Liga,2022-2023,,,,1.0,,CM,,"Jun 23, 2023",,,,,
266,Tino Kadewere,"€ 20,769","€ 1,080,000",,"Aug 29, 2022",,,"€ 1,080,000",,F,,27.0,Reserve,Zimbabwe,,,Mallorca,La Liga,2022-2023,,,,1.0,,CF,,"Jun 30, 2023",,,,,
267,Ludwig Augustinsson,"€ 20,577","€ 1,070,000",,"Jan 30, 2023",,,"€ 1,070,000",,D,,28.0,Starter,Sweden,,,Mallorca,La Liga,2022-2023,,,,1.0,,LB,,"Jun 30, 2023",,,,,
268,Pablo Maffeo,"€ 18,846","€ 980,000",,"Jun 10, 2022",,,"€ 3,920,000",,D,,25.0,Starter,Spain,,,Mallorca,La Liga,2022-2023,,,,4.0,,RB,,"Jun 30, 2026",,,,,
269,Predrag Rajković,"€ 16,154","€ 840,000",,"Jul 22, 2022",,,"€ 3,360,000",,K,,27.0,Starter,Serbia,,,Mallorca,La Liga,2022-2023,,,,4.0,,GK,,"Jun 30, 2026",,,,,
270,Iddrisu Baba,"€ 15,769","€ 820,000",,"Jul 22, 2019",,,"€ 1,640,000",,M,,27.0,Starter,Ghana,,,Mallorca,La Liga,2022-2023,,,,2.0,,CM,,"Jun 30, 2024",,,,,
271,Giovanni González,"€ 15,385","€ 800,000",,"Jan 29, 2022",,,"€ 1,600,000",,D,,28.0,Reserve,Uruguay,,,Mallorca,La Liga,2022-2023,,,,2.0,,RB,,"Jun 30, 2024",,,,,
272,Antonio Raíllo,"€ 15,000","€ 780,000",,"Jun 29, 2020",,,"€ 1,560,000",,D,,31.0,Starter,Spain,,,Mallorca,La Liga,2022-2023,,,,2.0,,CB,,"Jun 30, 2024",,,,,
273,Martin Valjent,"€ 13,462","€ 700,000",,"Feb 23, 2021",,,"€ 2,100,000",,D,,27.0,Starter,Slovakia,,,Mallorca,La Liga,2022-2023,,,,3.0,,CB,,"Jun 30, 2025",,,,,
274,Iñigo Ruiz de Galarreta,"€ 12,692","€ 660,000",,"Sep 1, 2019",,,"€ 660,000",,M,,29.0,Starter,Spain,,,Mallorca,La Liga,2022-2023,,,,1.0,,CM,,"Jun 30, 2023",,,,,
275,Clément Grenier,"€ 10,385","€ 540,000",,"Jun 15, 2022",,,"€ 1,080,000",,M,,32.0,Reserve,France,,,Mallorca,La Liga,2022-2023,,,,2.0,,CM,,"Jun 30, 2024",,,,,
276,Dani Rodríguez,"€ 8,462","€ 440,000",,"Jun 1, 2022",,,"€ 880,000",,F,,34.0,Starter,Spain,,,Mallorca,La Liga,2022-2023,,,,2.0,,AM,,"Jun 30, 2024",,,,,
277,Amath Ndiaye,"€ 8,077","€ 420,000",,"Jul 1, 2021",,,"€ 1,260,000",,F,,26.0,Reserve,Senegal,,,Mallorca,La Liga,2022-2023,,,,3.0,,LW,,"Jun 30, 2025",,,,,
278,Antonio Sánchez,"€ 7,500","€ 390,000",,"Jun 9, 2021",,,"€ 780,000",,M,,25.0,Reserve,Spain,,,Mallorca,La Liga,2022-2023,,,,2.0,,CM,,"Jun 30, 2024",,,,,
279,Matija Nastasić,"€ 6,923","€ 360,000",,"Sep 1, 2022",,,"€ 360,000",,D,,29.0,Starter,Serbia,,,Mallorca,La Liga,2022-2023,,,,1.0,,CB,,"Jun 30, 2023",,,,,
280,Ángel Rodríguez,"€ 6,538","€ 340,000",,"Jul 2, 2021",,,"€ 340,000",,F,,35.0,Reserve,Spain,,,Mallorca,La Liga,2022-2023,,,,1.0,,CF,,"Jun 30, 2023",,,,,
281,Jaume Costa,"€ 6,346","€ 330,000",,"Jul 7, 2021",,,"€ 330,000",,D,,34.0,Reserve,Spain,,,Mallorca,La Liga,2022-2023,,,,1.0,,LB,,"Jun 30, 2023",,,,,
282,Dominik Greif,"€ 5,769","€ 300,000",,"Jul 6, 2021",,,"€ 1,200,000",,K,,25.0,Reserve,Slovakia,,,Mallorca,La Liga,2022-2023,,,,4.0,,GK,,"Jun 30, 2026",,,,,
283,Leo Román,"€ 5,192","€ 270,000",,"Jul 12, 2022",,,"€ 1,080,000",,K,,22.0,Reserve,Spain,,,Mallorca,La Liga,2022-2023,,,,4.0,,GK,,"Jun 30, 2026",,,,,
284,Kang-in Lee,"€ 4,808","€ 250,000",,"Aug 30, 2021",,,"€ 750,000","€ 30,000,000",F,,21.0,Starter,South Korea,,,Mallorca,La Liga,2022-2023,,,,3.0,,AM,,"Jun 30, 2025",,,,,
285,Abdón Prats,"€ 4,423","€ 230,000",,"May 11, 2021",,,"€ 460,000",,F,,30.0,Reserve,Spain,,,Mallorca,La Liga,2022-2023,,,,2.0,,CF,,"Jun 30, 2024",,,,,
286,José Copete,"€ 4,038","€ 210,000",,"Jul 1, 2022",,,"€ 840,000",,D,,23.0,Reserve,Spain,,,Mallorca,La Liga,2022-2023,,,,4.0,,CB,,"Jun 30, 2026",,,,,
287,Dennis Hadzikadunic,€ 0,€ 0,,"Jan 18, 2023",,,€ 0,,D,,24.0,Reserve,Bosnia-Herzegovina,,,Mallorca,La Liga,2022-2023,,,,1.0,,CB,,"Jun 30, 2023",,,,,
288,Braian Cufré,€ 0,€ 0,,"Sep 28, 2020",,,€ 0,,D,,26.0,Reserve,Argentina,,,Mallorca,La Liga,2022-2023,,,,2.0,,LB,,"Jun 30, 2024",,,,,
289,Total,"€ 365,769","€ 19,020,000",€ 0,,,,"€ 53,200,000","€ 30,000,000",,,,,,,,Mallorca,La Liga,2022-2023,,,,,,,,,,,,,
290,Aitor Fernández,"€ 28,846","€ 1,500,000",,"Jul 2, 2022",,,"€ 4,500,000","€ 14,000,000",K,,31.0,Starter,Spain,,,Osasuna,La Liga,2022-2023,GK,,,,,,,,"Jun 30, 2025",3.0,,,
291,Chimy Ávila,"€ 28,846","€ 1,500,000",,"Mar 15, 2022",,,"€ 6,000,000",,F,,28.0,Starter,Argentina,,,Osasuna,La Liga,2022-2023,CF,,,,,,,,"Jun 30, 2026",4.0,,,
292,Rubén García,"€ 25,962","€ 1,350,000",,"Oct 7, 2020",,,"€ 2,700,000",,F,,29.0,Reserve,Spain,,,Osasuna,La Liga,2022-2023,LW,,,,,,,,"Jun 30, 2024",2.0,,,
293,Manu Sánchez,"€ 24,231","€ 1,260,000",,"Jul 27, 2022",,,"€ 1,260,000",,D,,22.0,Starter,Spain,,,Osasuna,La Liga,2022-2023,LB,,,,,,,,"Jun 30, 2023",1.0,,,
294,Moi Gómez,"€ 22,115","€ 1,150,000",,"Jul 28, 2022",,,"€ 5,750,000","€ 20,000,000",F,,28.0,Starter,Spain,,,Osasuna,La Liga,2022-2023,LW,,,,,,,,"Jun 30, 2027",5.0,,,
295,Unai García,"€ 21,923","€ 1,140,000",,"Dec 7, 2022",,,"€ 3,420,000","€ 20,000,000",D,,30.0,Reserve,Spain,,,Osasuna,La Liga,2022-2023,CB,,,,,,,,"Jun 30, 2025",3.0,,,
296,Nacho Vidal,"€ 19,423","€ 1,010,000",,"Jul 20, 2021",,,"€ 3,030,000",,D,,28.0,Reserve,Spain,,,Osasuna,La Liga,2022-2023,RB,,,,,,,,"Jun 30, 2025",3.0,,,
297,Juan Cruz,"€ 18,462","€ 960,000",,"Dec 13, 2022",,,"€ 3,840,000","€ 15,000,000",D,,30.0,Starter,Spain,,,Osasuna,La Liga,2022-2023,LB,,,,,,,,"Jun 30, 2026",4.0,,,
298,Sergio Herrera,"€ 18,269","€ 950,000",,"Dec 8, 2021",,,"€ 950,000",,K,,29.0,Reserve,Spain,,,Osasuna,La Liga,2022-2023,GK,,,,,,,,"Jun 30, 2023",1.0,,,
299,Darko Brasanac,"€ 14,808","€ 770,000",,"Jan 16, 2021",,,"€ 770,000",,M,,30.0,Reserve,Serbia,,,Osasuna,La Liga,2022-2023,CM,,,,,,,,"Jun 30, 2023",1.0,,,
300,Rubén Peña,"€ 13,846","€ 720,000",,"Jul 1, 2022",,,"€ 2,160,000",,D,,31.0,Reserve,Spain,,,Osasuna,La Liga,2022-2023,RB,,,,,,,,"Jun 30, 2025",3.0,,,
301,Kike García,"€ 12,308","€ 640,000",,"Jul 1, 2021",,,"€ 1,280,000",,F,,33.0,Reserve,Spain,,,Osasuna,La Liga,2022-2023,CF,,,,,,,,"Jun 30, 2024",2.0,,,
302,Ante Budimir,"€ 12,115","€ 630,000",,"Jul 1, 2021",,,"€ 1,890,000",,F,,31.0,Starter,Croatia,,,Osasuna,La Liga,2022-2023,CF,,,,,,,,"Jun 30, 2025",3.0,,,
303,David García,"€ 11,923","€ 620,000",,"May 3, 2021",,,"€ 2,480,000",,D,,28.0,Reserve,Spain,,,Osasuna,La Liga,2022-2023,CB,,,,,,,,"Jun 30, 2026",4.0,,,
304,Aridane Hernández,"€ 11,731","€ 610,000",,"Jul 20, 2020",,,"€ 610,000",,D,,33.0,Starter,Spain,,,Osasuna,La Liga,2022-2023,CB,,,,,,,,"Jun 30, 2023",1.0,,,
305,Jon Moncayola,"€ 9,615","€ 500,000",,"Jun 8, 2021",,,"€ 4,500,000",,M,,24.0,Starter,Spain,,,Osasuna,La Liga,2022-2023,CM,,,,,,,,"Jun 30, 2031",9.0,,,
306,Kike Barja,"€ 8,846","€ 460,000",,"Dec 13, 2021",,,"€ 1,840,000",,F,,25.0,Starter,Spain,,,Osasuna,La Liga,2022-2023,RW,,,,,,,,"Jun 30, 2026",4.0,,,
307,Lucas Torró,"€ 8,654","€ 450,000",,"Jun 9, 2022",,,"€ 2,250,000",,M,,28.0,Starter,Spain,,,Osasuna,La Liga,2022-2023,DM,,,,,,,,"Jun 30, 2027",5.0,,,
308,Aimar Oroz,"€ 6,923","€ 360,000",,"Jul 1, 2022",,,"€ 1,440,000",,F,,21.0,Reserve,Spain,,,Osasuna,La Liga,2022-2023,AM,,,,,,,,"Jun 30, 2026",4.0,,,
309,Pablo Ibáñez,"€ 3,462","€ 180,000",,"Jul 1, 2022",,,"€ 360,000",,M,,24.0,Starter,Spain,,,Osasuna,La Liga,2022-2023,CM,,,,,,,,"Jun 30, 2024",2.0,,,
310,Abde Ezzalzouli,"€ 3,462","€ 180,000",,"Sep 1, 2022",,,"€ 180,000",,F,,21.0,Reserve,Morocco,,,Osasuna,La Liga,2022-2023,LW,,,,,,,,"Jun 30, 2023",1.0,,,
311,Total,"€ 325,770","€ 16,940,000",€ 0,,,,"€ 51,210,000","€ 69,000,000",,,,,,,,Osasuna,La Liga,2022-2023,,,,,,,,,,,,,
312,Raúl de Tomás,"€ 72,115","€ 3,750,000",,"Sep 13, 2022",,,"€ 18,750,000",,F,,28.0,Reserve,Spain,,,Rayo Vallecano,La Liga,2022-2023,,,"Jun 30, 2027",5.0,,,,,,,CF,,
313,Florian Lejeune,"€ 27,500","€ 1,430,000",,"Jul 29, 2022",,,"€ 1,430,000",,D,,31.0,Starter,France,,,Rayo Vallecano,La Liga,2022-2023,,,"Jun 30, 2023",1.0,,,,,,,CB,,
314,Falcao,"€ 23,077","€ 1,200,000",,"Sep 4, 2021",,,"€ 1,200,000",,F,,36.0,Reserve,Colombia,,,Rayo Vallecano,La Liga,2022-2023,,,"Jun 30, 2023",1.0,,,,,,,CF,,
315,Diego López,"€ 17,308","€ 900,000",,"Jul 2, 2022",,,"€ 900,000",,K,,41.0,Reserve,Spain,,,Rayo Vallecano,La Liga,2022-2023,,,"Jun 30, 2023",1.0,,,,,,,GK,,
316,Álvaro García,"€ 15,385","€ 800,000",,"Oct 21, 2021",,,"€ 3,200,000",,F,,30.0,Starter,Spain,,,Rayo Vallecano,La Liga,2022-2023,,,"Jun 30, 2026",4.0,,,,,,,LW,,
317,Abdul Mumin,"€ 14,038","€ 730,000",,"Sep 1, 2022",,,"€ 2,920,000",,D,,24.0,Reserve,Ghana,,,Rayo Vallecano,La Liga,2022-2023,,,"Jun 30, 2026",4.0,,,,,,,CB,,
318,Stole Dimitrievski,"€ 13,462","€ 700,000",,"Jan 27, 2020",,,"€ 1,400,000",,K,,29.0,Starter,North Macedonia,,,Rayo Vallecano,La Liga,2022-2023,,,"Jun 30, 2024",2.0,,,,,,,GK,,
319,Óscar Trejo,"€ 11,923","€ 620,000",,"Oct 6, 2022",,,"€ 1,240,000",,F,,34.0,Starter,Argentina,,,Rayo Vallecano,La Liga,2022-2023,,,"Jun 30, 2024",2.0,,,,,,,AM,,
320,Esteban Saveljich,"€ 11,923","€ 620,000",,"Jul 26, 2019",,,"€ 620,000",,D,,31.0,Reserve,Montenegro,,,Rayo Vallecano,La Liga,2022-2023,,,"Jun 30, 2023",1.0,,,,,,,CB,,
321,José Pozo,"€ 11,538","€ 600,000",,"Jan 5, 2022",,,"€ 1,200,000",,F,,26.0,Reserve,Spain,,,Rayo Vallecano,La Liga,2022-2023,,,"Jun 30, 2024",2.0,,,,,,,AM,,
322,Unai López,"€ 11,346","€ 590,000",,"Jul 1, 2022",,,"€ 1,180,000",,M,,27.0,Reserve,Spain,,,Rayo Vallecano,La Liga,2022-2023,,,"Jun 30, 2024",2.0,,,,,,,CM,,
323,Mario Suárez,"€ 10,962","€ 570,000",,"Jan 31, 2019",,,"€ 570,000",,D,,35.0,Reserve,Spain,,,Rayo Vallecano,La Liga,2022-2023,,,"Jun 30, 2023",1.0,,,,,,,CB,,
324,Sergio Camello,"€ 10,385","€ 540,000",,"Aug 3, 2022",,,"€ 540,000",,F,,21.0,Starter,Spain,,,Rayo Vallecano,La Liga,2022-2023,,,"Jun 30, 2023",1.0,,,,,,,CF,,
325,Santi Comesaña,"€ 10,000","€ 520,000",,"Jul 16, 2016",,,"€ 520,000",,M,,26.0,Starter,Spain,,,Rayo Vallecano,La Liga,2022-2023,,,"Jun 30, 2023",1.0,,,,,,,CM,,
326,Alejandro Catena,"€ 8,462","€ 440,000",,"Jan 16, 2020",,,"€ 440,000",,D,,28.0,Starter,Spain,,,Rayo Vallecano,La Liga,2022-2023,,,"Jun 30, 2023",1.0,,,,,,,CB,,
327,Pep Chavarría,"€ 6,923","€ 360,000",,"Aug 31, 2022",,,"€ 1,800,000",,D,,24.0,Reserve,Spain,,,Rayo Vallecano,La Liga,2022-2023,,,"Jun 30, 2027",5.0,,,,,,,LB,,
328,Salvi Sánchez,"€ 6,923","€ 360,000",,"Jul 1, 2022",,,"€ 720,000",,F,,31.0,Reserve,Spain,,,Rayo Vallecano,La Liga,2022-2023,,,"Jun 30, 2024",2.0,,,,,,,RW,,
329,Pathé Ciss,"€ 6,538","€ 340,000",,"Jul 28, 2021",,,"€ 1,020,000",,M,,28.0,Reserve,Senegal,,,Rayo Vallecano,La Liga,2022-2023,,,"Jun 30, 2025",3.0,,,,,,,CM,,
330,Iván Balliu,"€ 6,346","€ 330,000",,"Jul 7, 2022",,,"€ 990,000",,D,,31.0,Starter,Albania,,,Rayo Vallecano,La Liga,2022-2023,,,"Jun 30, 2025",3.0,,,,,,,RB,,
331,Óscar Valentín,"€ 4,423","€ 230,000",,"Oct 4, 2021",,,"€ 690,000",,M,,28.0,Starter,Spain,,,Rayo Vallecano,La Liga,2022-2023,,,"Jun 30, 2025",3.0,,,,,,,CM,,
332,Isi Palazón,"€ 3,269","€ 170,000",,"Dec 10, 2021",,,"€ 510,000",,F,,28.0,Starter,Spain,,,Rayo Vallecano,La Liga,2022-2023,,,"Jun 30, 2025",3.0,,,,,,,RW,,
333,Fran García,"€ 3,269","€ 170,000",,"Jul 13, 2021",,,"€ 510,000",,D,,23.0,Starter,Spain,,,Rayo Vallecano,La Liga,2022-2023,,,"Jun 30, 2025",3.0,,,,,,,LB,,
334,Mario Hernández,"€ 3,077","€ 160,000",,"Dec 18, 2020",,,"€ 160,000",,D,,24.0,Reserve,Spain,,,Rayo Vallecano,La Liga,2022-2023,,,"Jun 30, 2023",1.0,,,,,,,RB,,
335,Andrés Martín,"€ 3,077","€ 160,000",,"Jul 1, 2019",,,"€ 320,000",,F,,23.0,Reserve,Spain,,,Rayo Vallecano,La Liga,2022-2023,,,"Jun 30, 2024",2.0,,,,,,,CF,,
336,Miguel Ángel Morro,"€ 2,981","€ 155,000",,"Aug 1, 2020",,,"€ 155,000",,K,,22.0,Reserve,Spain,,,Rayo Vallecano,La Liga,2022-2023,,,"Jun 30, 2023",1.0,,,,,,,GK,,
337,Total,"€ 316,250","€ 16,445,000",€ 0,,,,"€ 42,985,000",€ 0,,,,,,,,Rayo Vallecano,La Liga,2022-2023,,,,,,,,,,,,,
338,Nabil Fekir,"€ 132,692","€ 6,900,000",,"Jan 12, 2022",,,"€ 27,600,000",,F,,29.0,Reserve,France,,,Real Betis,La Liga,2022-2023,,AM,,,,,,,,,,"Jun 30, 2026",4.0
339,Luiz Felipe,"€ 112,115","€ 5,830,000",,"Jul 4, 2022",,,"€ 29,150,000",,D,,25.0,Reserve,Italy,,,Real Betis,La Liga,2022-2023,,CB,,,,,,,,,,"Jun 30, 2027",5.0
340,Germán Pezzella,"€ 80,192","€ 4,170,000",,"Aug 19, 2021",,,"€ 12,510,000",,D,,31.0,Starter,Argentina,,,Real Betis,La Liga,2022-2023,,CB,,,,,,,,,,"Jun 30, 2025",3.0
341,Willian José,"€ 57,692","€ 3,000,000",,"Jul 1, 2022",,,"€ 12,000,000",,F,,31.0,Reserve,Brazil,,,Real Betis,La Liga,2022-2023,,CF,,,,,,,,,,"Jun 30, 2026",4.0
342,Juanmi,"€ 53,077","€ 2,760,000",,"Jan 3, 2023",,,"€ 11,040,000",,F,,29.0,Starter,Spain,,,Real Betis,La Liga,2022-2023,,LW,,,,,,,,,,"Jun 30, 2026",4.0
343,Guido Rodríguez,"€ 51,538","€ 2,680,000",,"Jan 14, 2020",,,"€ 5,360,000",,M,,28.0,Starter,Argentina,,,Real Betis,La Liga,2022-2023,,DM,,,,,,,,,,"Jun 30, 2024",2.0
344,Ayoze Pérez,"€ 50,000","€ 2,600,000",,"Jan 31, 2023",,,"€ 2,600,000",,F,,29.0,Reserve,Spain,,,Real Betis,La Liga,2022-2023,,SS,,,,,,,,,,"Jun 30, 2023",1.0
345,Martín Montoya,"€ 38,269","€ 1,990,000",,"Aug 25, 2020",,,"€ 3,980,000",,D,,31.0,Reserve,Spain,,,Real Betis,La Liga,2022-2023,,RB,,,,,,,,,,"Jun 30, 2024",2.0
346,Andrés Guardado,"€ 36,731","€ 1,910,000",,"Mar 24, 2022",,,"€ 1,910,000",,M,,36.0,Starter,Mexico,,,Real Betis,La Liga,2022-2023,,CM,,,,,,,,,,"Jun 30, 2023",1.0
347,William Carvalho,"€ 33,654","€ 1,750,000",,"Sep 2, 2022",,,"€ 7,000,000",,M,,30.0,Reserve,Portugal,,,Real Betis,La Liga,2022-2023,,DM,,,,,,,,,,"Jun 30, 2026",4.0
348,Claudio Bravo,"€ 30,769","€ 1,600,000",,"Apr 5, 2022",,,"€ 1,600,000",,K,,39.0,Reserve,Chile,,,Real Betis,La Liga,2022-2023,,GK,,,,,,,,,,"Jun 30, 2023",1.0
349,Joaquín,"€ 27,692","€ 1,440,000",,"Jul 6, 2022",,,"€ 1,440,000",,F,,41.0,Reserve,Spain,,,Real Betis,La Liga,2022-2023,,RW,,,,,,,,,,"Jun 30, 2023",1.0
350,Sergio Canales,"€ 26,346","€ 1,370,000",,"Dec 14, 2021",,,"€ 5,480,000",,F,,31.0,Starter,Spain,,,Real Betis,La Liga,2022-2023,,AM,,,,,,,,,,"Jun 30, 2026",4.0
351,Borja Iglesias,"€ 24,808","€ 1,290,000",,"Dec 27, 2021",,,"€ 5,160,000",,F,,30.0,Starter,Spain,,,Real Betis,La Liga,2022-2023,,CF,,,,,,,,,,"Jun 30, 2026",4.0
352,Víctor Ruiz,"€ 17,885","€ 930,000",,"Jun 4, 2021",,,"€ 930,000",,D,,34.0,Reserve,Spain,,,Real Betis,La Liga,2022-2023,,CB,,,,,,,,,,"Jun 30, 2023",1.0
353,Youssouf Sabaly,"€ 14,423","€ 750,000",,"Jul 1, 2021",,,"€ 3,000,000",,D,,29.0,Starter,Senegal,,,Real Betis,La Liga,2022-2023,,RB,,,,,,,,,,"Jun 30, 2026",4.0
354,Paul Akouokou,"€ 9,808","€ 510,000",,"Sep 10, 2020",,,"€ 1,020,000",,M,,25.0,Reserve,Cote d'Ivoire,,,Real Betis,La Liga,2022-2023,,DM,,,,,,,,,,"Jun 30, 2024",2.0
355,Luiz Henrique,"€ 9,231","€ 480,000",,"Jul 1, 2022",,,"€ 2,880,000",,F,,22.0,Reserve,Brazil,,,Real Betis,La Liga,2022-2023,,RW,,,,,,,,,,"Jun 30, 2028",6.0
356,Aitor Ruibal,"€ 8,462","€ 440,000",,"Jun 9, 2021",,,"€ 1,320,000",,D,,26.0,Reserve,Spain,,,Real Betis,La Liga,2022-2023,,RB,,,,,,,,,,"Jun 30, 2025",3.0
357,Rodri,"€ 7,692","€ 400,000",,"Jan 19, 2022",,,"€ 1,600,000",,F,,22.0,Starter,Spain,,,Real Betis,La Liga,2022-2023,,LW,,,,,,,,,,"Jun 30, 2026",4.0
358,Juan Miranda,"€ 6,923","€ 360,000",,"Jul 1, 2021",,,"€ 720,000",,D,,23.0,Reserve,Spain,,,Real Betis,La Liga,2022-2023,,LB,,,,,,,,,,"Jun 30, 2024",2.0
359,Dani Martín,"€ 6,731","€ 350,000",,"Jul 18, 2019",,,"€ 700,000",,K,,24.0,Reserve,Spain,,,Real Betis,La Liga,2022-2023,,GK,,,,,,,,,,"Jun 30, 2024",2.0
360,Edgar González,"€ 4,808","€ 250,000",,"Mar 29, 2022",,,"€ 750,000",,D,,25.0,Starter,Spain,,,Real Betis,La Liga,2022-2023,,CB,,,,,,,,,,"Jun 30, 2025",3.0
361,Rui Silva,"€ 2,981","€ 155,000",,"Jul 1, 2021",,,"€ 620,000",,K,,28.0,Starter,Portugal,,,Real Betis,La Liga,2022-2023,,GK,,,,,,,,,,"Jun 30, 2026",4.0
362,Abner,€ 0,€ 0,,"Jan 15, 2023",,,€ 0,,D,,22.0,Starter,Brazil,,,Real Betis,La Liga,2022-2023,,LB,,,,,,,,,,"Jun 30, 2029",7.0
363,Juan Cruz,€ 0,€ 0,,"Oct 21, 2022",,,€ 0,,F,,22.0,Reserve,Spain,,,Real Betis,La Liga,2022-2023,,RW,,,,,,,,,,"Jun 30, 2025",3.0
364,Total,"€ 844,519","€ 43,915,000",€ 0,,,,"€ 140,370,000",€ 0,,,,,,,,Real Betis,La Liga,2022-2023,,,,,,,,,,,,,
365,Eden Hazard,"€ 600,962","€ 31,250,000",,"Jul 1, 2019","Jun 30, 2024",2.0,"€ 62,500,000","€ 250,000,000",F,,32.0,Reserve,Belgium,,,Real Madrid,La Liga,2022-2023,,,,,LW,,,,,,,,
366,Toni Kroos,"€ 468,846","€ 24,380,000",,"May 20, 2019","Jun 30, 2023",1.0,"€ 24,380,000","€ 500,000,000",M,,33.0,Starter,Germany,,,Real Madrid,La Liga,2022-2023,,,,,CM,,,,,,,,
367,Karim Benzema,"€ 461,538","€ 24,000,000",,"Aug 20, 2021","Jun 30, 2023",1.0,"€ 24,000,000","€ 1,000,000,000",F,,35.0,Starter,France,,,Real Madrid,La Liga,2022-2023,,,,,CF,,,,,,,,
368,David Alaba,"€ 432,692","€ 22,500,000",,"Jul 1, 2021","Jun 30, 2026",4.0,"€ 90,000,000","€ 850,000,000",D,,30.0,Reserve,Austria,,,Real Madrid,La Liga,2022-2023,,,,,CB,,,,,,,,
369,Luka Modric,"€ 420,769","€ 21,880,000",,"Jun 8, 2022","Jun 30, 2023",1.0,"€ 21,880,000","€ 750,000,000",M,,37.0,Starter,Croatia,,,Real Madrid,La Liga,2022-2023,,,,,CM,,,,,,,,
370,Vinicius Junior,"€ 400,577","€ 20,830,000",,"Jul 12, 2018","Jun 30, 2024",2.0,"€ 41,660,000","€ 1,000,000,000",F,,22.0,Starter,Brazil,,,Real Madrid,La Liga,2022-2023,,,,,LW,,,,,,,,
371,Thibaut Courtois,"€ 288,462","€ 15,000,000",,"Aug 16, 2021","Jun 30, 2026",4.0,"€ 60,000,000","€ 700,000,000",K,,30.0,Starter,Belgium,,,Real Madrid,La Liga,2022-2023,,,,,GK,,,,,,,,
372,Antonio Rüdiger,"€ 280,385","€ 14,580,000","€ 4,170,000","Jul 1, 2022","Jun 30, 2026",4.0,"€ 58,320,000","€ 400,000,000",D,,29.0,Starter,Germany,,,Real Madrid,La Liga,2022-2023,,,,,CB,,,,,,,,
373,Aurélien Tchouameni,"€ 240,385","€ 12,500,000",,"Jul 1, 2022","Jun 30, 2028",6.0,"€ 75,000,000",,M,,23.0,Reserve,France,,,Real Madrid,La Liga,2022-2023,,,,,DM,,,,,,,,
374,Ferland Mendy,"€ 200,385","€ 10,420,000",,"Jul 1, 2019","Jun 30, 2025",3.0,"€ 31,260,000",,D,,27.0,Reserve,France,,,Real Madrid,La Liga,2022-2023,,,,,LB,,,,,,,,
375,Daniel Carvajal,"€ 200,385","€ 10,420,000",,"Jul 29, 2021","Jun 30, 2025",3.0,"€ 31,260,000","€ 350,000,000",D,,31.0,Reserve,Spain,,,Real Madrid,La Liga,2022-2023,,,,,RB,,,,,,,,
376,Marco Asensio,"€ 189,038","€ 9,830,000",,"Sep 28, 2017","Jun 30, 2023",1.0,"€ 9,830,000","€ 700,000,000",F,,27.0,Reserve,Spain,,,Real Madrid,La Liga,2022-2023,,,,,RW,,,,,,,,
377,Lucas Vázquez,"€ 180,385","€ 9,380,000",,"Jun 3, 2021","Jun 30, 2024",2.0,"€ 18,760,000","€ 150,000,000",D,,31.0,Reserve,Spain,,,Real Madrid,La Liga,2022-2023,,,,,RB,,,,,,,,
378,Nacho Fernández,"€ 164,231","€ 8,540,000",,"Jul 8, 2021","Jun 30, 2023",1.0,"€ 8,540,000","€ 200,000,000",D,,33.0,Starter,Spain,,,Real Madrid,La Liga,2022-2023,,,,,CB,,,,,,,,
379,Eduardo Camavinga,"€ 160,192","€ 8,330,000",,"Aug 31, 2021","Jun 30, 2027",5.0,"€ 41,650,000","€ 700,000,000",M,,20.0,Starter,France,,,Real Madrid,La Liga,2022-2023,,,,,CM,,,,,,,,
380,Rodrygo,"€ 160,192","€ 8,330,000",,"Jul 1, 2019","Jun 30, 2025",3.0,"€ 24,990,000","€ 1,000,000,000",F,,22.0,Starter,Brazil,,,Real Madrid,La Liga,2022-2023,,,,,RW,,,,,,,,
381,Mariano Díaz,"€ 160,192","€ 8,330,000",,"Aug 29, 2018","Jun 30, 2023",1.0,"€ 8,330,000",,F,,29.0,Reserve,Dominican Republic,,,Real Madrid,La Liga,2022-2023,,,,,CF,,,,,,,,
382,Federico Valverde,"€ 156,346","€ 8,130,000",,"Aug 24, 2021","Jun 30, 2027",5.0,"€ 40,650,000","€ 1,000,000,000",M,,24.0,Starter,Uruguay,,,Real Madrid,La Liga,2022-2023,,,,,CM,,,,,,,,
383,Álvaro Odriozola,"€ 140,192","€ 7,290,000",,"Jul 5, 2018","Jun 30, 2024",2.0,"€ 14,580,000",,D,,27.0,Reserve,Spain,,,Real Madrid,La Liga,2022-2023,,,,,RB,,,,,,,,
384,Éder Militão,"€ 140,192","€ 7,290,000","€ 1,040,000","Jul 1, 2019","Jun 30, 2025",3.0,"€ 21,870,000","€ 500,000,000",D,,25.0,Starter,Brazil,,,Real Madrid,La Liga,2022-2023,,,,,CB,,,,,,,,
385,Dani Ceballos,"€ 60,192","€ 3,130,000",,"Jul 14, 2017","Jun 30, 2023",1.0,"€ 3,130,000",,M,,26.0,Reserve,Spain,,,Real Madrid,La Liga,2022-2023,,,,,CM,,,,,,,,
386,Andriy Lunin,"€ 54,038","€ 2,810,000",,"Jul 1, 2018","Jun 30, 2024",2.0,"€ 5,620,000",,K,,23.0,Reserve,Ukraine,,,Real Madrid,La Liga,2022-2023,,,,,GK,,,,,,,,
387,Jesús Vallejo,"€ 34,615","€ 1,800,000",,"Jul 31, 2015","Jun 30, 2025",3.0,"€ 5,400,000",,D,,26.0,Reserve,Spain,,,Real Madrid,La Liga,2022-2023,,,,,CB,,,,,,,,
388,Total,"€ 5,595,191","€ 290,950,000","€ 5,210,000",,,,"€ 723,610,000","€ 10,050,000,000",,,,,,,,Real Madrid,La Liga,2022-2023,,,,,,,,,,,,,
389,Asier Illarramendi,"€ 83,846","€ 4,360,000",,"Jun 28, 2018","Jun 30, 2023",1.0,"€ 4,360,000",,M,,32.0,Starter,Spain,,,Real Sociedad,La Liga,2022-2023,DM,,,,,,,,,,,,
390,Mikel Merino,"€ 75,192","€ 3,910,000",,"Jul 22, 2020","Jun 30, 2025",3.0,"€ 11,730,000",,M,,26.0,Reserve,Spain,,,Real Sociedad,La Liga,2022-2023,CM,,,,,,,,,,,,
391,Mikel Oyarzabal,"€ 67,885","€ 3,530,000",,"Feb 10, 2023","Jun 30, 2024",2.0,"€ 7,060,000",,F,,25.0,Starter,Spain,,,Real Sociedad,La Liga,2022-2023,LW,,,,,,,,,,,,
392,Igor Zubeldia,"€ 65,769","€ 3,420,000",,"Jun 29, 2018","Jun 30, 2024",2.0,"€ 6,840,000",,D,,25.0,Starter,Spain,,,Real Sociedad,La Liga,2022-2023,CB,,,,,,,,,,,,
393,Alexander Sörloth,"€ 61,154","€ 3,180,000",,"Aug 29, 2022","Jun 30, 2023",1.0,"€ 3,180,000",,F,,27.0,Starter,Norway,,,Real Sociedad,La Liga,2022-2023,CF,,,,,,,,,,,,
394,Martín Zubimendi,"€ 57,692","€ 3,000,000",,"Oct 14, 2022","Jun 30, 2027",5.0,"€ 15,000,000","€ 60,000,000",M,,23.0,Starter,Spain,,,Real Sociedad,La Liga,2022-2023,DM,,,,,,,,,,,,
395,David Silva,"€ 55,769","€ 2,900,000",,"Apr 29, 2022","Jun 30, 2023",1.0,"€ 2,900,000",,F,,37.0,Reserve,Spain,,,Real Sociedad,La Liga,2022-2023,AM,,,,,,,,,,,,
396,Álex Remiro,"€ 42,885","€ 2,230,000",,"Jun 29, 2022","Jun 30, 2027",5.0,"€ 11,150,000",,K,,27.0,Starter,Spain,,,Real Sociedad,La Liga,2022-2023,GK,,,,,,,,,,,,
397,Aritz Elustondo,"€ 40,577","€ 2,110,000",,"Aug 26, 2020","Jun 30, 2024",2.0,"€ 4,220,000",,D,,28.0,Reserve,Spain,,,Real Sociedad,La Liga,2022-2023,CB,,,,,,,,,,,,
398,Brais Méndez,"€ 40,000","€ 2,080,000",,"Jul 6, 2022","Jun 30, 2028",6.0,"€ 12,480,000",,F,,26.0,Starter,Spain,,,Real Sociedad,La Liga,2022-2023,AM,,,,,,,,,,,,
399,Takefusa Kubo,"€ 39,231","€ 2,040,000",,"Jul 19, 2022","Jun 30, 2027",5.0,"€ 10,200,000","€ 60,000,000",F,,21.0,Starter,Japan,,,Real Sociedad,La Liga,2022-2023,RW,,,,,,,,,,,,
400,Robin Le Normand,"€ 38,462","€ 2,000,000",,"Jul 20, 2022","Jun 30, 2026",4.0,"€ 8,000,000",,D,,26.0,Starter,France,,,Real Sociedad,La Liga,2022-2023,CB,,,,,,,,,,,,
401,Umar Sadiq,"€ 28,846","€ 1,500,000",,"Sep 1, 2022","Jun 30, 2028",6.0,"€ 9,000,000",,F,,25.0,Reserve,Nigeria,,,Real Sociedad,La Liga,2022-2023,CF,,,,,,,,,,,,
402,Carlos Fernández,"€ 20,000","€ 1,040,000",,"Jan 24, 2021","Jun 30, 2026",4.0,"€ 4,160,000",,F,,26.0,Reserve,Spain,,,Real Sociedad,La Liga,2022-2023,CF,,,,,,,,,,,,
403,Aihen Muñoz,"€ 19,038","€ 990,000",,"Dec 13, 2021","Jun 30, 2024",2.0,"€ 1,980,000",,D,,25.0,Reserve,Spain,,,Real Sociedad,La Liga,2022-2023,LB,,,,,,,,,,,,
404,Ander Guevara,"€ 16,731","€ 870,000",,"Jul 1, 2019","Jun 30, 2024",2.0,"€ 1,740,000",,M,,25.0,Reserve,Spain,,,Real Sociedad,La Liga,2022-2023,CM,,,,,,,,,,,,
405,Diego Rico,"€ 16,346","€ 850,000",,"Jul 26, 2021","Jun 30, 2023",1.0,"€ 850,000",,D,,29.0,Starter,Spain,,,Real Sociedad,La Liga,2022-2023,LB,,,,,,,,,,,,
406,Andoni Gorosabel,"€ 13,462","€ 700,000",,"Jun 9, 2020","Jun 30, 2024",2.0,"€ 1,400,000",,D,,26.0,Reserve,Spain,,,Real Sociedad,La Liga,2022-2023,RB,,,,,,,,,,,,
407,Beñat Turrientes,"€ 10,385","€ 540,000",,"Jul 1, 2022","Jun 30, 2027",5.0,"€ 2,700,000",,M,,21.0,Reserve,Spain,,,Real Sociedad,La Liga,2022-2023,CM,,,,,,,,,,,,
408,Martín Merquelanz,"€ 9,615","€ 500,000",,"Aug 14, 2018","Jun 30, 2025",3.0,"€ 1,500,000",,F,,27.0,Reserve,Spain,,,Real Sociedad,La Liga,2022-2023,LW,,,,,,,,,,,,
409,Jon Pacheco,"€ 8,269","€ 430,000",,"Jul 1, 2022","Jun 30, 2027",5.0,"€ 2,150,000",,D,,22.0,Reserve,Spain,,,Real Sociedad,La Liga,2022-2023,CB,,,,,,,,,,,,
410,Robert Navarro,"€ 8,077","€ 420,000",,"Aug 7, 2022","Jun 30, 2027",5.0,"€ 2,100,000",,F,,20.0,Reserve,Spain,,,Real Sociedad,La Liga,2022-2023,AM,,,,,,,,,,,,
411,Ander Barrenetxea,"€ 5,962","€ 310,000",,"Feb 3, 2021","Jun 30, 2027",5.0,"€ 1,550,000",,F,,21.0,Starter,Spain,,,Real Sociedad,La Liga,2022-2023,LW,,,,,,,,,,,,
412,Álex Sola,"€ 5,962","€ 310,000",,"Jul 1, 2022","Jun 30, 2026",4.0,"€ 1,240,000",,D,,23.0,Reserve,Spain,,,Real Sociedad,La Liga,2022-2023,RB,,,,,,,,,,,,
413,Mohamed-Ali Cho,"€ 5,385","€ 280,000",,"Jul 1, 2022","Jun 30, 2027",5.0,"€ 1,400,000",,F,,19.0,Reserve,France,,,Real Sociedad,La Liga,2022-2023,CF,,,,,,,,,,,,
414,Andoni Zubiaurre,"€ 4,615","€ 240,000",,"Jul 1, 2022","Jun 30, 2024",2.0,"€ 480,000",,K,,26.0,Reserve,Spain,,,Real Sociedad,La Liga,2022-2023,GK,,,,,,,,,,,,
415,Total,"€ 841,155","€ 43,740,000",€ 0,,,,"€ 129,370,000","€ 120,000,000",,,,,,,,Real Sociedad,La Liga,2022-2023,,,,,,,,,,,,,
416,Ivan Rakitic,"€ 253,846","€ 13,200,000",,"Sep 1, 2020",,,"€ 26,400,000",,M,,34.0,Reserve,Croatia,,,Sevilla,La Liga,2022-2023,,,"Jun 30, 2024",2.0,CM,,,,,,,,
417,Óliver Torres,"€ 143,269","€ 7,450,000",,"Jul 15, 2019",,,"€ 14,900,000",,M,,28.0,Starter,Spain,,,Sevilla,La Liga,2022-2023,,,"Jun 30, 2024",2.0,CM,,,,,,,,
418,Youssef En-Nesyri,"€ 123,462","€ 6,420,000",,"Jan 16, 2020",,,"€ 19,260,000",,F,,25.0,Starter,Morocco,,,Sevilla,La Liga,2022-2023,,,"Jun 30, 2025",3.0,CF,,,,,,,,
419,Suso,"€ 121,154","€ 6,300,000",,"Jul 21, 2020",,,"€ 18,900,000",,F,,29.0,Starter,Spain,,,Sevilla,La Liga,2022-2023,,,"Jun 30, 2025",3.0,RW,,,,,,,,
420,Papu Gómez,"€ 120,192","€ 6,250,000",,"Jan 26, 2021",,,"€ 12,500,000",,F,,34.0,Reserve,Argentina,,,Sevilla,La Liga,2022-2023,,,"Jun 30, 2024",2.0,LW,,,,,,,,
421,Fernando,"€ 93,654","€ 4,870,000",,"Jan 4, 2022",,,"€ 9,740,000",,M,,35.0,Starter,Brazil,,,Sevilla,La Liga,2022-2023,,,"Jun 30, 2024",2.0,DM,,,,,,,,
422,Joan Jordán,"€ 90,769","€ 4,720,000",,"Jan 27, 2022",,,"€ 23,600,000",,M,,28.0,Reserve,Spain,,,Sevilla,La Liga,2022-2023,,,"Jun 30, 2027",5.0,CM,,,,,,,,
423,Marcão,"€ 80,192","€ 4,170,000",,"Jul 8, 2022",,,"€ 20,850,000",,D,,26.0,Reserve,Brazil,,,Sevilla,La Liga,2022-2023,,,"Jun 30, 2027",5.0,CB,,,,,,,,
424,Tanguy Nianzou,"€ 80,192","€ 4,170,000",,"Aug 17, 2022",,,"€ 20,850,000","€ 90,000,000",D,,20.0,Starter,France,,,Sevilla,La Liga,2022-2023,,,"Jun 30, 2027",5.0,CB,,,,,,,,
425,Alex Telles,"€ 80,192","€ 4,170,000",,"Aug 4, 2022",,,"€ 4,170,000",,D,,30.0,Reserve,Brazil,,,Sevilla,La Liga,2022-2023,,,"Jun 30, 2023",1.0,LB,,,,,,,,
426,Jesús Navas,"€ 76,923","€ 4,000,000",,"Jun 23, 2021",,,"€ 8,000,000",,D,,37.0,Starter,Spain,,,Sevilla,La Liga,2022-2023,,,"Jun 30, 2024",2.0,RB,,,,,,,,
427,Jesús Corona,"€ 67,308","€ 3,500,000",,"Jan 14, 2022",,,"€ 10,500,000",,F,,30.0,Reserve,Mexico,,,Sevilla,La Liga,2022-2023,,,"Jun 30, 2025",3.0,RW,,,,,,,,
428,Marcos Acuña,"€ 54,615","€ 2,840,000",,"Feb 13, 2022",,,"€ 8,520,000",,D,,31.0,Reserve,Argentina,,,Sevilla,La Liga,2022-2023,,,"Jun 30, 2025",3.0,LB,,,,,,,,
429,Bono,"€ 52,885","€ 2,750,000",,"Apr 19, 2022",,,"€ 8,250,000","€ 30,000,000",K,,31.0,Starter,Morocco,,,Sevilla,La Liga,2022-2023,,,"Jun 30, 2025",3.0,GK,,,,,,,,
430,Nemanja Gudelj,"€ 50,769","€ 2,640,000",,"Jul 23, 2019",,,"€ 2,640,000",,M,,31.0,Starter,Serbia,,,Sevilla,La Liga,2022-2023,,,"Jun 30, 2023",1.0,DM,,,,,,,,
431,Erik Lamela,"€ 50,577","€ 2,630,000",,"Jul 26, 2021",,,"€ 5,260,000",,F,,30.0,Reserve,Argentina,,,Sevilla,La Liga,2022-2023,,,"Jun 30, 2024",2.0,RW,,,,,,,,
432,Bryan Gil,"€ 44,423","€ 2,310,000",,"Jan 30, 2023",,,"€ 2,310,000",,F,,21.0,Starter,Spain,,,Sevilla,La Liga,2022-2023,,,"Jun 30, 2023",1.0,LW,,,,,,,,
433,Lucas Ocampos,"€ 30,769","€ 1,600,000",,"Jul 3, 2019",,,"€ 3,200,000",,F,,28.0,Reserve,Argentina,,,Sevilla,La Liga,2022-2023,,,"Jun 30, 2024",2.0,LW,,,,,,,,
434,Loïc Badé,"€ 30,192","€ 1,570,000",,"Jan 1, 2023",,,"€ 1,570,000",,D,,22.0,Starter,France,,,Sevilla,La Liga,2022-2023,,,"Jun 30, 2023",1.0,CB,,,,,,,,
435,Gonzalo Montiel,"€ 27,115","€ 1,410,000",,"Aug 13, 2021",,,"€ 5,640,000",,D,,26.0,Reserve,Argentina,,,Sevilla,La Liga,2022-2023,,,"Jun 30, 2026",4.0,RB,,,,,,,,
436,Karim Rekik,"€ 25,192","€ 1,310,000",,"Oct 5, 2020",,,"€ 3,930,000",,D,,28.0,Reserve,Netherlands,,,Sevilla,La Liga,2022-2023,,,"Jun 30, 2025",3.0,CB,,,,,,,,
437,Rafa Mir,"€ 24,231","€ 1,260,000",,"Aug 20, 2021",,,"€ 6,300,000",,F,,25.0,Reserve,Spain,,,Sevilla,La Liga,2022-2023,,,"Jun 30, 2027",5.0,CF,,,,,,,,
438,Marko Dmitrović,"€ 18,269","€ 950,000",,"Jul 4, 2021",,,"€ 2,850,000",,K,,31.0,Reserve,Serbia,,,Sevilla,La Liga,2022-2023,,,"Jun 30, 2025",3.0,GK,,,,,,,,
439,Pape Gueye,"€ 2,692","€ 140,000",,"Jan 30, 2023",,,"€ 140,000",,M,,24.0,Starter,Senegal,,,Sevilla,La Liga,2022-2023,,,"Jun 30, 2023",1.0,DM,,,,,,,,
440,Adnan Januzaj,€ 0,€ 0,,"Aug 31, 2022",,,€ 0,,F,,27.0,Reserve,Belgium,,,Sevilla,La Liga,2022-2023,,,"Jun 30, 2026",4.0,RW,,,,,,,,
441,Total,"€ 1,742,882","€ 90,630,000",€ 0,,,,"€ 240,280,000","€ 120,000,000",,,,,,,,Sevilla,La Liga,2022-2023,,,,,,,,,,,,,
442,José Gayà,"€ 112,115","€ 5,830,000",,"Oct 19, 2022","Jun 30, 2027",5.0,"€ 29,150,000","€ 100,000,000",D,,27.0,Starter,Spain,,,Valencia,La Liga,2022-2023,,,,,LB,,,,,,,,
443,Gabriel Paulista,"€ 102,500","€ 5,330,000",,"Jan 22, 2021","Jun 30, 2024",2.0,"€ 10,660,000",,D,,32.0,Reserve,Brazil,,,Valencia,La Liga,2022-2023,,,,,CB,,,,,,,,
444,Edinson Cavani,"€ 80,192","€ 4,170,000",,"Aug 29, 2022","Jun 30, 2024",2.0,"€ 8,340,000",,F,,35.0,Starter,Uruguay,,,Valencia,La Liga,2022-2023,,,,,CF,,,,,,,,
445,Justin Kluivert,"€ 72,115","€ 3,750,000",,"Sep 1, 2022","Jun 30, 2023",1.0,"€ 3,750,000",,F,,23.0,Reserve,Netherlands,,,Valencia,La Liga,2022-2023,,,,,LW,,,,,,,,
446,Hugo Duro,"€ 55,577","€ 2,890,000",,"Jul 1, 2022","Jun 30, 2026",4.0,"€ 11,560,000",,F,,23.0,Reserve,Spain,,,Valencia,La Liga,2022-2023,,,,,CF,,,,,,,,
447,Samu Castillejo,"€ 48,077","€ 2,500,000",,"Jul 12, 2022","Jun 30, 2025",3.0,"€ 7,500,000",,F,,28.0,Starter,Spain,,,Valencia,La Liga,2022-2023,,,,,RW,,,,,,,,
448,Jaume Doménech,"€ 40,577","€ 2,110,000",,"Nov 14, 2019","Jun 30, 2025",3.0,"€ 6,330,000",,K,,32.0,Reserve,Spain,,,Valencia,La Liga,2022-2023,,,,,GK,,,,,,,,
449,Marcos André,"€ 38,462","€ 2,000,000",,"Aug 25, 2021","Jun 30, 2026",4.0,"€ 8,000,000",,F,,26.0,Reserve,Brazil,,,Valencia,La Liga,2022-2023,,,,,CF,,,,,,,,
450,Hugo Guillamón,"€ 36,923","€ 1,920,000",,"Oct 3, 2022","Jun 30, 2026",4.0,"€ 7,680,000","€ 50,000,000",M,,23.0,Reserve,Spain,,,Valencia,La Liga,2022-2023,,,,,DM,,,,,,,,
451,Dimitri Foulquier,"€ 35,962","€ 1,870,000",,"Aug 30, 2021","Jun 30, 2025",3.0,"€ 5,610,000",,D,,29.0,Starter,Guadeloupe,,,Valencia,La Liga,2022-2023,,,,,RB,,,,,,,,
452,Thierry Correia,"€ 35,385","€ 1,840,000",,"Oct 4, 2021","Jun 30, 2026",4.0,"€ 7,360,000",,D,,23.0,Reserve,Portugal,,,Valencia,La Liga,2022-2023,,,,,RB,,,,,,,,
453,Toni Lato,"€ 33,846","€ 1,760,000",,"Jul 5, 2019","Jun 30, 2023",1.0,"€ 1,760,000",,D,,25.0,Reserve,Spain,,,Valencia,La Liga,2022-2023,,,,,LB,,,,,,,,
454,Ilaix Moriba,"€ 31,154","€ 1,620,000",,"Sep 1, 2022","Jun 30, 2023",1.0,"€ 1,620,000",,M,,20.0,Starter,Guinea,,,Valencia,La Liga,2022-2023,,,,,CM,,,,,,,,
455,Yunus Musah,"€ 28,846","€ 1,500,000",,"Dec 4, 2020","Jun 30, 2026",4.0,"€ 6,000,000",,M,,20.0,Starter,United States,,,Valencia,La Liga,2022-2023,,,,,CM,,,,,,,,
456,Giorgi Mamardashvili,"€ 28,846","€ 1,500,000",,"Sep 19, 2022","Jun 30, 2027",5.0,"€ 7,500,000","€ 100,000,000",K,,22.0,Starter,Georgia,,,Valencia,La Liga,2022-2023,,,,,GK,,,,,,,,
457,Cristian Rivero,"€ 27,885","€ 1,450,000",,"Jun 2, 2021","Jun 30, 2024",2.0,"€ 2,900,000",,K,,24.0,Reserve,Spain,,,Valencia,La Liga,2022-2023,,,,,GK,,,,,,,,
458,Samuel Lino,"€ 24,038","€ 1,250,000",,"Jul 28, 2022","Jun 30, 2023",1.0,"€ 1,250,000",,F,,23.0,Starter,Brazil,,,Valencia,La Liga,2022-2023,,,,,LW,,,,,,,,
459,Eray Cömert,"€ 21,154","€ 1,100,000",,"Jan 25, 2022","Jun 30, 2026",4.0,"€ 4,400,000",,D,,24.0,Starter,Switzerland,,,Valencia,La Liga,2022-2023,,,,,CB,,,,,,,,
460,Mouctar Diakhaby,"€ 15,385","€ 800,000",,"Jan 16, 2023","Jun 30, 2027",5.0,"€ 4,000,000",,D,,26.0,Starter,Guinea,,,Valencia,La Liga,2022-2023,,,,,CB,,,,,,,,
461,André Almeida,"€ 11,538","€ 600,000",,"Aug 25, 2022","Jun 30, 2028",6.0,"€ 3,600,000",,M,,22.0,Starter,Portugal,,,Valencia,La Liga,2022-2023,,,,,CM,,,,,,,,
462,Nico González,"€ 11,538","€ 600,000",,"Aug 13, 2022","Jun 30, 2023",1.0,"€ 600,000",,M,,21.0,Reserve,Spain,,,Valencia,La Liga,2022-2023,,,,,CM,,,,,,,,
463,Cenk Özkacar,"€ 11,346","€ 590,000",,"Aug 23, 2022","Jun 30, 2023",1.0,"€ 590,000",,D,,22.0,Reserve,Turkey,,,Valencia,La Liga,2022-2023,,,,,CB,,,,,,,,
464,Jesús Vázquez,"€ 9,231","€ 480,000",,"Apr 6, 2021","Jun 30, 2025",3.0,"€ 1,440,000",,D,,20.0,Reserve,Spain,,,Valencia,La Liga,2022-2023,,,,,LB,,,,,,,,
465,Cristhian Mosquera,"€ 3,077","€ 160,000",,"Jan 23, 2022","Jun 30, 2025",3.0,"€ 480,000",,D,,18.0,Reserve,Spain,,,Valencia,La Liga,2022-2023,,,,,CB,,,,,,,,
466,Iago Herrerín,€ 0,€ 0,,"Sep 28, 2022","Jun 30, 2023",1.0,€ 0,,K,,35.0,Reserve,Spain,,,Valencia,La Liga,2022-2023,,,,,GK,,,,,,,,
467,Total,"€ 915,769","€ 47,620,000",€ 0,,,,"€ 142,080,000","€ 250,000,000",,,,,,,,Valencia,La Liga,2022-2023,,,,,,,,,,,,,
468,Roque Mesa,"€ 80,000","€ 4,160,000",,"Oct 5, 2020",,,"€ 4,160,000",,M,,33.0,Reserve,Spain,,,Valladolid,La Liga,2022-2023,CM,,"Jun 30, 2023",1.0,,,,,,,,,
469,Kenedy,"€ 31,154","€ 1,620,000",,"Sep 1, 2022",,,"€ 8,100,000",,F,,26.0,Reserve,Brazil,,,Valladolid,La Liga,2022-2023,LW,,"Jun 30, 2027",5.0,,,,,,,,,
470,Anuar,"€ 28,846","€ 1,500,000",,"Nov 25, 2019",,,"€ 1,500,000",,M,,28.0,Reserve,Morocco,,,Valladolid,La Liga,2022-2023,CM,,"Jun 30, 2023",1.0,,,,,,,,,
471,Iván Sánchez,"€ 20,769","€ 1,080,000",,"Jul 1, 2022",,,"€ 2,160,000",,F,,30.0,Reserve,Spain,,,Valladolid,La Liga,2022-2023,RW,,"Jun 30, 2024",2.0,,,,,,,,,
472,Sergio Asenjo,"€ 20,000","€ 1,040,000",,"Jul 7, 2022",,,"€ 2,080,000",,K,,33.0,Reserve,Spain,,,Valladolid,La Liga,2022-2023,GK,,"Jun 30, 2024",2.0,,,,,,,,,
473,Sergio León,"€ 19,231","€ 1,000,000",,"Jun 7, 2022",,,"€ 2,000,000",,F,,34.0,Starter,Spain,,,Valladolid,La Liga,2022-2023,CF,,"Jun 30, 2024",2.0,,,,,,,,,
474,Lucas Olaza,"€ 19,231","€ 1,000,000",,"Jul 1, 2021",,,"€ 3,000,000",,D,,28.0,Starter,Uruguay,,,Valladolid,La Liga,2022-2023,LB,,"Jun 30, 2025",3.0,,,,,,,,,
475,Martin Hongla,"€ 18,077","€ 940,000",,"Jan 31, 2023",,,"€ 940,000",,M,,24.0,Starter,Cameroon,,,Valladolid,La Liga,2022-2023,DM,,"Jun 30, 2023",1.0,,,,,,,,,
476,Sergio Escudero,"€ 15,000","€ 780,000",,"Jul 13, 2022",,,"€ 1,560,000",,D,,33.0,Reserve,Spain,,,Valladolid,La Liga,2022-2023,LB,,"Jun 30, 2024",2.0,,,,,,,,,
477,Jawad El Yamiq,"€ 12,885","€ 670,000",,"Sep 24, 2020",,,"€ 1,340,000",,D,,30.0,Reserve,Morocco,,,Valladolid,La Liga,2022-2023,CB,,"Jun 30, 2024",2.0,,,,,,,,,
478,Javi Sánchez,"€ 12,692","€ 660,000",,"Sep 26, 2022",,,"€ 2,640,000",,D,,25.0,Starter,Spain,,,Valladolid,La Liga,2022-2023,CB,,"Jun 30, 2026",4.0,,,,,,,,,
479,Luis Pérez,"€ 10,000","€ 520,000",,"Sep 25, 2022",,,"€ 1,560,000",,D,,27.0,Starter,Spain,,,Valladolid,La Liga,2022-2023,RB,,"Jun 30, 2025",3.0,,,,,,,,,
480,Óscar Plano,"€ 9,423","€ 490,000",,"May 27, 2020",,,"€ 490,000",,F,,31.0,Starter,Spain,,,Valladolid,La Liga,2022-2023,RW,,"Jun 30, 2023",1.0,,,,,,,,,
481,Jordi Masip,"€ 9,231","€ 480,000",,"Jun 29, 2022",,,"€ 960,000",,K,,34.0,Starter,Spain,,,Valladolid,La Liga,2022-2023,GK,,"Jun 30, 2024",2.0,,,,,,,,,
482,Gonzalo Plata,"€ 9,231","€ 480,000",,"Jul 11, 2022",,,"€ 2,400,000",,F,,22.0,Starter,Ecuador,,,Valladolid,La Liga,2022-2023,RW,,"Jun 30, 2027",5.0,,,,,,,,,
483,Kike Pérez,"€ 8,077","€ 420,000",,"Aug 12, 2020",,,"€ 1,260,000",,M,,25.0,Starter,Spain,,,Valladolid,La Liga,2022-2023,CM,,"Jun 30, 2025",3.0,,,,,,,,,
484,Cyle Larin,"€ 8,077","€ 420,000",,"Jan 24, 2023",,,"€ 420,000",,F,,27.0,Reserve,Canada,,,Valladolid,La Liga,2022-2023,CF,,"Jun 30, 2023",1.0,,,,,,,,,
485,Joaquín Fernández,"€ 5,962","€ 310,000",,"Aug 31, 2018",,,"€ 310,000",,D,,26.0,Reserve,Spain,,,Valladolid,La Liga,2022-2023,CB,,"Jun 30, 2023",1.0,,,,,,,,,
486,Monchu,"€ 5,769","€ 300,000",,"Jul 1, 2022",,,"€ 1,200,000",,M,,23.0,Starter,Spain,,,Valladolid,La Liga,2022-2023,CM,,"Jun 30, 2026",4.0,,,,,,,,,
487,Iván Fresneda,"€ 3,077","€ 160,000",,"Jul 1, 2022",,,"€ 480,000",,D,,18.0,Reserve,Spain,,,Valladolid,La Liga,2022-2023,RB,,"Jun 30, 2025",3.0,,,,,,,,,
488,Álvaro Aguado,"€ 2,981","€ 155,000",,"Jan 25, 2019",,,"€ 155,000",,M,,26.0,Reserve,Spain,,,Valladolid,La Liga,2022-2023,CM,,"Jun 30, 2023",1.0,,,,,,,,,
489,Darwin Machís,€ 0,€ 0,,"Jan 19, 2023",,,€ 0,,F,,29.0,Starter,Venezuela,,,Valladolid,La Liga,2022-2023,LW,,"Jun 30, 2026",4.0,,,,,,,,,
490,Lucas Rosa,€ 0,€ 0,,"Oct 1, 2022",,,€ 0,,D,,22.0,Reserve,Brazil,,,Valladolid,La Liga,2022-2023,RB,,"Jun 30, 2025",3.0,,,,,,,,,
491,Selim Amallah,€ 0,€ 0,,"Jan 31, 2023",,,€ 0,,F,,26.0,Reserve,Morocco,,,Valladolid,La Liga,2022-2023,AM,,"Jun 30, 2027",5.0,,,,,,,,,
492,Mickaël Malsa,€ 0,€ 0,,"Aug 12, 2022",,,€ 0,,M,,27.0,Reserve,Martinique,,,Valladolid,La Liga,2022-2023,DM,,"Jun 30, 2026",4.0,,,,,,,,,
493,Total,"€ 349,713","€ 18,185,000",€ 0,,,,"€ 38,715,000",€ 0,,,,,,,,Valladolid,La Liga,2022-2023,,,,,,,,,,,,,
494,Dani Parejo,"€ 208,269","€ 10,830,000",,"Aug 12, 2020","Jun 30, 2024",2.0,"€ 21,660,000",,M,,33.0,Starter,Spain,,,Villarreal,La Liga,2022-2023,,,,,CM,,,,,,,,
495,Francis Coquelin,"€ 148,269","€ 7,710,000",,"Aug 12, 2020","Jun 30, 2024",2.0,"€ 15,420,000",,M,,31.0,Starter,France,,,Villarreal,La Liga,2022-2023,,,,,DM,,,,,,,,
496,Gerard Moreno,"€ 144,231","€ 7,500,000",,"Aug 9, 2021","Jun 30, 2027",5.0,"€ 37,500,000","€ 100,000,000",F,,30.0,Reserve,Spain,,,Villarreal,La Liga,2022-2023,,,,,CF,,,,,,,,
497,Pau Torres,"€ 144,231","€ 7,500,000",,"Oct 2, 2019","Jun 30, 2024",2.0,"€ 15,000,000","€ 60,000,000",D,,26.0,Starter,Spain,,,Villarreal,La Liga,2022-2023,,,,,CB,,,,,,,,
498,Raúl Albiol,"€ 92,115","€ 4,790,000",,"Nov 12, 2021","Jun 30, 2023",1.0,"€ 4,790,000",,D,,37.0,Starter,Spain,,,Villarreal,La Liga,2022-2023,,,,,CB,,,,,,,,
499,Aïssa Mandi,"€ 92,115","€ 4,790,000",,"Jul 1, 2021","Jun 30, 2025",3.0,"€ 14,370,000",,D,,31.0,Reserve,Algeria,,,Villarreal,La Liga,2022-2023,,,,,CB,,,,,,,,
500,Juan Foyth,"€ 88,077","€ 4,580,000",,"Jul 1, 2021","Jun 30, 2026",4.0,"€ 18,320,000","€ 42,000,000",D,,25.0,Starter,Argentina,,,Villarreal,La Liga,2022-2023,,,,,RB,,,,,,,,
501,Giovani Lo Celso,"€ 80,962","€ 4,210,000",,"Aug 14, 2022","Jun 30, 2023",1.0,"€ 4,210,000",,M,,26.0,Reserve,Argentina,,,Villarreal,La Liga,2022-2023,,,,,CM,,,,,,,,
502,Alfonso Pedraza,"€ 76,154","€ 3,960,000",,"May 26, 2022","Jun 30, 2026",4.0,"€ 15,840,000",,D,,26.0,Reserve,Spain,,,Villarreal,La Liga,2022-2023,,,,,LB,,,,,,,,
503,Alberto Moreno,"€ 64,038","€ 3,330,000",,"Jul 9, 2019","Jun 30, 2024",2.0,"€ 6,660,000",,D,,30.0,Starter,Spain,,,Villarreal,La Liga,2022-2023,,,,,LB,,,,,,,,
504,Yeremi Pino,"€ 57,692","€ 3,000,000",,"Nov 15, 2021","Jun 30, 2027",5.0,"€ 15,000,000","€ 80,000,000",F,,20.0,Starter,Spain,,,Villarreal,La Liga,2022-2023,,,,,RW,,,,,,,,
505,Étienne Capoue,"€ 56,154","€ 2,920,000",,"Jul 20, 2022","Jun 30, 2024",2.0,"€ 5,840,000",,M,,34.0,Starter,France,,,Villarreal,La Liga,2022-2023,,,,,DM,,,,,,,,
506,Manu Trigueros,"€ 48,077","€ 2,500,000",,"Nov 11, 2021","Jun 30, 2025",3.0,"€ 7,500,000",,M,,31.0,Reserve,Spain,,,Villarreal,La Liga,2022-2023,,,,,CM,,,,,,,,
507,José Luis Morales,"€ 36,923","€ 1,920,000",,"Jul 1, 2022","Jun 30, 2024",2.0,"€ 3,840,000",,F,,35.0,Starter,Spain,,,Villarreal,La Liga,2022-2023,,,,,CF,,,,,,,,
508,Samuel Chukwueze,"€ 36,154","€ 1,880,000",,"Nov 1, 2018","Jun 30, 2024",2.0,"€ 3,760,000",,F,,23.0,Reserve,Nigeria,,,Villarreal,La Liga,2022-2023,,,,,RW,,,,,,,,
509,Jorge Cuenca,"€ 29,423","€ 1,530,000",,"Sep 21, 2020","Jun 30, 2025",3.0,"€ 4,590,000",,D,,23.0,Reserve,Spain,,,Villarreal,La Liga,2022-2023,,,,,CB,,,,,,,,
510,Kiko Femenía,"€ 22,115","€ 1,150,000",,"Jul 28, 2022","Jun 30, 2025",3.0,"€ 3,450,000",,D,,31.0,Reserve,Spain,,,Villarreal,La Liga,2022-2023,,,,,RB,,,,,,,,
511,Johan Mojica,"€ 22,115","€ 1,150,000",,"Sep 1, 2022","Jun 30, 2026",4.0,"€ 4,600,000",,D,,30.0,Reserve,Colombia,,,Villarreal,La Liga,2022-2023,,,,,LB,,,,,,,,
512,Nicolas Jackson,"€ 15,000","€ 780,000",,"Jul 1, 2022","Jun 30, 2026",4.0,"€ 3,120,000",,F,,21.0,Reserve,Senegal,,,Villarreal,La Liga,2022-2023,,,,,CF,,,,,,,,
513,Pepe Reina,"€ 11,538","€ 600,000",,"Jul 8, 2022","Jun 30, 2023",1.0,"€ 600,000",,K,,40.0,Starter,Spain,,,Villarreal,La Liga,2022-2023,,,,,GK,,,,,,,,
514,Filip Jörgensen,"€ 11,538","€ 600,000",,"Nov 12, 2020","Jun 30, 2025",3.0,"€ 1,800,000",,K,,20.0,Reserve,Denmark,,,Villarreal,La Liga,2022-2023,,,,,GK,,,,,,,,
515,Álex Baena,"€ 9,615","€ 500,000",,"Jan 20, 2023","Jun 30, 2028",6.0,"€ 3,000,000",,F,,21.0,Starter,Spain,,,Villarreal,La Liga,2022-2023,,,,,LW,,,,,,,,
516,Arnaut Danjuma,€ 0,€ 0,,"Aug 19, 2021","Jun 30, 2026",4.0,€ 0,,F,,26.0,Reserve,Netherlands,,,Villarreal,La Liga,2022-2023,,,,,CF,,,,,,,,
517,Total,"€ 1,494,805","€ 77,730,000",€ 0,,,,"€ 210,870,000","€ 282,000,000",,,,,,,,Villarreal,La Liga,2022-2023,,,,,,,,,,,,,
