,Player,Gross P/W(EUR),Gross P/Y(EUR),Gross P/Y(EUR).1,Signed,"Contract Expiration Jun 30, 2023Jun 30, 2024Jun 30, 2025",Years Remaining 123,Gross Remaining(EUR),Release Clause(EUR),Pos. DFKM,Pos. AMCBCFCMDMGKLBLMLWRBRMRW,Age,Status ReserveStarter,Country,Active,Loan,Team,League,Season,"Contract Expiration Jun 30, 2023Jun 30, 2024Jun 30, 2025Jun 30, 2026",Years Remaining 1234,Pos. AMCBCFCMDMGKLBLMLWRBRW,Pos. AMCBCFCMDMGKLBLWRBRMRW,Pos. CBCFCMGKLBRBRMRW,"Contract Expiration Jun 30, 2023Jun 30, 2024Jun 30, 2025Jun 30, 2026Jun 30, 2027",Years Remaining 12345,Pos. AMCBCFCMDMGKLBLWRB,Pos. AMCBCFCMDMGKLBRBRM,Pos. AMCBCFCMDMGKLBLWRBRW,Pos. AMCBCFCMDMGKLBRBRW,Pos. CBCFCMDMGKLBLWRBRMRW,Pos. AMCBCFDMGKLBLWRBRW,Pos. AMCBCFCMDMGKLBLMRB
0,Youssouf Koné,"€ 26,154","€ 1,360,000",,"Aug 30, 2022","Jun 30, 2023",1.0,"€ 1,360,000",,D,LB,27.0,Reserve,Mali,,,Ajaccio,Ligue 1,2022-2023,,,,,,,,,,,,,,
1,Romain Hamouma,"€ 16,154","€ 840,000",,"Jul 1, 2022","Jun 30, 2023",1.0,"€ 840,000",,F,CF,35.0,Reserve,France,,,Ajaccio,Ligue 1,2022-2023,,,,,,,,,,,,,,
2,Moussa Djitté,"€ 11,731","€ 610,000",,"Jan 31, 2023","Jun 30, 2023",1.0,"€ 610,000",,F,CF,23.0,Reserve,Senegal,,,Ajaccio,Ligue 1,2022-2023,,,,,,,,,,,,,,
3,Thomas Mangani,"€ 11,538","€ 600,000",,"Jul 1, 2022","Jun 30, 2024",2.0,"€ 1,200,000",,M,CM,35.0,Reserve,France,,,Ajaccio,Ligue 1,2022-2023,,,,,,,,,,,,,,
4,Vincent Marchetti,"€ 6,923","€ 360,000",,"Aug 11, 2022","Jun 30, 2024",2.0,"€ 720,000",,M,DM,25.0,Reserve,France,,,Ajaccio,Ligue 1,2022-2023,,,,,,,,,,,,,,
5,Cédric Avinel,"€ 6,731","€ 350,000",,"Jun 21, 2022","Jun 30, 2023",1.0,"€ 350,000",,D,CB,36.0,Starter,Guadeloupe,,,Ajaccio,Ligue 1,2022-2023,,,,,,,,,,,,,,
6,Fernand Mayembo,"€ 5,769","€ 300,000",,"Jul 26, 2022","Jun 30, 2024",2.0,"€ 600,000",,D,CB,27.0,Reserve,Congo,,,Ajaccio,Ligue 1,2022-2023,,,,,,,,,,,,,,
7,Benjamin Leroy,"€ 5,577","€ 290,000",,"Nov 28, 2019","Jun 30, 2023",1.0,"€ 290,000",,K,GK,33.0,Starter,France,,,Ajaccio,Ligue 1,2022-2023,,,,,,,,,,,,,,
8,Mickaël Alphonse,"€ 4,615","€ 240,000",,"Jul 1, 2022","Jun 30, 2024",2.0,"€ 480,000",,D,RB,33.0,Starter,Guadeloupe,,,Ajaccio,Ligue 1,2022-2023,,,,,,,,,,,,,,
9,Mathieu Coutadeur,"€ 4,423","€ 230,000",,"Jun 7, 2020","Jun 30, 2023",1.0,"€ 230,000",,M,CM,36.0,Reserve,France,,,Ajaccio,Ligue 1,2022-2023,,,,,,,,,,,,,,
10,Kevin Spadanuda,"€ 4,038","€ 210,000",,"Jul 1, 2022","Jun 30, 2025",3.0,"€ 630,000",,F,LW,26.0,Reserve,Switzerland,,,Ajaccio,Ligue 1,2022-2023,,,,,,,,,,,,,,
11,Alassane N'Diaye,"€ 2,885","€ 150,000",,"Jul 1, 2020","Jun 30, 2023",1.0,"€ 150,000",,M,RM,31.0,Reserve,France,,,Ajaccio,Ligue 1,2022-2023,,,,,,,,,,,,,,
12,Yoann Touzghar,"€ 2,885","€ 150,000",,"Aug 24, 2022","Jun 30, 2024",2.0,"€ 300,000",,F,CF,36.0,Reserve,Tunisia,,,Ajaccio,Ligue 1,2022-2023,,,,,,,,,,,,,,
13,Riad Nouri,"€ 2,885","€ 150,000",,"Jun 21, 2022","Jun 30, 2024",2.0,"€ 300,000",,F,RW,37.0,Starter,France,,,Ajaccio,Ligue 1,2022-2023,,,,,,,,,,,,,,
14,Oumar Gonzalez,"€ 2,692","€ 140,000",,"Jul 1, 2021","Jun 30, 2023",1.0,"€ 140,000",,D,CB,24.0,Starter,Cameroon,,,Ajaccio,Ligue 1,2022-2023,,,,,,,,,,,,,,
15,Mickaël Barreto,"€ 1,923","€ 100,000",,"Jul 1, 2020","Jun 30, 2023",1.0,"€ 100,000",,F,AM,32.0,Starter,France,,,Ajaccio,Ligue 1,2022-2023,,,,,,,,,,,,,,
16,Mohamed Youssouf,"€ 1,923","€ 100,000",,"Jun 21, 2022","Jun 30, 2023",1.0,"€ 100,000",,D,RB,34.0,Starter,Comoros,,,Ajaccio,Ligue 1,2022-2023,,,,,,,,,,,,,,
17,Jean Botué,"€ 1,923","€ 100,000",,"Feb 16, 2021","Jun 30, 2023",1.0,"€ 100,000",,F,LW,20.0,Reserve,Burkina Faso,,,Ajaccio,Ligue 1,2022-2023,,,,,,,,,,,,,,
18,François-Joseph Sollacaro,"€ 1,923","€ 100,000",,"Jul 6, 2021","Jun 30, 2024",2.0,"€ 200,000",,K,GK,28.0,Reserve,France,,,Ajaccio,Ligue 1,2022-2023,,,,,,,,,,,,,,
19,Chaker Alhadhur,"€ 1,731","€ 90,000",,"Oct 12, 2021","Jun 30, 2023",1.0,"€ 90,000",,D,LB,31.0,Reserve,Comoros,,,Ajaccio,Ligue 1,2022-2023,,,,,,,,,,,,,,
20,Ghjuvanni Quilichini,"€ 1,731","€ 90,000",,"Jul 8, 2022","Jun 30, 2023",1.0,"€ 90,000",,K,GK,20.0,Reserve,France,,,Ajaccio,Ligue 1,2022-2023,,,,,,,,,,,,,,
21,Ismaël Diallo,"€ 1,346","€ 70,000",,"Jul 1, 2020","Jun 30, 2023",1.0,"€ 70,000",,D,LB,26.0,Reserve,Cote d'Ivoire,,,Ajaccio,Ligue 1,2022-2023,,,,,,,,,,,,,,
22,Cyrille Bayala,"€ 1,346","€ 70,000",,"Jun 21, 2022","Jun 30, 2024",2.0,"€ 140,000",,F,RW,26.0,Starter,Burkina Faso,,,Ajaccio,Ligue 1,2022-2023,,,,,,,,,,,,,,
23,Yanis Cimignani,€ 385,"€ 20,000",,"Jan 31, 2020","Jun 30, 2023",1.0,"€ 20,000",,M,LM,21.0,Reserve,France,,,Ajaccio,Ligue 1,2022-2023,,,,,,,,,,,,,,
24,Mounaïm El Idrissy,€ 385,"€ 20,000",,"Jan 28, 2020","Jun 30, 2023",1.0,"€ 20,000",,F,CF,23.0,Starter,France,,,Ajaccio,Ligue 1,2022-2023,,,,,,,,,,,,,,
25,Clément Vidal,€ 385,"€ 20,000",,"Jul 1, 2022","Jun 30, 2025",3.0,"€ 60,000",,D,CB,22.0,Starter,France,,,Ajaccio,Ligue 1,2022-2023,,,,,,,,,,,,,,
26,Florian Chabrolle,€ 385,"€ 20,000",,"Jan 5, 2021","Jun 30, 2023",1.0,"€ 20,000",,F,AM,24.0,Starter,France,,,Ajaccio,Ligue 1,2022-2023,,,,,,,,,,,,,,
27,Youcef Belaïli,€ 0,€ 0,,"Oct 12, 2022","Jun 30, 2023",1.0,€ 0,,F,LW,30.0,Reserve,Algeria,,,Ajaccio,Ligue 1,2022-2023,,,,,,,,,,,,,,
28,Ruan Levine,€ 0,€ 0,,"Sep 20, 2022","Jun 30, 2023",1.0,€ 0,,F,RW,24.0,Reserve,Brazil,,,Ajaccio,Ligue 1,2022-2023,,,,,,,,,,,,,,
29,Total,"€ 130,386","€ 6,780,000",€ 0,,,,"€ 9,210,000",€ 0,,,,,,,,Ajaccio,Ligue 1,2022-2023,,,,,,,,,,,,,,
30,Abdallah Sima,"€ 23,846","€ 1,240,000",,"Jul 13, 2022",,,"€ 1,240,000",,F,,21.0,Starter,Senegal,,,Angers,Ligue 1,2022-2023,"Jun 30, 2023",1.0,RW,,,,,,,,,,,
31,Paul Bernardoni,"€ 23,077","€ 1,200,000",,"Jul 1, 2020",,,"€ 2,400,000",,K,,25.0,Starter,France,,,Angers,Ligue 1,2022-2023,"Jun 30, 2024",2.0,GK,,,,,,,,,,,
32,Loïs Diony,"€ 21,923","€ 1,140,000",,"Sep 10, 2020",,,"€ 1,140,000",,F,,30.0,Reserve,France,,,Angers,Ligue 1,2022-2023,"Jun 30, 2023",1.0,CF,,,,,,,,,,,
33,Yan Valery,"€ 20,769","€ 1,080,000",,"Sep 1, 2022",,,"€ 4,320,000",,D,,23.0,Starter,Tunisia,,,Angers,Ligue 1,2022-2023,"Jun 30, 2026",4.0,RB,,,,,,,,,,,
34,Adrien Hunou,"€ 18,462","€ 960,000",,"Jul 1, 2022",,,"€ 2,880,000",,F,,29.0,Starter,France,,,Angers,Ligue 1,2022-2023,"Jun 30, 2025",3.0,CF,,,,,,,,,,,
35,Miha Blazic,"€ 13,846","€ 720,000",,"Jul 1, 2022",,,"€ 2,160,000",,D,,29.0,Starter,Slovenia,,,Angers,Ligue 1,2022-2023,"Jun 30, 2025",3.0,CB,,,,,,,,,,,
36,Souleyman Doumbia,"€ 13,077","€ 680,000",,"Jul 8, 2020",,,"€ 680,000",,D,,26.0,Reserve,Cote d'Ivoire,,,Angers,Ligue 1,2022-2023,"Jun 30, 2023",1.0,LB,,,,,,,,,,,
37,Cédric Hountondji,"€ 12,115","€ 630,000",,"Jul 18, 2022",,,"€ 2,520,000",,D,,29.0,Starter,Benin,,,Angers,Ligue 1,2022-2023,"Jun 30, 2026",4.0,CB,,,,,,,,,,,
38,Nabil Bentaleb,"€ 11,538","€ 600,000",,"Jan 6, 2022",,,"€ 1,800,000",,M,,28.0,Starter,Algeria,,,Angers,Ligue 1,2022-2023,"Jun 30, 2025",3.0,CM,,,,,,,,,,,
39,Ibrahima Niane,"€ 11,538","€ 600,000",,"Jan 31, 2023",,,"€ 600,000",,F,,23.0,Starter,Senegal,,,Angers,Ligue 1,2022-2023,"Jun 30, 2023",1.0,CF,,,,,,,,,,,
40,Ibrahim Amadou,"€ 10,962","€ 570,000",,"Sep 1, 2022",,,"€ 570,000",,M,,29.0,Reserve,France,,,Angers,Ligue 1,2022-2023,"Jun 30, 2023",1.0,DM,,,,,,,,,,,
41,Batista Mendy,"€ 10,577","€ 550,000",,"Jul 19, 2021",,,"€ 1,100,000",,M,,23.0,Starter,France,,,Angers,Ligue 1,2022-2023,"Jun 30, 2024",2.0,DM,,,,,,,,,,,
42,Pierrick Capelle,"€ 10,385","€ 540,000",,"Jul 4, 2022",,,"€ 540,000",,M,,35.0,Reserve,France,,,Angers,Ligue 1,2022-2023,"Jun 30, 2023",1.0,LM,,,,,,,,,,,
43,Sada Thioub,"€ 6,538","€ 340,000",,"Jul 23, 2019",,,"€ 340,000",,F,,27.0,Reserve,Senegal,,,Angers,Ligue 1,2022-2023,"Jun 30, 2023",1.0,RW,,,,,,,,,,,
44,Abdoulaye Bamba,"€ 6,346","€ 330,000",,"May 29, 2020",,,"€ 330,000",,D,,32.0,Reserve,Cote d'Ivoire,,,Angers,Ligue 1,2022-2023,"Jun 30, 2023",1.0,RB,,,,,,,,,,,
45,Farid El Melali,"€ 5,577","€ 290,000",,"Aug 9, 2018",,,"€ 290,000",,F,,25.0,Reserve,Algeria,,,Angers,Ligue 1,2022-2023,"Jun 30, 2023",1.0,LW,,,,,,,,,,,
46,Ilyes Chetti,"€ 4,615","€ 240,000",,"Jul 19, 2022",,,"€ 960,000",,D,,28.0,Reserve,Algeria,,,Angers,Ligue 1,2022-2023,"Jun 30, 2026",4.0,LB,,,,,,,,,,,
47,Amine Salama,"€ 4,615","€ 240,000",,"Jul 1, 2022",,,"€ 960,000",,F,,22.0,Reserve,France,,,Angers,Ligue 1,2022-2023,"Jun 30, 2026",4.0,CF,,,,,,,,,,,
48,Yahia Fofana,"€ 4,615","€ 240,000",,"Jul 1, 2022",,,"€ 960,000",,K,,22.0,Reserve,France,,,Angers,Ligue 1,2022-2023,"Jun 30, 2026",4.0,GK,,,,,,,,,,,
49,Ousmane Camara,"€ 3,462","€ 180,000",,"Dec 27, 2022",,,"€ 720,000",,D,,19.0,Reserve,France,,,Angers,Ligue 1,2022-2023,"Jun 30, 2026",4.0,CB,,,,,,,,,,,
50,Waniss Taïbi,"€ 2,885","€ 150,000",,"Aug 24, 2022",,,"€ 450,000",,F,,20.0,Reserve,France,,,Angers,Ligue 1,2022-2023,"Jun 30, 2025",3.0,AM,,,,,,,,,,,
51,Himad Abdelli,"€ 2,308","€ 120,000",,"Jul 1, 2022",,,"€ 480,000",,F,,23.0,Starter,France,,,Angers,Ligue 1,2022-2023,"Jun 30, 2026",4.0,AM,,,,,,,,,,,
52,Ulrick Eneme-Ella,"€ 1,731","€ 90,000",,"Jul 1, 2022",,,"€ 270,000",,F,,21.0,Reserve,Gabon,,,Angers,Ligue 1,2022-2023,"Jun 30, 2025",3.0,CF,,,,,,,,,,,
53,Halid Sabanovic,"€ 1,731","€ 90,000",,"Jul 1, 2022",,,"€ 270,000",,D,,23.0,Reserve,Bosnia-Herzegovina,,,Angers,Ligue 1,2022-2023,"Jun 30, 2025",3.0,RB,,,,,,,,,,,
54,Zinédine Ould Khaled,"€ 1,154","€ 60,000",,"Jul 29, 2019",,,"€ 180,000",,M,,23.0,Reserve,France,,,Angers,Ligue 1,2022-2023,"Jun 30, 2025",3.0,DM,,,,,,,,,,,
55,Ali Kalla,"€ 1,154","€ 60,000",,"Jun 29, 2022",,,"€ 60,000",,D,,24.0,Reserve,France,,,Angers,Ligue 1,2022-2023,"Jun 30, 2023",1.0,RB,,,,,,,,,,,
56,Melvin Zinga,€ 962,"€ 50,000",,"Jul 1, 2022",,,"€ 50,000",,K,,20.0,Reserve,France,,,Angers,Ligue 1,2022-2023,"Jun 30, 2023",1.0,GK,,,,,,,,,,,
57,Théo Borne,€ 962,"€ 50,000",,"Jun 17, 2022",,,"€ 50,000",,K,,20.0,Reserve,France,,,Angers,Ligue 1,2022-2023,"Jun 30, 2023",1.0,GK,,,,,,,,,,,
58,Jean-Mattéo Bahoya,€ 577,"€ 30,000",,"Jul 1, 2022",,,"€ 90,000",,F,,17.0,Reserve,France,,,Angers,Ligue 1,2022-2023,"Jun 30, 2025",3.0,AM,,,,,,,,,,,
59,Yassin Belkhdim,€ 577,"€ 30,000",,"Jul 1, 2022",,,"€ 90,000",,M,,20.0,Reserve,Morocco,,,Angers,Ligue 1,2022-2023,"Jun 30, 2025",3.0,CM,,,,,,,,,,,
60,Faouzi Ghoulam,€ 0,€ 0,,"Jan 31, 2023",,,€ 0,,D,,32.0,Starter,Algeria,,,Angers,Ligue 1,2022-2023,"Jun 30, 2023",1.0,LB,,,,,,,,,,,
61,Total,"€ 251,924","€ 13,100,000",€ 0,,,,"€ 28,500,000",€ 0,,,,,,,,Angers,Ligue 1,2022-2023,,,,,,,,,,,,,,
62,Ionut Radu,"€ 35,000","€ 1,820,000",,"Jan 25, 2023","Jun 30, 2023",1.0,"€ 1,820,000",,K,,25.0,Starter,Romania,,,Auxerre,Ligue 1,2022-2023,,,,GK,,,,,,,,,,
63,M'Baye Niang,"€ 16,154","€ 840,000",,"Aug 16, 2022","Jun 30, 2024",2.0,"€ 1,680,000",,F,,28.0,Reserve,Senegal,,,Auxerre,Ligue 1,2022-2023,,,,CF,,,,,,,,,,
64,Akim Zedadka,"€ 15,000","€ 780,000",,"Dec 9, 2022","Jun 30, 2023",1.0,"€ 780,000",,D,,27.0,Reserve,Algeria,,,Auxerre,Ligue 1,2022-2023,,,,RB,,,,,,,,,,
65,Rayan Raveloson,"€ 13,846","€ 720,000",,"Aug 4, 2022","Jun 30, 2025",3.0,"€ 2,160,000",,M,,26.0,Starter,Madagascar,,,Auxerre,Ligue 1,2022-2023,,,,DM,,,,,,,,,,
66,Jubal,"€ 13,462","€ 700,000",,"Jul 22, 2022","Jun 30, 2025",3.0,"€ 2,100,000",,D,,29.0,Starter,Brazil,,,Auxerre,Ligue 1,2022-2023,,,,CB,,,,,,,,,,
67,Donovan Léon,"€ 10,000","€ 520,000",,"Sep 7, 2022","Jun 30, 2025",3.0,"€ 1,560,000",,K,,30.0,Reserve,French Guiana,,,Auxerre,Ligue 1,2022-2023,,,,GK,,,,,,,,,,
68,Youssouf M'Changama,"€ 9,231","€ 480,000",,"Jul 1, 2022","Jun 30, 2024",2.0,"€ 960,000",,F,,32.0,Reserve,Comoros,,,Auxerre,Ligue 1,2022-2023,,,,AM,,,,,,,,,,
69,Birama Touré,"€ 8,846","€ 460,000",,"Jul 1, 2022","Jun 30, 2023",1.0,"€ 460,000",,M,,30.0,Starter,Mali,,,Auxerre,Ligue 1,2022-2023,,,,DM,,,,,,,,,,
70,Siriki Dembélé,"€ 8,846","€ 460,000",,"Jan 31, 2023","Jun 30, 2023",1.0,"€ 460,000",,F,,26.0,Reserve,Scotland,,,Auxerre,Ligue 1,2022-2023,,,,LW,,,,,,,,,,
71,Théo Pellenard,"€ 8,462","€ 440,000",,"Nov 26, 2021","Jun 30, 2024",2.0,"€ 880,000",,D,,28.0,Reserve,France,,,Auxerre,Ligue 1,2022-2023,,,,CB,,,,,,,,,,
72,Gideon Mensah,"€ 8,077","€ 420,000",,"Aug 13, 2022","Jun 30, 2025",3.0,"€ 1,260,000",,D,,24.0,Starter,Ghana,,,Auxerre,Ligue 1,2022-2023,,,,LB,,,,,,,,,,
73,Denys Bain,"€ 6,923","€ 360,000",,"Jul 5, 2022","Jun 30, 2023",1.0,"€ 360,000",,D,,29.0,Reserve,France,,,Auxerre,Ligue 1,2022-2023,,,,CB,,,,,,,,,,
74,Han-Noah Massengo,"€ 6,154","€ 320,000",,"Jan 30, 2023","Jun 30, 2023",1.0,"€ 320,000",,M,,21.0,Starter,Congo,,,Auxerre,Ligue 1,2022-2023,,,,CM,,,,,,,,,,
75,Mathias Autret,"€ 6,154","€ 320,000",,"Jul 1, 2020","Jun 30, 2023",1.0,"€ 320,000",,F,,31.0,Starter,France,,,Auxerre,Ligue 1,2022-2023,,,,AM,,,,,,,,,,
76,Gaëtan Perrin,"€ 5,962","€ 310,000",,"Jul 1, 2021","Jun 30, 2024",2.0,"€ 620,000",,M,,26.0,Reserve,France,,,Auxerre,Ligue 1,2022-2023,,,,RM,,,,,,,,,,
77,Gauthier Hein,"€ 5,769","€ 300,000",,"Jul 13, 2022","Jun 30, 2025",3.0,"€ 900,000",,F,,26.0,Starter,France,,,Auxerre,Ligue 1,2022-2023,,,,RW,,,,,,,,,,
78,Nuno Da Costa,"€ 5,769","€ 300,000",,"Aug 5, 2022","Jun 30, 2024",2.0,"€ 600,000",,F,,31.0,Starter,Cape Verde,,,Auxerre,Ligue 1,2022-2023,,,,CF,,,,,,,,,,
79,Hamza Sakhi,"€ 5,192","€ 270,000",,"Aug 30, 2022","Jun 30, 2025",3.0,"€ 810,000",,F,,26.0,Reserve,Morocco,,,Auxerre,Ligue 1,2022-2023,,,,AM,,,,,,,,,,
80,Julian Jeanvier,"€ 5,192","€ 270,000",,"Aug 2, 2022","Jun 30, 2023",1.0,"€ 270,000",,D,,30.0,Reserve,Guinea,,,Auxerre,Ligue 1,2022-2023,,,,CB,,,,,,,,,,
81,Souleymane Isaak Touré,"€ 4,615","€ 240,000",,"Jan 3, 2023","Jun 30, 2023",1.0,"€ 240,000",,D,,19.0,Starter,France,,,Auxerre,Ligue 1,2022-2023,,,,CB,,,,,,,,,,
82,Kenji-Van Boto,"€ 2,885","€ 150,000",,"May 19, 2021","Jun 30, 2024",2.0,"€ 300,000",,D,,26.0,Reserve,Madagascar,,,Auxerre,Ligue 1,2022-2023,,,,LB,,,,,,,,,,
83,Rémy Dugimont,"€ 2,308","€ 120,000",,"Jun 5, 2021","Jun 30, 2023",1.0,"€ 120,000",,F,,36.0,Reserve,France,,,Auxerre,Ligue 1,2022-2023,,,,LW,,,,,,,,,,
84,Ousoumane Camara,"€ 1,154","€ 60,000",,"Jul 1, 2019","Jun 30, 2024",2.0,"€ 120,000",,M,,24.0,Reserve,France,,,Auxerre,Ligue 1,2022-2023,,,,DM,,,,,,,,,,
85,Lassine Sinayoko,"€ 1,154","€ 60,000",,"Dec 17, 2021","Jun 30, 2025",3.0,"€ 180,000",,F,,23.0,Reserve,Mali,,,Auxerre,Ligue 1,2022-2023,,,,RW,,,,,,,,,,
86,Kays Ruiz-Atil,"€ 1,154","€ 60,000",,"Jul 1, 2022","Jun 30, 2025",3.0,"€ 180,000",,M,,20.0,Reserve,Morocco,,,Auxerre,Ligue 1,2022-2023,,,,CM,,,,,,,,,,
87,Brayann Pereira,"€ 1,154","€ 60,000",,"Jul 12, 2022","Jun 30, 2025",3.0,"€ 180,000",,D,,19.0,Reserve,France,,,Auxerre,Ligue 1,2022-2023,,,,RB,,,,,,,,,,
88,Ousmane Camara,€ 962,"€ 50,000",,"Jun 15, 2021","Jun 30, 2025",3.0,"€ 150,000",,F,,21.0,Reserve,Guinea,,,Auxerre,Ligue 1,2022-2023,,,,CF,,,,,,,,,,
89,Idjessi Metsoko,€ 962,"€ 50,000",,"Jul 1, 2022","Jun 30, 2023",1.0,"€ 50,000",,F,,20.0,Reserve,Togo,,,Auxerre,Ligue 1,2022-2023,,,,CF,,,,,,,,,,
90,Natanaël Bouekou,€ 962,"€ 50,000",,"Jul 1, 2022","Jun 30, 2023",1.0,"€ 50,000",,M,,20.0,Reserve,France,,,Auxerre,Ligue 1,2022-2023,,,,DM,,,,,,,,,,
91,Kévin Danois,€ 769,"€ 40,000",,"Jul 1, 2022","Jun 30, 2024",2.0,"€ 80,000",,F,,18.0,Reserve,France,,,Auxerre,Ligue 1,2022-2023,,,,AM,,,,,,,,,,
92,Théo De Percin,€ 577,"€ 30,000",,"Mar 17, 2021","Jun 30, 2024",2.0,"€ 60,000",,K,,21.0,Reserve,France,,,Auxerre,Ligue 1,2022-2023,,,,GK,,,,,,,,,,
93,Matthis Abline,€ 577,"€ 30,000",,"Jan 2, 2023","Jun 30, 2023",1.0,"€ 30,000",,F,,19.0,Starter,France,,,Auxerre,Ligue 1,2022-2023,,,,CF,,,,,,,,,,
94,Vincenzo Cozzella,€ 0,€ 0,,"Jan 18, 2023","Jun 30, 2023",1.0,€ 0,,K,,21.0,Reserve,Italy,,,Auxerre,Ligue 1,2022-2023,,,,GK,,,,,,,,,,
95,Elisha Owusu,€ 0,€ 0,,"Jan 16, 2023","Jun 30, 2025",3.0,€ 0,,M,,25.0,Reserve,Ghana,,,Auxerre,Ligue 1,2022-2023,,,,DM,,,,,,,,,,
96,Total,"€ 213,272","€ 11,090,000",€ 0,,,,"€ 20,060,000",€ 0,,,,,,,,Auxerre,Ligue 1,2022-2023,,,,,,,,,,,,,,
97,Pierre Lees-Melou,"€ 39,231","€ 2,040,000",,"Jul 23, 2022",,,"€ 6,120,000",,M,,29.0,Starter,France,,,Brest,Ligue 1,2022-2023,"Jun 30, 2025",3.0,,,CM,,,,,,,,,
98,Steve Mounié,"€ 16,154","€ 840,000",,"Sep 9, 2020",,,"€ 1,680,000",,F,,28.0,Starter,Benin,,,Brest,Ligue 1,2022-2023,"Jun 30, 2024",2.0,,,CF,,,,,,,,,
99,Christophe Hérelle,"€ 12,692","€ 660,000",,"Aug 11, 2020",,,"€ 1,320,000",,D,,30.0,Starter,Martinique,,,Brest,Ligue 1,2022-2023,"Jun 30, 2024",2.0,,,CB,,,,,,,,,
100,Franck Honorat,"€ 11,538","€ 600,000",,"Jul 1, 2020",,,"€ 1,800,000",,F,,26.0,Reserve,France,,,Brest,Ligue 1,2022-2023,"Jun 30, 2025",3.0,,,RW,,,,,,,,,
101,Marco Bizot,"€ 10,385","€ 540,000",,"Aug 4, 2021",,,"€ 1,080,000",,K,,31.0,Starter,Netherlands,,,Brest,Ligue 1,2022-2023,"Jun 30, 2024",2.0,,,GK,,,,,,,,,
102,Brendan Chardonnet,"€ 10,385","€ 540,000",,"Oct 1, 2021",,,"€ 1,620,000",,D,,28.0,Reserve,France,,,Brest,Ligue 1,2022-2023,"Jun 30, 2025",3.0,,,CB,,,,,,,,,
103,Romain Del Castillo,"€ 10,385","€ 540,000",,"Aug 31, 2021",,,"€ 1,080,000",,M,,26.0,Reserve,France,,,Brest,Ligue 1,2022-2023,"Jun 30, 2024",2.0,,,RM,,,,,,,,,
104,Haris Belkebla,"€ 10,385","€ 540,000",,"Sep 5, 2020",,,"€ 540,000",,M,,29.0,Reserve,Algeria,,,Brest,Ligue 1,2022-2023,"Jun 30, 2023",1.0,,,CM,,,,,,,,,
105,Mathias Pereira Lage,"€ 9,808","€ 510,000",,"Jul 1, 2022",,,"€ 1,530,000",,M,,26.0,Reserve,France,,,Brest,Ligue 1,2022-2023,"Jun 30, 2025",3.0,,,RM,,,,,,,,,
106,Achraf Dari,"€ 9,231","€ 480,000",,"Jul 29, 2022",,,"€ 1,920,000",,D,,23.0,Starter,Morocco,,,Brest,Ligue 1,2022-2023,"Jun 30, 2026",4.0,,,CB,,,,,,,,,
107,Jérémy Le Douaron,"€ 6,923","€ 360,000",,"Oct 27, 2022",,,"€ 1,440,000",,F,,24.0,Starter,France,,,Brest,Ligue 1,2022-2023,"Jun 30, 2026",4.0,,,CF,,,,,,,,,
108,Mahdi Camara,"€ 5,769","€ 300,000",,"Aug 26, 2022",,,"€ 300,000",,M,,24.0,Starter,France,,,Brest,Ligue 1,2022-2023,"Jun 30, 2023",1.0,,,CM,,,,,,,,,
109,Jean-Kévin Duverne,"€ 4,231","€ 220,000",,"Sep 2, 2019",,,"€ 220,000",,D,,25.0,Reserve,France,,,Brest,Ligue 1,2022-2023,"Jun 30, 2023",1.0,,,CB,,,,,,,,,
110,Noah Fadiga,"€ 4,038","€ 210,000",,"Jul 1, 2022",,,"€ 840,000",,D,,23.0,Reserve,Senegal,,,Brest,Ligue 1,2022-2023,"Jun 30, 2026",4.0,,,RB,,,,,,,,,
111,Alberth Elis,"€ 3,846","€ 200,000",,"Jan 30, 2023",,,"€ 200,000",,F,,26.0,Starter,Honduras,,,Brest,Ligue 1,2022-2023,"Jun 30, 2023",1.0,,,RW,,,,,,,,,
112,Joaquín Blázquez,"€ 2,308","€ 120,000",,"Jul 27, 2022",,,"€ 120,000",,K,,22.0,Reserve,Argentina,,,Brest,Ligue 1,2022-2023,"Jun 30, 2023",1.0,,,GK,,,,,,,,,
113,Lilian Brassier,"€ 1,731","€ 90,000",,"Jul 1, 2021",,,"€ 180,000",,D,,23.0,Starter,France,,,Brest,Ligue 1,2022-2023,"Jun 30, 2024",2.0,,,CB,,,,,,,,,
114,Taïryk Arconte,"€ 1,154","€ 60,000",,"Sep 1, 2022",,,"€ 240,000",,F,,19.0,Reserve,France,,,Brest,Ligue 1,2022-2023,"Jun 30, 2026",4.0,,,RW,,,,,,,,,
115,Karamoko Dembélé,"€ 1,154","€ 60,000",,"Jul 5, 2022",,,"€ 240,000",,F,,19.0,Reserve,England,,,Brest,Ligue 1,2022-2023,"Jun 30, 2026",4.0,,,RW,,,,,,,,,
116,Hugo Magnetti,€ 962,"€ 50,000",,"Dec 12, 2022",,,"€ 200,000",,M,,24.0,Starter,France,,,Brest,Ligue 1,2022-2023,"Jun 30, 2026",4.0,,,CM,,,,,,,,,
117,Félix Lemaréchal,€ 962,"€ 50,000",,"Jan 31, 2023",,,"€ 50,000",,M,,19.0,Reserve,France,,,Brest,Ligue 1,2022-2023,"Jun 30, 2023",1.0,,,CM,,,,,,,,,
118,Bradley Locko,€ 769,"€ 40,000",,"Jan 31, 2023",,,"€ 40,000",,D,,20.0,Reserve,France,,,Brest,Ligue 1,2022-2023,"Jun 30, 2023",1.0,,,LB,,,,,,,,,
119,Grégoire Coudert,€ 577,"€ 30,000",,"Jul 5, 2021",,,"€ 30,000",,K,,23.0,Reserve,France,,,Brest,Ligue 1,2022-2023,"Jun 30, 2023",1.0,,,GK,,,,,,,,,
120,Josué Escartin,€ 0,€ 0,,"Aug 9, 2022",,,€ 0,,D,,19.0,Reserve,France,,,Brest,Ligue 1,2022-2023,"Jun 30, 2025",3.0,,,CB,,,,,,,,,
121,Loïc Rémy,€ 0,€ 0,,"Feb 1, 2023",,,€ 0,,F,,36.0,Reserve,France,,,Brest,Ligue 1,2022-2023,"Jun 30, 2023",1.0,,,CF,,,,,,,,,
122,Kenny Lala,€ 0,€ 0,,"Jan 1, 2023",,,€ 0,,D,,31.0,Starter,France,,,Brest,Ligue 1,2022-2023,"Jun 30, 2023",1.0,,,RB,,,,,,,,,
123,Total,"€ 174,618","€ 9,080,000",€ 0,,,,"€ 22,790,000",€ 0,,,,,,,,Brest,Ligue 1,2022-2023,,,,,,,,,,,,,,
124,Maxime Gonalons,"€ 15,000","€ 780,000",,"Jul 1, 2022",,,"€ 1,560,000",,M,,33.0,Reserve,France,,,Clermont,Ligue 1,2022-2023,,,,,,"Jun 30, 2024",2.0,DM,,,,,,
125,Jérémie Bela,"€ 12,692","€ 660,000",,"Aug 2, 2022",,,"€ 1,320,000",,F,,29.0,Reserve,Angola,,,Clermont,Ligue 1,2022-2023,,,,,,"Jun 30, 2024",2.0,LW,,,,,,
126,Johan Gastien,"€ 10,385","€ 540,000",,"Aug 11, 2022",,,"€ 1,620,000",,M,,35.0,Reserve,France,,,Clermont,Ligue 1,2022-2023,,,,,,"Jun 30, 2025",3.0,DM,,,,,,
127,Maximiliano Caufriez,"€ 10,192","€ 530,000",,"Aug 29, 2022",,,"€ 530,000",,D,,25.0,Starter,Belgium,,,Clermont,Ligue 1,2022-2023,,,,,,"Jun 30, 2023",1.0,CB,,,,,,
128,Neto Borges,"€ 8,654","€ 450,000",,"Jul 1, 2022",,,"€ 900,000",,D,,26.0,Starter,Brazil,,,Clermont,Ligue 1,2022-2023,,,,,,"Jun 30, 2024",2.0,LB,,,,,,
129,Florent Ogier,"€ 8,077","€ 420,000",,"Jul 13, 2022",,,"€ 840,000",,D,,33.0,Starter,France,,,Clermont,Ligue 1,2022-2023,,,,,,"Jun 30, 2024",2.0,CB,,,,,,
130,Mory Diaw,"€ 6,346","€ 330,000",,"Jul 1, 2022",,,"€ 660,000",,K,,29.0,Starter,Senegal,,,Clermont,Ligue 1,2022-2023,,,,,,"Jun 30, 2024",2.0,GK,,,,,,
131,Alidu Seidu,"€ 5,769","€ 300,000",,"Oct 19, 2022",,,"€ 1,500,000",,D,,22.0,Reserve,Ghana,,,Clermont,Ligue 1,2022-2023,,,,,,"Jun 30, 2027",5.0,CB,,,,,,
132,Grejohn Kyei,"€ 5,769","€ 300,000",,"Jun 28, 2022",,,"€ 600,000",,F,,27.0,Starter,France,,,Clermont,Ligue 1,2022-2023,,,,,,"Jun 30, 2024",2.0,CF,,,,,,
133,Komnen Andric,"€ 5,769","€ 300,000",,"Jul 15, 2022",,,"€ 900,000",,F,,27.0,Starter,Serbia,,,Clermont,Ligue 1,2022-2023,,,,,,"Jun 30, 2025",3.0,CF,,,,,,
134,Mateusz Wieteska,"€ 5,192","€ 270,000",,"Jul 25, 2022",,,"€ 1,080,000",,D,,25.0,Starter,Poland,,,Clermont,Ligue 1,2022-2023,,,,,,"Jun 30, 2026",4.0,CB,,,,,,
135,Muhammed Cham,"€ 5,192","€ 270,000",,"Aug 17, 2022",,,"€ 1,080,000",,F,,22.0,Starter,Austria,,,Clermont,Ligue 1,2022-2023,,,,,,"Jun 30, 2026",4.0,AM,,,,,,
136,Mehdi Zeffane,"€ 4,615","€ 240,000",,"Jul 1, 2022",,,"€ 480,000",,D,,30.0,Reserve,Algeria,,,Clermont,Ligue 1,2022-2023,,,,,,"Jun 30, 2024",2.0,RB,,,,,,
137,Yohann Magnin,"€ 3,462","€ 180,000",,"Jul 15, 2022",,,"€ 540,000",,M,,25.0,Starter,France,,,Clermont,Ligue 1,2022-2023,,,,,,"Jun 30, 2025",3.0,DM,,,,,,
138,Elbasan Rashani,"€ 2,692","€ 140,000",,"Jul 16, 2021",,,"€ 420,000",,F,,29.0,Reserve,Kosovo,,,Clermont,Ligue 1,2022-2023,,,,,,"Jun 30, 2025",3.0,LW,,,,,,
139,Jim Allevinah,"€ 2,500","€ 130,000",,"Aug 11, 2021",,,"€ 260,000",,F,,27.0,Starter,Gabon,,,Clermont,Ligue 1,2022-2023,,,,,,"Jun 30, 2024",2.0,LW,,,,,,
140,Saîf-Eddine Khaoui,"€ 1,923","€ 100,000",,"Aug 14, 2021",,,"€ 100,000",,F,,27.0,Starter,Tunisia,,,Clermont,Ligue 1,2022-2023,,,,,,"Jun 30, 2023",1.0,AM,,,,,,
141,Baïla Diallo,"€ 1,923","€ 100,000",,"Jan 22, 2021",,,"€ 200,000",,D,,21.0,Reserve,Senegal,,,Clermont,Ligue 1,2022-2023,,,,,,"Jun 30, 2024",2.0,LB,,,,,,
142,Oliver Kamdem,€ 962,"€ 50,000",,"Jul 1, 2022",,,"€ 50,000",,D,,20.0,Reserve,France,,,Clermont,Ligue 1,2022-2023,,,,,,"Jun 30, 2023",1.0,RB,,,,,,
143,Lucas Margueron,€ 577,"€ 30,000",,"Jul 2, 2020",,,"€ 30,000",,K,,21.0,Reserve,France,,,Clermont,Ligue 1,2022-2023,,,,,,"Jun 30, 2023",1.0,GK,,,,,,
144,Souleymane Cissé,€ 577,"€ 30,000",,"Jul 1, 2022",,,"€ 30,000",,D,,20.0,Reserve,France,,,Clermont,Ligue 1,2022-2023,,,,,,"Jun 30, 2023",1.0,CB,,,,,,
145,Yanis Massolin,€ 577,"€ 30,000",,"Jul 1, 2022",,,"€ 90,000",,M,,20.0,Reserve,France,,,Clermont,Ligue 1,2022-2023,,,,,,"Jun 30, 2025",3.0,CM,,,,,,
146,Ouparine Djoco,€ 385,"€ 20,000",,"Dec 21, 2020",,,"€ 60,000",,K,,24.0,Reserve,France,,,Clermont,Ligue 1,2022-2023,,,,,,"Jun 30, 2025",3.0,GK,,,,,,
147,Total,"€ 119,230","€ 6,200,000",€ 0,,,,"€ 14,850,000",€ 0,,,,,,,,Clermont,Ligue 1,2022-2023,,,,,,,,,,,,,,
148,Angelo Fulgini,"€ 35,000","€ 1,820,000",,"Jan 31, 2023",,,"€ 1,820,000",,F,,26.0,Reserve,France,,,Lens,Ligue 1,2022-2023,,,,,,"Jun 30, 2023",1.0,,AM,,,,,
149,Seko Fofana,"€ 34,615","€ 1,800,000",,"Aug 31, 2022",,,"€ 5,400,000",,M,,27.0,Starter,Cote d'Ivoire,,,Lens,Ligue 1,2022-2023,,,,,,"Jun 30, 2025",3.0,,CM,,,,,
150,Alexis Claude-Maurice,"€ 23,077","€ 1,200,000",,"Aug 31, 2022",,,"€ 1,200,000",,F,,24.0,Reserve,France,,,Lens,Ligue 1,2022-2023,,,,,,"Jun 30, 2023",1.0,,AM,,,,,
151,Brice Samba,"€ 23,077","€ 1,200,000",,"Jul 5, 2022",,,"€ 6,000,000",,K,,28.0,Starter,France,,,Lens,Ligue 1,2022-2023,,,,,,"Jun 30, 2027",5.0,,GK,,,,,
152,Adam Buksa,"€ 19,615","€ 1,020,000",,"Jul 1, 2022",,,"€ 5,100,000",,F,,26.0,Reserve,Poland,,,Lens,Ligue 1,2022-2023,,,,,,"Jun 30, 2027",5.0,,CF,,,,,
153,Loïs Openda,"€ 16,154","€ 840,000",,"Jul 6, 2022",,,"€ 4,200,000",,F,,22.0,Starter,Belgium,,,Lens,Ligue 1,2022-2023,,,,,,"Jun 30, 2027",5.0,,CF,,,,,
154,Jimmy Cabot,"€ 13,846","€ 720,000",,"Jul 1, 2022",,,"€ 2,880,000",,M,,28.0,Reserve,France,,,Lens,Ligue 1,2022-2023,,,,,,"Jun 30, 2026",4.0,,RM,,,,,
155,Kevin Danso,"€ 9,615","€ 500,000",,"Aug 6, 2021",,,"€ 2,000,000",,D,,24.0,Starter,Austria,,,Lens,Ligue 1,2022-2023,,,,,,"Jun 30, 2026",4.0,,CB,,,,,
156,Wuilker Fariñez,"€ 9,038","€ 470,000",,"Jul 1, 2021",,,"€ 940,000",,K,,24.0,Reserve,Venezuela,,,Lens,Ligue 1,2022-2023,,,,,,"Jun 30, 2024",2.0,,GK,,,,,
157,Wesley Saïd,"€ 8,269","€ 430,000",,"Jan 17, 2023",,,"€ 1,720,000",,F,,27.0,Reserve,France,,,Lens,Ligue 1,2022-2023,,,,,,"Jun 30, 2026",4.0,,CF,,,,,
158,Jean Onana,"€ 8,077","€ 420,000",,"Sep 1, 2022",,,"€ 2,100,000",,M,,23.0,Reserve,Cameroon,,,Lens,Ligue 1,2022-2023,,,,,,"Jun 30, 2027",5.0,,DM,,,,,
159,Deiver Machado,"€ 6,538","€ 340,000",,"Jan 31, 2023",,,"€ 1,360,000",,D,,29.0,Starter,Colombia,,,Lens,Ligue 1,2022-2023,,,,,,"Jun 30, 2026",4.0,,LB,,,,,
160,Jean-Louis Leca,"€ 6,538","€ 340,000",,"Dec 16, 2022",,,"€ 680,000",,K,,37.0,Reserve,France,,,Lens,Ligue 1,2022-2023,,,,,,"Jun 30, 2024",2.0,,GK,,,,,
161,Steven Fortes,"€ 5,962","€ 310,000",,"Jul 1, 2019",,,"€ 310,000",,D,,30.0,Reserve,Cape Verde,,,Lens,Ligue 1,2022-2023,,,,,,"Jun 30, 2023",1.0,,CB,,,,,
162,Przemyslaw Frankowski,"€ 5,577","€ 290,000",,"Aug 5, 2021",,,"€ 1,160,000",,M,,27.0,Reserve,Poland,,,Lens,Ligue 1,2022-2023,,,,,,"Jun 30, 2026",4.0,,RM,,,,,
163,Salis Abdul Samed,"€ 5,192","€ 270,000",,"Jul 1, 2022",,,"€ 1,350,000",,M,,22.0,Starter,Ghana,,,Lens,Ligue 1,2022-2023,,,,,,"Jun 30, 2027",5.0,,DM,,,,,
164,Florian Sotoca,"€ 4,615","€ 240,000",,"Jan 24, 2023",,,"€ 960,000",,F,,32.0,Starter,France,,,Lens,Ligue 1,2022-2023,,,,,,"Jun 30, 2026",4.0,,CF,,,,,
165,Massadio Haidara,"€ 4,615","€ 240,000",,"Dec 28, 2022",,,"€ 720,000",,D,,30.0,Reserve,Mali,,,Lens,Ligue 1,2022-2023,,,,,,"Jun 30, 2025",3.0,,LB,,,,,
166,Jonathan Gradit,"€ 3,269","€ 170,000",,"Feb 2, 2023",,,"€ 340,000",,D,,30.0,Starter,France,,,Lens,Ligue 1,2022-2023,,,,,,"Jun 30, 2024",2.0,,CB,,,,,
167,Facundo Medina,"€ 2,308","€ 120,000",,"Jan 18, 2023",,,"€ 480,000",,D,,23.0,Starter,Argentina,,,Lens,Ligue 1,2022-2023,,,,,,"Jun 30, 2026",4.0,,CB,,,,,
168,Lukasz Poreba,"€ 1,731","€ 90,000",,"Jul 1, 2022",,,"€ 450,000",,M,,22.0,Reserve,Poland,,,Lens,Ligue 1,2022-2023,,,,,,"Jun 30, 2027",5.0,,DM,,,,,
169,Yannick Pandor,"€ 1,154","€ 60,000",,"Jan 17, 2023",,,"€ 240,000",,K,,21.0,Reserve,Comoros,,,Lens,Ligue 1,2022-2023,,,,,,"Jun 30, 2026",4.0,,GK,,,,,
170,David Costa,€ 577,"€ 30,000",,"May 11, 2021",,,"€ 60,000",,F,,22.0,Reserve,Portugal,,,Lens,Ligue 1,2022-2023,,,,,,"Jun 30, 2024",2.0,,AM,,,,,
171,Adrien Louveau,€ 577,"€ 30,000",,"Jun 27, 2022",,,"€ 30,000",,D,,23.0,Reserve,France,,,Lens,Ligue 1,2022-2023,,,,,,"Jun 30, 2023",1.0,,CB,,,,,
172,Mamadou Camara,€ 385,"€ 20,000",,"Jul 2, 2021",,,"€ 40,000",,M,,20.0,Reserve,Senegal,,,Lens,Ligue 1,2022-2023,,,,,,"Jun 30, 2024",2.0,,CM,,,,,
173,Ismaël Boura,€ 385,"€ 20,000",,"Apr 19, 2020",,,"€ 20,000",,D,,22.0,Reserve,France,,,Lens,Ligue 1,2022-2023,,,,,,"Jun 30, 2023",1.0,,LB,,,,,
174,Adrien Thomasson,€ 0,€ 0,,"Jan 12, 2023",,,€ 0,,F,,29.0,Starter,France,,,Lens,Ligue 1,2022-2023,,,,,,"Jun 30, 2026",4.0,,AM,,,,,
175,Julien Le Cardinal,€ 0,€ 0,,"Nov 15, 2022",,,€ 0,,D,,25.0,Starter,France,,,Lens,Ligue 1,2022-2023,,,,,,"Jun 30, 2025",3.0,,RB,,,,,
176,Yaya Fofana,€ 0,€ 0,,"Aug 12, 2022",,,€ 0,,M,,18.0,Reserve,Mali,,,Lens,Ligue 1,2022-2023,,,,,,"Jun 30, 2027",5.0,,CM,,,,,
177,Total,"€ 249,806","€ 12,990,000",€ 0,,,,"€ 41,560,000",€ 0,,,,,,,,Lens,Ligue 1,2022-2023,,,,,,,,,,,,,,
178,André Gomes,"€ 130,000","€ 6,760,000",,"Sep 1, 2022",,,"€ 6,760,000",,M,,29.0,Reserve,Portugal,,,Lille,Ligue 1,2022-2023,,,,,,"Jun 30, 2023",1.0,,,CM,,,,
179,Adam Ounas,"€ 52,500","€ 2,730,000",,"Sep 1, 2022",,,"€ 5,460,000",,F,,26.0,Reserve,Algeria,,,Lille,Ligue 1,2022-2023,,,,,,"Jun 30, 2024",2.0,,,RW,,,,
180,Ismaily,"€ 34,615","€ 1,800,000",,"Aug 4, 2022",,,"€ 1,800,000",,D,,33.0,Reserve,Brazil,,,Lille,Ligue 1,2022-2023,,,,,,"Jun 30, 2023",1.0,,,LB,,,,
181,José Fonte,"€ 32,308","€ 1,680,000",,"May 20, 2022",,,"€ 1,680,000",,D,,39.0,Starter,Portugal,,,Lille,Ligue 1,2022-2023,,,,,,"Jun 30, 2023",1.0,,,CB,,,,
182,Jonathan David,"€ 32,308","€ 1,680,000",,"Aug 11, 2020",,,"€ 5,040,000",,F,,23.0,Starter,Canada,,,Lille,Ligue 1,2022-2023,,,,,,"Jun 30, 2025",3.0,,,CF,,,,
183,Benjamin André,"€ 30,000","€ 1,560,000",,"Jan 12, 2023",,,"€ 6,240,000",,M,,32.0,Starter,France,,,Lille,Ligue 1,2022-2023,,,,,,"Jun 30, 2026",4.0,,,DM,,,,
184,Jonathan Bamba,"€ 27,692","€ 1,440,000",,"Jul 2, 2018",,,"€ 1,440,000",,F,,26.0,Starter,France,,,Lille,Ligue 1,2022-2023,,,,,,"Jun 30, 2023",1.0,,,LW,,,,
185,Rémy Cabella,"€ 26,538","€ 1,380,000",,"Jul 10, 2022",,,"€ 1,380,000",,F,,32.0,Starter,France,,,Lille,Ligue 1,2022-2023,,,,,,"Jun 30, 2023",1.0,,,AM,,,,
186,Edon Zhegrova,"€ 23,077","€ 1,200,000",,"Jan 14, 2022",,,"€ 4,800,000",,F,,23.0,Starter,Kosovo,,,Lille,Ligue 1,2022-2023,,,,,,"Jun 30, 2026",4.0,,,RW,,,,
187,Jonas Martin,"€ 17,308","€ 900,000",,"Jul 1, 2022",,,"€ 1,800,000",,M,,32.0,Reserve,France,,,Lille,Ligue 1,2022-2023,,,,,,"Jun 30, 2024",2.0,,,DM,,,,
188,Alexsandro,"€ 15,000","€ 780,000",,"Jul 1, 2022",,,"€ 3,120,000",,D,,23.0,Reserve,Brazil,,,Lille,Ligue 1,2022-2023,,,,,,"Jun 30, 2026",4.0,,,CB,,,,
189,Mohamed Bayo,"€ 13,846","€ 720,000",,"Jul 13, 2022",,,"€ 3,600,000",,F,,24.0,Reserve,Guinea,,,Lille,Ligue 1,2022-2023,,,,,,"Jun 30, 2027",5.0,,,CF,,,,
190,Angel Gomes,"€ 13,654","€ 710,000",,"Aug 9, 2020",,,"€ 2,130,000",,F,,22.0,Starter,England,,,Lille,Ligue 1,2022-2023,,,,,,"Jun 30, 2025",3.0,,,AM,,,,
191,Timothy Weah,"€ 13,462","€ 700,000",,"Jul 1, 2019",,,"€ 1,400,000",,F,,22.0,Starter,United States,,,Lille,Ligue 1,2022-2023,,,,,,"Jun 30, 2024",2.0,,,RW,,,,
192,Gabriel Gudmundsson,"€ 7,692","€ 400,000",,"Aug 31, 2021",,,"€ 1,600,000",,D,,23.0,Reserve,Sweden,,,Lille,Ligue 1,2022-2023,,,,,,"Jun 30, 2026",4.0,,,LB,,,,
193,Bafodé Diakité,"€ 6,923","€ 360,000",,"Aug 5, 2022",,,"€ 1,440,000",,D,,22.0,Starter,France,,,Lille,Ligue 1,2022-2023,,,,,,"Jun 30, 2026",4.0,,,CB,,,,
194,Tiago Djaló,"€ 6,346","€ 330,000",,"Aug 1, 2019",,,"€ 660,000",,D,,22.0,Starter,Portugal,,,Lille,Ligue 1,2022-2023,,,,,,"Jun 30, 2024",2.0,,,CB,,,,
195,Alan Virginius,"€ 5,192","€ 270,000",,"Aug 17, 2022",,,"€ 1,350,000",,F,,20.0,Reserve,France,,,Lille,Ligue 1,2022-2023,,,,,,"Jun 30, 2027",5.0,,,LW,,,,
196,Adam Jakubech,"€ 4,808","€ 250,000",,"Jul 26, 2017",,,"€ 750,000",,K,,26.0,Reserve,Slovakia,,,Lille,Ligue 1,2022-2023,,,,,,"Jun 30, 2025",3.0,,,GK,,,,
197,Lucas Chevalier,"€ 3,269","€ 170,000",,"Jan 30, 2023",,,"€ 850,000",,K,,21.0,Starter,France,,,Lille,Ligue 1,2022-2023,,,,,,"Jun 30, 2027",5.0,,,GK,,,,
198,Carlos Baleba,"€ 1,731","€ 90,000",,"Jan 14, 2022",,,"€ 360,000",,M,,19.0,Reserve,Cameroon,,,Lille,Ligue 1,2022-2023,,,,,,"Jun 30, 2026",4.0,,,CM,,,,
199,Leny Yoro,"€ 1,154","€ 60,000",,"Jul 1, 2022",,,"€ 180,000",,D,,17.0,Reserve,France,,,Lille,Ligue 1,2022-2023,,,,,,"Jun 30, 2025",3.0,,,CB,,,,
200,Benoît Costil,€ 0,€ 0,,"Jan 26, 2023",,,€ 0,,K,,35.0,Reserve,France,,,Lille,Ligue 1,2022-2023,,,,,,"Jun 30, 2023",1.0,,,GK,,,,
201,Akim Zedadka,€ 0,€ 0,,"Jul 1, 2022",,,€ 0,,D,,27.0,Reserve,Algeria,,,Lille,Ligue 1,2022-2023,,,,,,"Jun 30, 2025",3.0,,,RB,,,,
202,Total,"€ 499,423","€ 25,970,000",€ 0,,,,"€ 53,840,000",€ 0,,,,,,,,Lille,Ligue 1,2022-2023,,,,,,,,,,,,,,
203,Romain Faivre,"€ 23,077","€ 1,200,000",,"Jan 28, 2023",,,"€ 1,200,000",,M,,24.0,Reserve,France,,,Lorient,Ligue 1,2022-2023,,,,RM,,"Jun 30, 2023",1.0,,,,,,,
204,Julian Pollersbeck,"€ 19,423","€ 1,010,000",,"Jan 31, 2023",,,"€ 1,010,000",,K,,28.0,Reserve,Germany,,,Lorient,Ligue 1,2022-2023,,,,GK,,"Jun 30, 2023",1.0,,,,,,,
205,Igor Silva,"€ 18,269","€ 950,000",,"Jul 23, 2021",,,"€ 3,800,000",,D,,26.0,Reserve,Brazil,,,Lorient,Ligue 1,2022-2023,,,,RB,,"Jun 30, 2026",4.0,,,,,,,
206,Yvon Mvogo,"€ 13,846","€ 720,000",,"Jul 13, 2022",,,"€ 1,440,000",,K,,28.0,Reserve,Switzerland,,,Lorient,Ligue 1,2022-2023,,,,GK,,"Jun 30, 2024",2.0,,,,,,,
207,Montassar Talbi,"€ 10,962","€ 570,000",,"Jul 18, 2022",,,"€ 1,710,000",,D,,24.0,Starter,Tunisia,,,Lorient,Ligue 1,2022-2023,,,,CB,,"Jun 30, 2025",3.0,,,,,,,
208,Gédéon Kalulu,"€ 10,385","€ 540,000",,"Jul 1, 2022",,,"€ 2,160,000",,D,,25.0,Starter,Democratic Republic of the Congo,,,Lorient,Ligue 1,2022-2023,,,,RB,,"Jun 30, 2026",4.0,,,,,,,
209,Julien Laporte,"€ 8,462","€ 440,000",,"Dec 1, 2022",,,"€ 1,320,000",,D,,29.0,Reserve,France,,,Lorient,Ligue 1,2022-2023,,,,CB,,"Jun 30, 2025",3.0,,,,,,,
210,Julien Ponceau,"€ 7,500","€ 390,000",,"Jul 29, 2022",,,"€ 1,170,000",,F,,22.0,Starter,France,,,Lorient,Ligue 1,2022-2023,,,,AM,,"Jun 30, 2025",3.0,,,,,,,
211,Adil Aouchiche,"€ 6,923","€ 360,000",,"Sep 1, 2022",,,"€ 1,440,000",,F,,20.0,Reserve,France,,,Lorient,Ligue 1,2022-2023,,,,AM,,"Jun 30, 2026",4.0,,,,,,,
212,Ayman Kari,"€ 5,769","€ 300,000",,"Jan 31, 2023",,,"€ 300,000",,M,,18.0,Reserve,France,,,Lorient,Ligue 1,2022-2023,,,,CM,,"Jun 30, 2023",1.0,,,,,,,
213,Bonke Innocent,"€ 5,192","€ 270,000",,"Jan 18, 2022",,,"€ 810,000",,M,,27.0,Reserve,Nigeria,,,Lorient,Ligue 1,2022-2023,,,,DM,,"Jun 30, 2025",3.0,,,,,,,
214,Ibrahima Koné,"€ 4,808","€ 250,000",,"Jan 31, 2022",,,"€ 1,000,000",,F,,23.0,Starter,Mali,,,Lorient,Ligue 1,2022-2023,,,,CF,,"Jun 30, 2026",4.0,,,,,,,
215,Vincent Le Goff,"€ 4,808","€ 250,000",,"Dec 16, 2022",,,"€ 500,000",,D,,33.0,Reserve,France,,,Lorient,Ligue 1,2022-2023,,,,LB,,"Jun 30, 2024",2.0,,,,,,,
216,Laurent Abergel,"€ 4,615","€ 240,000",,"Jul 1, 2021",,,"€ 720,000",,M,,30.0,Reserve,France,,,Lorient,Ligue 1,2022-2023,,,,DM,,"Jun 30, 2025",3.0,,,,,,,
217,Vito Mannone,"€ 4,615","€ 240,000",,"Sep 1, 2022",,,"€ 240,000",,K,,34.0,Starter,Italy,,,Lorient,Ligue 1,2022-2023,,,,GK,,"Jun 30, 2023",1.0,,,,,,,
218,Stéphane Diarra,"€ 4,231","€ 220,000",,"Jul 1, 2020",,,"€ 660,000",,F,,24.0,Starter,Cote d'Ivoire,,,Lorient,Ligue 1,2022-2023,,,,RW,,"Jun 30, 2025",3.0,,,,,,,
219,Darline Yongwa,"€ 4,038","€ 210,000",,"Jul 1, 2022",,,"€ 840,000",,D,,22.0,Starter,Cameroon,,,Lorient,Ligue 1,2022-2023,,,,LB,,"Jun 30, 2026",4.0,,,,,,,
220,Théo Le Bris,"€ 3,462","€ 180,000",,"Aug 5, 2022",,,"€ 720,000",,D,,20.0,Reserve,France,,,Lorient,Ligue 1,2022-2023,,,,RB,,"Jun 30, 2026",4.0,,,,,,,
221,Enzo Le Fée,"€ 1,923","€ 100,000",,"Jun 27, 2020",,,"€ 200,000",,F,,22.0,Starter,France,,,Lorient,Ligue 1,2022-2023,,,,AM,,"Jun 30, 2024",2.0,,,,,,,
222,Siriné Doucouré,"€ 1,731","€ 90,000",,"Sep 1, 2022",,,"€ 360,000",,F,,20.0,Reserve,France,,,Lorient,Ligue 1,2022-2023,,,,CF,,"Jun 30, 2026",4.0,,,,,,,
223,Bamo Meïté,€ 962,"€ 50,000",,"Jun 1, 2022",,,"€ 150,000",,M,,21.0,Starter,Cote d'Ivoire,,,Lorient,Ligue 1,2022-2023,,,,DM,,"Jun 30, 2025",3.0,,,,,,,
224,Teddy Bartouche,€ 577,"€ 30,000",,"Oct 26, 2021",,,"€ 30,000",,K,,25.0,Reserve,France,,,Lorient,Ligue 1,2022-2023,,,,GK,,"Jun 30, 2023",1.0,,,,,,,
225,Jean-Victor Makengo,€ 0,€ 0,,"Jan 30, 2023",,,€ 0,,M,,24.0,Starter,France,,,Lorient,Ligue 1,2022-2023,,,,CM,,"Jun 30, 2027",5.0,,,,,,,
226,Maxime Wackers,€ 0,€ 0,,"Aug 3, 2022",,,€ 0,,D,,25.0,Reserve,France,,,Lorient,Ligue 1,2022-2023,,,,CB,,"Jun 30, 2023",1.0,,,,,,,
227,Yoann Cathline,€ 0,€ 0,,"Sep 5, 2022",,,€ 0,,F,,20.0,Starter,France,,,Lorient,Ligue 1,2022-2023,,,,LW,,"Jun 30, 2027",5.0,,,,,,,
228,Bamba Dieng,€ 0,€ 0,,"Jan 27, 2023",,,€ 0,,F,,22.0,Reserve,Senegal,,,Lorient,Ligue 1,2022-2023,,,,CF,,"Jun 30, 2025",3.0,,,,,,,
229,Total,"€ 165,578","€ 8,610,000",€ 0,,,,"€ 21,780,000",€ 0,,,,,,,,Lorient,Ligue 1,2022-2023,,,,,,,,,,,,,,
230,Alexandre Lacazette,"€ 96,154","€ 5,000,000",,"Jul 1, 2022",,,"€ 15,000,000",,F,,31.0,Starter,France,,,Lyon,Ligue 1,2022-2023,,,,,,"Jun 30, 2025",3.0,CF,,,,,,
231,Anthony Lopes,"€ 92,308","€ 4,800,000",,"Jun 7, 2022",,,"€ 14,400,000",,K,,32.0,Starter,Portugal,,,Lyon,Ligue 1,2022-2023,,,,,,"Jun 30, 2025",3.0,GK,,,,,,
232,Corentin Tolisso,"€ 92,308","€ 4,800,000",,"Jul 1, 2022",,,"€ 24,000,000",,M,,28.0,Starter,France,,,Lyon,Ligue 1,2022-2023,,,,,,"Jun 30, 2027",5.0,CM,,,,,,
233,Nicolás Tagliafico,"€ 87,500","€ 4,550,000","€ 910,000","Jul 23, 2022",,,"€ 13,650,000",,D,,30.0,Starter,Argentina,,,Lyon,Ligue 1,2022-2023,,,,,,"Jun 30, 2025",3.0,LB,,,,,,
234,Jérôme Boateng,"€ 80,769","€ 4,200,000",,"Sep 1, 2021",,,"€ 4,200,000",,D,,34.0,Reserve,Germany,,,Lyon,Ligue 1,2022-2023,,,,,,"Jun 30, 2023",1.0,CB,,,,,,
235,Moussa Dembélé,"€ 78,846","€ 4,100,000",,"Aug 31, 2018",,,"€ 4,100,000",,F,,26.0,Starter,France,,,Lyon,Ligue 1,2022-2023,,,,,,"Jun 30, 2023",1.0,CF,,,,,,
236,Houssem Aouar,"€ 71,538","€ 3,720,000",,"Jul 2, 2018",,,"€ 3,720,000",,M,,24.0,Reserve,France,,,Lyon,Ligue 1,2022-2023,,,,,,"Jun 30, 2023",1.0,CM,,,,,,
237,Dejan Lovren,"€ 70,000","€ 3,640,000",,"Jan 2, 2023",,,"€ 10,920,000",,D,,33.0,Starter,Croatia,,,Lyon,Ligue 1,2022-2023,,,,,,"Jun 30, 2025",3.0,CB,,,,,,
238,Thiago Mendes,"€ 69,231","€ 3,600,000",,"Jun 17, 2022",,,"€ 10,800,000",,M,,30.0,Reserve,Brazil,,,Lyon,Ligue 1,2022-2023,,,,,,"Jun 30, 2025",3.0,DM,,,,,,
239,Maxence Caqueret,"€ 64,615","€ 3,360,000",,"Jul 11, 2022",,,"€ 16,800,000",,M,,22.0,Starter,France,,,Lyon,Ligue 1,2022-2023,,,,,,"Jun 30, 2027",5.0,CM,,,,,,
240,Rayan Cherki,"€ 43,846","€ 2,280,000",,"Aug 19, 2022",,,"€ 4,560,000",,F,,19.0,Starter,France,,,Lyon,Ligue 1,2022-2023,,,,,,"Jun 30, 2024",2.0,AM,,,,,,
241,Damien Da Silva,"€ 20,577","€ 1,070,000",,"Jul 1, 2021",,,"€ 1,070,000",,D,,34.0,Reserve,France,,,Lyon,Ligue 1,2022-2023,,,,,,"Jun 30, 2023",1.0,CB,,,,,,
242,Henrique,"€ 16,346","€ 850,000",,"Jul 3, 2019",,,"€ 1,700,000",,D,,28.0,Reserve,Brazil,,,Lyon,Ligue 1,2022-2023,,,,,,"Jun 30, 2024",2.0,LB,,,,,,
243,Johann Lepenant,"€ 13,846","€ 720,000",,"Jul 1, 2022",,,"€ 3,600,000",,M,,20.0,Reserve,France,,,Lyon,Ligue 1,2022-2023,,,,,,"Jun 30, 2027",5.0,DM,,,,,,
244,Sinaly Diomandé,"€ 11,731","€ 610,000",,"Jan 28, 2021",,,"€ 1,830,000",,D,,21.0,Starter,Cote d'Ivoire,,,Lyon,Ligue 1,2022-2023,,,,,,"Jun 30, 2025",3.0,CB,,,,,,
245,Rémy Riou,"€ 8,077","€ 420,000",,"Jul 1, 2022",,,"€ 840,000",,K,,35.0,Reserve,France,,,Lyon,Ligue 1,2022-2023,,,,,,"Jun 30, 2024",2.0,GK,,,,,,
246,Malo Gusto,"€ 7,692","€ 400,000",,"Jun 4, 2021",,,"€ 400,000",,D,,19.0,Reserve,France,,,Lyon,Ligue 1,2022-2023,,,,,,"Jun 30, 2023",1.0,RB,,,,,,
247,Bradley Barcola,"€ 7,500","€ 390,000",,"Jan 7, 2022",,,"€ 1,560,000",,F,,20.0,Reserve,France,,,Lyon,Ligue 1,2022-2023,,,,,,"Jun 30, 2026",4.0,LW,,,,,,
248,Mohamed El Arouch,"€ 2,885","€ 150,000",,"May 10, 2022",,,"€ 450,000",,M,,18.0,Reserve,France,,,Lyon,Ligue 1,2022-2023,,,,,,"Jun 30, 2025",3.0,CM,,,,,,
249,Castello Lukeba,"€ 1,923","€ 100,000",,"Jan 3, 2022",,,"€ 300,000",,D,,20.0,Starter,France,,,Lyon,Ligue 1,2022-2023,,,,,,"Jun 30, 2025",3.0,CB,,,,,,
250,Kayne Bonnevie,"€ 1,731","€ 90,000",,"May 11, 2022",,,"€ 180,000",,K,,21.0,Reserve,France,,,Lyon,Ligue 1,2022-2023,,,,,,"Jun 30, 2024",2.0,GK,,,,,,
251,Saël Kumbedi,"€ 1,154","€ 60,000",,"Aug 31, 2022",,,"€ 180,000",,D,,17.0,Starter,France,,,Lyon,Ligue 1,2022-2023,,,,,,"Jun 30, 2025",3.0,RB,,,,,,
252,Jeffinho,€ 0,€ 0,,"Jan 31, 2023",,,€ 0,,F,,23.0,Reserve,Brazil,,,Lyon,Ligue 1,2022-2023,,,,,,"Jun 30, 2027",5.0,LW,,,,,,
253,Amin Sarr,€ 0,€ 0,,"Jan 30, 2023",,,€ 0,,F,,21.0,Reserve,Sweden,,,Lyon,Ligue 1,2022-2023,,,,,,"Jun 30, 2027",5.0,CF,,,,,,
254,Total,"€ 940,577","€ 48,910,000","€ 910,000",,,,"€ 134,260,000",€ 0,,,,,,,,Lyon,Ligue 1,2022-2023,,,,,,,,,,,,,,
255,Dimitri Payet,"€ 115,385","€ 6,000,000",,"Jun 27, 2020",,,"€ 12,000,000",,F,,35.0,Reserve,France,,,Marseille,Ligue 1,2022-2023,,,,,,"Jun 30, 2024",2.0,,,,AM,,,
256,Alexis Sánchez,"€ 104,808","€ 5,450,000",,"Aug 10, 2022",,,"€ 5,450,000",,F,,34.0,Starter,Chile,,,Marseille,Ligue 1,2022-2023,,,,,,"Jun 30, 2023",1.0,,,,CF,,,
257,Cengiz Ünder,"€ 104,808","€ 5,450,000",,"Jul 1, 2022",,,"€ 16,350,000",,F,,25.0,Starter,Turkey,,,Marseille,Ligue 1,2022-2023,,,,,,"Jun 30, 2025",3.0,,,,RW,,,
258,Jordan Veretout,"€ 104,808","€ 5,450,000",,"Aug 5, 2022",,,"€ 16,350,000",,M,,29.0,Starter,France,,,Marseille,Ligue 1,2022-2023,,,,,,"Jun 30, 2025",3.0,,,,DM,,,
259,Chancel Mbemba,"€ 98,077","€ 5,100,000",,"Jul 15, 2022",,,"€ 15,300,000",,D,,28.0,Reserve,Democratic Republic of the Congo,,,Marseille,Ligue 1,2022-2023,,,,,,"Jun 30, 2025",3.0,,,,CB,,,
260,Eric Bailly,"€ 92,500","€ 4,810,000",,"Aug 24, 2022",,,"€ 4,810,000",,D,,28.0,Reserve,Cote d'Ivoire,,,Marseille,Ligue 1,2022-2023,,,,,,"Jun 30, 2023",1.0,,,,CB,,,
261,Azzedine Ounahi,"€ 79,808","€ 4,150,000",,"Jan 29, 2023",,,"€ 20,750,000",,M,,22.0,Reserve,Morocco,,,Marseille,Ligue 1,2022-2023,,,,,,"Jun 30, 2027",5.0,,,,CM,,,
262,Pau López,"€ 74,038","€ 3,850,000",,"Jul 1, 2022",,,"€ 15,400,000",,K,,28.0,Starter,Spain,,,Marseille,Ligue 1,2022-2023,,,,,,"Jun 30, 2026",4.0,,,,GK,,,
263,Jonathan Clauss,"€ 63,462","€ 3,300,000",,"Jul 20, 2022",,,"€ 9,900,000",,D,,30.0,Starter,France,,,Marseille,Ligue 1,2022-2023,,,,,,"Jun 30, 2025",3.0,,,,RB,,,
264,Amine Harit,"€ 59,615","€ 3,100,000",,"Sep 1, 2022",,,"€ 3,100,000",,F,,25.0,Reserve,Morocco,,,Marseille,Ligue 1,2022-2023,,,,,,"Jun 30, 2023",1.0,,,,AM,,,
265,Valentin Rongier,"€ 52,500","€ 2,730,000",,"Sep 20, 2022",,,"€ 10,920,000",,M,,28.0,Starter,France,,,Marseille,Ligue 1,2022-2023,,,,,,"Jun 30, 2026",4.0,,,,CM,,,
266,Sead Kolasinac,"€ 49,615","€ 2,580,000",,"Jan 18, 2022",,,"€ 2,580,000",,D,,29.0,Starter,Bosnia-Herzegovina,,,Marseille,Ligue 1,2022-2023,,,,,,"Jun 30, 2023",1.0,,,,LB,,,
267,Mattéo Guendouzi,"€ 46,538","€ 2,420,000",,"Jul 1, 2022",,,"€ 7,260,000",,M,,23.0,Starter,France,,,Marseille,Ligue 1,2022-2023,,,,,,"Jun 30, 2025",3.0,,,,CM,,,
268,Rubén Blanco,"€ 45,000","€ 2,340,000",,"Jul 20, 2022",,,"€ 2,340,000",,K,,27.0,Reserve,Spain,,,Marseille,Ligue 1,2022-2023,,,,,,"Jun 30, 2023",1.0,,,,GK,,,
269,Samuel Gigot,"€ 43,654","€ 2,270,000",,"Jan 29, 2022",,,"€ 6,810,000",,D,,29.0,Starter,France,,,Marseille,Ligue 1,2022-2023,,,,,,"Jun 30, 2025",3.0,,,,CB,,,
270,Ruslan Malinovskyi,"€ 35,000","€ 1,820,000",,"Jan 9, 2023",,,"€ 1,820,000",,F,,29.0,Starter,Ukraine,,,Marseille,Ligue 1,2022-2023,,,,,,"Jun 30, 2023",1.0,,,,AM,,,
271,Nuno Tavares,"€ 32,115","€ 1,670,000",,"Jul 30, 2022",,,"€ 1,670,000",,D,,23.0,Reserve,Portugal,,,Marseille,Ligue 1,2022-2023,,,,,,"Jun 30, 2023",1.0,,,,LB,,,
272,Leonardo Balerdi,"€ 19,038","€ 990,000",,"Jul 3, 2021",,,"€ 3,960,000",,D,,24.0,Starter,Argentina,,,Marseille,Ligue 1,2022-2023,,,,,,"Jun 30, 2026",4.0,,,,CB,,,
273,Issa Kabore,"€ 12,692","€ 660,000",,"Aug 17, 2022",,,"€ 660,000",,D,,21.0,Reserve,Burkina Faso,,,Marseille,Ligue 1,2022-2023,,,,,,"Jun 30, 2023",1.0,,,,RB,,,
274,Bartug Elmaz,"€ 1,731","€ 90,000",,"Jul 1, 2022",,,"€ 360,000",,M,,19.0,Reserve,Turkey,,,Marseille,Ligue 1,2022-2023,,,,,,"Jun 30, 2026",4.0,,,,DM,,,
275,Simon Ngapandouetnbu,"€ 1,538","€ 80,000",,"Mar 8, 2022",,,"€ 160,000",,K,,19.0,Reserve,Cameroon,,,Marseille,Ligue 1,2022-2023,,,,,,"Jun 30, 2024",2.0,,,,GK,,,
276,Vitinha,€ 0,€ 0,,"Jan 31, 2023",,,€ 0,,F,,22.0,Reserve,Portugal,,,Marseille,Ligue 1,2022-2023,,,,,,"Jun 30, 2027",5.0,,,,CF,,,
277,Arkadiusz Milik,€ 0,€ 0,,"Jan 21, 2021",,,€ 0,,F,,28.0,Reserve,Poland,,,Marseille,Ligue 1,2022-2023,,,,,,"Jun 30, 2025",3.0,,,,CF,,,
278,Total,"€ 1,236,730","€ 64,310,000",€ 0,,,,"€ 157,950,000",€ 0,,,,,,,,Marseille,Ligue 1,2022-2023,,,,,,,,,,,,,,
279,Wissam Ben Yedder,"€ 150,000","€ 7,800,000",,"Aug 14, 2019",,,"€ 15,600,000",,F,,32.0,Starter,France,,,Monaco,Ligue 1,2022-2023,,,,,,"Jun 30, 2024",2.0,,,CF,,,,
280,Malang Sarr,"€ 138,846","€ 7,220,000",,"Aug 10, 2022",,,"€ 7,220,000",,D,,24.0,Reserve,France,,,Monaco,Ligue 1,2022-2023,,,,,,"Jun 30, 2023",1.0,,,CB,,,,
281,Alexander Nübel,"€ 96,154","€ 5,000,000",,"Jul 1, 2021",,,"€ 5,000,000",,K,,26.0,Starter,Germany,,,Monaco,Ligue 1,2022-2023,,,,,,"Jun 30, 2023",1.0,,,GK,,,,
282,Takumi Minamino,"€ 88,462","€ 4,600,000",,"Jul 1, 2022",,,"€ 18,400,000",,F,,28.0,Reserve,Japan,,,Monaco,Ligue 1,2022-2023,,,,,,"Jun 30, 2026",4.0,,,LW,,,,
283,Breel Embolo,"€ 77,308","€ 4,020,000",,"Jul 15, 2022",,,"€ 16,080,000",,F,,25.0,Reserve,Switzerland,,,Monaco,Ligue 1,2022-2023,,,,,,"Jun 30, 2026",4.0,,,CF,,,,
284,Kevin Volland,"€ 69,231","€ 3,600,000",,"Sep 2, 2020",,,"€ 7,200,000",,F,,30.0,Reserve,Germany,,,Monaco,Ligue 1,2022-2023,,,,,,"Jun 30, 2024",2.0,,,CF,,,,
285,Gelson Martins,"€ 69,231","€ 3,600,000",,"Jul 1, 2019",,,"€ 7,200,000",,F,,27.0,Reserve,Portugal,,,Monaco,Ligue 1,2022-2023,,,,,,"Jun 30, 2024",2.0,,,RW,,,,
286,Krépin Diatta,"€ 57,692","€ 3,000,000",,"Jan 21, 2021",,,"€ 9,000,000",,F,,23.0,Starter,Senegal,,,Monaco,Ligue 1,2022-2023,,,,,,"Jun 30, 2025",3.0,,,RW,,,,
287,Vanderson,"€ 57,692","€ 3,000,000",,"Aug 17, 2022",,,"€ 15,000,000",,D,,21.0,Reserve,Brazil,,,Monaco,Ligue 1,2022-2023,,,,,,"Jun 30, 2027",5.0,,,RB,,,,
288,Caio Henrique,"€ 51,923","€ 2,700,000",,"Aug 12, 2022",,,"€ 13,500,000",,D,,25.0,Starter,Brazil,,,Monaco,Ligue 1,2022-2023,,,,,,"Jun 30, 2027",5.0,,,LB,,,,
289,Aleksandr Golovin,"€ 43,654","€ 2,270,000",,"Mar 13, 2020",,,"€ 4,540,000",,F,,26.0,Starter,Russia,,,Monaco,Ligue 1,2022-2023,,,,,,"Jun 30, 2024",2.0,,,AM,,,,
290,Guillermo Maripán,"€ 34,615","€ 1,800,000",,"Sep 29, 2022",,,"€ 5,400,000",,D,,28.0,Starter,Chile,,,Monaco,Ligue 1,2022-2023,,,,,,"Jun 30, 2025",3.0,,,CB,,,,
291,Ruben Aguilar,"€ 28,846","€ 1,500,000",,"Jul 25, 2022",,,"€ 4,500,000",,D,,29.0,Starter,France,,,Monaco,Ligue 1,2022-2023,,,,,,"Jun 30, 2025",3.0,,,RB,,,,
292,Myron Boadu,"€ 27,115","€ 1,410,000",,"Aug 4, 2021",,,"€ 5,640,000",,F,,22.0,Reserve,Netherlands,,,Monaco,Ligue 1,2022-2023,,,,,,"Jun 30, 2026",4.0,,,CF,,,,
293,Mohamed Camara,"€ 23,077","€ 1,200,000",,"Aug 14, 2022",,,"€ 6,000,000",,M,,23.0,Starter,Mali,,,Monaco,Ligue 1,2022-2023,,,,,,"Jun 30, 2027",5.0,,,DM,,,,
294,Jean Lucas,"€ 15,385","€ 800,000",,"Aug 2, 2021",,,"€ 3,200,000",,M,,24.0,Reserve,Brazil,,,Monaco,Ligue 1,2022-2023,,,,,,"Jun 30, 2026",4.0,,,CM,,,,
295,Axel Disasi,"€ 13,846","€ 720,000",,"Aug 7, 2020",,,"€ 2,160,000",,D,,24.0,Starter,France,,,Monaco,Ligue 1,2022-2023,,,,,,"Jun 30, 2025",3.0,,,CB,,,,
296,Ismail Jakobs,"€ 12,500","€ 650,000",,"Jul 12, 2021",,,"€ 2,600,000",,D,,23.0,Reserve,Senegal,,,Monaco,Ligue 1,2022-2023,,,,,,"Jun 30, 2026",4.0,,,LB,,,,
297,Chrislain Matsima,"€ 7,308","€ 380,000",,"May 7, 2021",,,"€ 1,140,000",,D,,20.0,Reserve,France,,,Monaco,Ligue 1,2022-2023,,,,,,"Jun 30, 2025",3.0,,,CB,,,,
298,Thomas Didillon,"€ 6,538","€ 340,000",,"Jul 20, 2022",,,"€ 340,000",,K,,27.0,Reserve,France,,,Monaco,Ligue 1,2022-2023,,,,,,"Jun 30, 2023",1.0,,,GK,,,,
299,Youssouf Fofana,"€ 5,385","€ 280,000",,"Jan 29, 2020",,,"€ 560,000",,M,,24.0,Starter,France,,,Monaco,Ligue 1,2022-2023,,,,,,"Jun 30, 2024",2.0,,,CM,,,,
300,Maghnes Akliouche,"€ 2,308","€ 120,000",,"Jul 1, 2022",,,"€ 240,000",,F,,20.0,Reserve,France,,,Monaco,Ligue 1,2022-2023,,,,,,"Jun 30, 2024",2.0,,,AM,,,,
301,Soungoutou Magassa,"€ 1,731","€ 90,000",,"Jul 1, 2022",,,"€ 180,000",,M,,19.0,Reserve,France,,,Monaco,Ligue 1,2022-2023,,,,,,"Jun 30, 2024",2.0,,,DM,,,,
302,Yllan Okou,"€ 1,731","€ 90,000",,"Feb 9, 2022",,,"€ 270,000",,D,,20.0,Reserve,France,,,Monaco,Ligue 1,2022-2023,,,,,,"Jun 30, 2025",3.0,,,CB,,,,
303,Yann Lienard,"€ 1,154","€ 60,000",,"Jul 1, 2021",,,"€ 120,000",,K,,19.0,Reserve,France,,,Monaco,Ligue 1,2022-2023,,,,,,"Jun 30, 2024",2.0,,,GK,,,,
304,Eliot Matazo,€ 769,"€ 40,000",,"Jan 13, 2022",,,"€ 160,000",,M,,20.0,Reserve,Belgium,,,Monaco,Ligue 1,2022-2023,,,,,,"Jun 30, 2026",4.0,,,CM,,,,
305,Eliesse Ben Seghir,€ 0,€ 0,,"Jan 1, 2023",,,€ 0,,F,,17.0,Starter,France,,,Monaco,Ligue 1,2022-2023,,,,,,"Jun 30, 2025",3.0,,,CF,,,,
306,Total,"€ 1,082,501","€ 56,290,000",€ 0,,,,"€ 151,250,000",€ 0,,,,,,,,Monaco,Ligue 1,2022-2023,,,,,,,,,,,,,,
307,Wahbi Khazri,"€ 57,692","€ 3,000,000",,"Jul 1, 2022",,,"€ 3,000,000",,F,,31.0,Reserve,Tunisia,,,Montpellier,Ligue 1,2022-2023,,,,,,"Jun 30, 2023",1.0,,,CF,,,,
308,Valère Germain,"€ 35,192","€ 1,830,000",,"Aug 31, 2021",,,"€ 3,660,000",,F,,32.0,Reserve,France,,,Montpellier,Ligue 1,2022-2023,,,,,,"Jun 30, 2024",2.0,,,CF,,,,
309,Jordan Ferri,"€ 27,692","€ 1,440,000",,"Jan 25, 2022",,,"€ 5,760,000",,M,,30.0,Starter,France,,,Montpellier,Ligue 1,2022-2023,,,,,,"Jun 30, 2026",4.0,,,CM,,,,
310,Téji Savanier,"€ 25,385","€ 1,320,000",,"Jun 2, 2022",,,"€ 5,280,000",,F,,31.0,Starter,France,,,Montpellier,Ligue 1,2022-2023,,,,,,"Jun 30, 2026",4.0,,,AM,,,,
311,Christopher Jullien,"€ 17,308","€ 900,000",,"Aug 23, 2022",,,"€ 2,700,000",,D,,29.0,Starter,France,,,Montpellier,Ligue 1,2022-2023,,,,,,"Jun 30, 2025",3.0,,,CB,,,,
312,Arnaud Nordin,"€ 14,423","€ 750,000",,"Jul 1, 2022",,,"€ 2,250,000",,F,,24.0,Starter,France,,,Montpellier,Ligue 1,2022-2023,,,,,,"Jun 30, 2025",3.0,,,RW,,,,
313,Pedro Mendes,"€ 10,577","€ 550,000",,"Jul 18, 2017",,,"€ 550,000",,D,,32.0,Reserve,Portugal,,,Montpellier,Ligue 1,2022-2023,,,,,,"Jun 30, 2023",1.0,,,CB,,,,
314,Stephy Mavididi,"€ 9,615","€ 500,000",,"Jul 1, 2020",,,"€ 1,000,000",,F,,24.0,Reserve,England,,,Montpellier,Ligue 1,2022-2023,,,,,,"Jun 30, 2024",2.0,,,LW,,,,
315,Mamadou Sakho,"€ 8,654","€ 450,000",,"Jul 27, 2021",,,"€ 900,000",,D,,32.0,Reserve,France,,,Montpellier,Ligue 1,2022-2023,,,,,,"Jun 30, 2024",2.0,,,CB,,,,
316,Mathías Suárez,"€ 8,077","€ 420,000",,"Jan 2, 2019",,,"€ 420,000",,D,,26.0,Reserve,Uruguay,,,Montpellier,Ligue 1,2022-2023,,,,,,"Jun 30, 2023",1.0,,,RB,,,,
317,Théo Sainte-Luce,"€ 6,923","€ 360,000",,"Jul 1, 2022",,,"€ 1,080,000",,D,,24.0,Reserve,France,,,Montpellier,Ligue 1,2022-2023,,,,,,"Jun 30, 2025",3.0,,,LB,,,,
318,Bingourou Kamara,"€ 6,923","€ 360,000",,"Sep 1, 2022",,,"€ 360,000",,K,,26.0,Reserve,Senegal,,,Montpellier,Ligue 1,2022-2023,,,,,,"Jun 30, 2023",1.0,,,GK,,,,
319,Yanis Guermouche,"€ 5,192","€ 270,000",,"May 23, 2022",,,"€ 540,000",,F,,21.0,Reserve,Algeria,,,Montpellier,Ligue 1,2022-2023,,,,,,"Jun 30, 2024",2.0,,,CF,,,,
320,Faitout Maouassa,"€ 5,192","€ 270,000",,"Jul 1, 2022",,,"€ 270,000",,D,,24.0,Starter,France,,,Montpellier,Ligue 1,2022-2023,,,,,,"Jun 30, 2023",1.0,,,LB,,,,
321,Léo Leroy,"€ 5,000","€ 260,000",,"Jul 1, 2021",,,"€ 780,000",,M,,22.0,Starter,France,,,Montpellier,Ligue 1,2022-2023,,,,,,"Jun 30, 2025",3.0,,,CM,,,,
322,Thibault Tamas,"€ 4,808","€ 250,000",,"Jul 1, 2022",,,"€ 250,000",,D,,21.0,Reserve,France,,,Montpellier,Ligue 1,2022-2023,,,,,,"Jun 30, 2023",1.0,,,LB,,,,
323,Maxime Estève,"€ 2,885","€ 150,000",,"Mar 31, 2022",,,"€ 450,000",,D,,20.0,Reserve,France,,,Montpellier,Ligue 1,2022-2023,,,,,,"Jun 30, 2025",3.0,,,CB,,,,
324,Falaye Sacko,"€ 2,692","€ 140,000",,"Jul 1, 2022",,,"€ 140,000",,D,,27.0,Starter,Mali,,,Montpellier,Ligue 1,2022-2023,,,,,,"Jun 30, 2023",1.0,,,RB,,,,
325,Khalil Fayad,"€ 2,308","€ 120,000",,"Feb 3, 2023",,,"€ 360,000",,M,,18.0,Reserve,France,,,Montpellier,Ligue 1,2022-2023,,,,,,"Jun 30, 2025",3.0,,,CM,,,,
326,Elye Wahi,"€ 1,923","€ 100,000",,"Feb 4, 2021",,,"€ 300,000",,F,,20.0,Starter,France,,,Montpellier,Ligue 1,2022-2023,,,,,,"Jun 30, 2025",3.0,,,CF,,,,
327,Dimitry Bertaud,"€ 1,923","€ 100,000",,"Sep 24, 2021",,,"€ 300,000",,K,,24.0,Reserve,France,,,Montpellier,Ligue 1,2022-2023,,,,,,"Jun 30, 2025",3.0,,,GK,,,,
328,Enzo Tchato,"€ 1,731","€ 90,000",,"Jul 1, 2022",,,"€ 270,000",,D,,20.0,Reserve,Cameroon,,,Montpellier,Ligue 1,2022-2023,,,,,,"Jun 30, 2025",3.0,,,CB,,,,
329,Joris Chotard,"€ 1,154","€ 60,000",,"Jun 29, 2022",,,"€ 180,000",,M,,21.0,Reserve,France,,,Montpellier,Ligue 1,2022-2023,,,,,,"Jun 30, 2025",3.0,,,DM,,,,
330,Béni Makouana,€ 577,"€ 30,000",,"Oct 19, 2020",,,"€ 90,000",,F,,20.0,Reserve,Congo,,,Montpellier,Ligue 1,2022-2023,,,,,,"Jun 30, 2025",3.0,,,LW,,,,
331,Matis Carvalho,€ 385,"€ 20,000",,"Jun 22, 2021",,,"€ 20,000",,K,,23.0,Reserve,Portugal,,,Montpellier,Ligue 1,2022-2023,,,,,,"Jun 30, 2023",1.0,,,GK,,,,
332,Issiaga Sylla,€ 0,€ 0,,"Jan 31, 2023",,,€ 0,,D,,29.0,Starter,Guinea,,,Montpellier,Ligue 1,2022-2023,,,,,,"Jun 30, 2025",3.0,,,LB,,,,
333,Benjamin Lecomte,€ 0,€ 0,,"Jan 26, 2023",,,€ 0,,K,,31.0,Starter,France,,,Montpellier,Ligue 1,2022-2023,,,,,,"Jun 30, 2027",5.0,,,GK,,,,
334,Kiki Kouyaté,€ 0,€ 0,,"Jan 20, 2023",,,€ 0,,D,,25.0,Starter,Mali,,,Montpellier,Ligue 1,2022-2023,,,,,,"Jun 30, 2026",4.0,,,CB,,,,
335,Total,"€ 264,231","€ 13,740,000",€ 0,,,,"€ 30,910,000",€ 0,,,,,,,,Montpellier,Ligue 1,2022-2023,,,,,,,,,,,,,,
336,Andy Delort,"€ 48,462","€ 2,520,000",,"Jan 30, 2023",,,"€ 2,520,000",,F,,31.0,Starter,Algeria,,,Nantes,Ligue 1,2022-2023,,,,,,"Jun 30, 2023",1.0,,,CF,,,,
337,Moses Simon,"€ 34,615","€ 1,800,000",,"Jul 1, 2020",,,"€ 3,600,000",,F,,27.0,Reserve,Nigeria,,,Nantes,Ligue 1,2022-2023,,,,,,"Jun 30, 2024",2.0,,,LW,,,,
338,Mostafa Mohamed,"€ 34,038","€ 1,770,000",,"Jul 21, 2022",,,"€ 1,770,000",,F,,25.0,Reserve,Egypt,,,Nantes,Ligue 1,2022-2023,,,,,,"Jun 30, 2023",1.0,,,CF,,,,
339,João Victor,"€ 31,346","€ 1,630,000",,"Jan 25, 2023",,,"€ 1,630,000",,D,,24.0,Reserve,Brazil,,,Nantes,Ligue 1,2022-2023,,,,,,"Jun 30, 2023",1.0,,,CB,,,,
340,Moussa Sissoko,"€ 30,000","€ 1,560,000",,"Jul 1, 2022",,,"€ 3,120,000",,M,,33.0,Reserve,France,,,Nantes,Ligue 1,2022-2023,,,,,,"Jun 30, 2024",2.0,,,CM,,,,
341,Nicolas Pallois,"€ 25,385","€ 1,320,000",,"Jan 18, 2022",,,"€ 2,640,000",,D,,35.0,Reserve,France,,,Nantes,Ligue 1,2022-2023,,,,,,"Jun 30, 2024",2.0,,,CB,,,,
342,Andrei Girotto,"€ 20,769","€ 1,080,000",,"Jan 1, 2020",,,"€ 2,160,000",,D,,30.0,Starter,Brazil,,,Nantes,Ligue 1,2022-2023,,,,,,"Jun 30, 2024",2.0,,,CB,,,,
343,Alban Lafont,"€ 19,615","€ 1,020,000",,"Jul 1, 2021",,,"€ 2,040,000",,K,,24.0,Starter,France,,,Nantes,Ligue 1,2022-2023,,,,,,"Jun 30, 2024",2.0,,,GK,,,,
344,Ludovic Blas,"€ 18,462","€ 960,000",,"Sep 2, 2019",,,"€ 1,920,000",,F,,25.0,Starter,France,,,Nantes,Ligue 1,2022-2023,,,,,,"Jun 30, 2024",2.0,,,AM,,,,
345,Sébastien Corchia,"€ 17,308","€ 900,000",,"Oct 7, 2020",,,"€ 900,000",,D,,32.0,Reserve,France,,,Nantes,Ligue 1,2022-2023,,,,,,"Jun 30, 2023",1.0,,,RB,,,,
346,Ignatius Ganago,"€ 15,000","€ 780,000",,"Sep 1, 2022",,,"€ 3,120,000",,F,,23.0,Starter,Cameroon,,,Nantes,Ligue 1,2022-2023,,,,,,"Jun 30, 2026",4.0,,,CF,,,,
347,Pedro Chirivella,"€ 13,846","€ 720,000",,"Apr 28, 2022",,,"€ 2,880,000",,M,,25.0,Starter,Spain,,,Nantes,Ligue 1,2022-2023,,,,,,"Jun 30, 2026",4.0,,,CM,,,,
348,Jean-Charles Castelletto,"€ 10,385","€ 540,000",,"Mar 10, 2022",,,"€ 2,160,000",,D,,28.0,Starter,Cameroon,,,Nantes,Ligue 1,2022-2023,,,,,,"Jun 30, 2026",4.0,,,CB,,,,
349,Charles Traoré,"€ 10,385","€ 540,000",,"Feb 11, 2020",,,"€ 540,000",,D,,31.0,Reserve,Mali,,,Nantes,Ligue 1,2022-2023,,,,,,"Jun 30, 2023",1.0,,,LB,,,,
350,Marcus Coco,"€ 9,231","€ 480,000",,"Jul 16, 2019",,,"€ 480,000",,F,,26.0,Reserve,France,,,Nantes,Ligue 1,2022-2023,,,,,,"Jun 30, 2023",1.0,,,RW,,,,
351,Evann Guessand,"€ 5,769","€ 300,000",,"Jul 12, 2022",,,"€ 300,000",,F,,21.0,Reserve,France,,,Nantes,Ligue 1,2022-2023,,,,,,"Jun 30, 2023",1.0,,,CF,,,,
352,Denis Petric,"€ 4,231","€ 220,000",,"Feb 24, 2022",,,"€ 220,000",,K,,34.0,Reserve,Slovenia,,,Nantes,Ligue 1,2022-2023,,,,,,"Jun 30, 2023",1.0,,,GK,,,,
353,Samuel Moutoussamy,"€ 4,038","€ 210,000",,"Jul 16, 2019",,,"€ 420,000",,M,,26.0,Starter,Democratic Republic of the Congo,,,Nantes,Ligue 1,2022-2023,,,,,,"Jun 30, 2024",2.0,,,CM,,,,
354,Rémy Descamps,"€ 2,308","€ 120,000",,"Jul 1, 2021",,,"€ 240,000",,K,,26.0,Reserve,France,,,Nantes,Ligue 1,2022-2023,,,,,,"Jun 30, 2024",2.0,,,GK,,,,
355,Quentin Merlin,"€ 1,346","€ 70,000",,"Apr 1, 2022",,,"€ 280,000",,D,,20.0,Reserve,France,,,Nantes,Ligue 1,2022-2023,,,,,,"Jun 30, 2026",4.0,,,LB,,,,
356,Lohann Doucet,€ 962,"€ 50,000",,"Dec 8, 2021",,,"€ 150,000",,M,,20.0,Reserve,France,,,Nantes,Ligue 1,2022-2023,,,,,,"Jun 30, 2025",3.0,,,DM,,,,
357,Robin Voisine,€ 962,"€ 50,000",,"Jul 1, 2022",,,"€ 150,000",,D,,20.0,Reserve,France,,,Nantes,Ligue 1,2022-2023,,,,,,"Jun 30, 2025",3.0,,,CB,,,,
358,Samuel Yépié Yépié,€ 962,"€ 50,000",,"Jul 1, 2022",,,"€ 50,000",,F,,20.0,Reserve,France,,,Nantes,Ligue 1,2022-2023,,,,,,"Jun 30, 2023",1.0,,,AM,,,,
359,Gor Manvelyan,€ 385,"€ 20,000",,"Apr 22, 2021",,,"€ 40,000",,F,,20.0,Reserve,France,,,Nantes,Ligue 1,2022-2023,,,,,,"Jun 30, 2024",2.0,,,AM,,,,
360,Florent Mollet,€ 0,€ 0,,"Jan 17, 2023",,,€ 0,,F,,31.0,Starter,France,,,Nantes,Ligue 1,2022-2023,,,,,,"Jun 30, 2025",3.0,,,AM,,,,
361,Fabien Centonze,€ 0,€ 0,,"Sep 22, 2022",,,€ 0,,D,,27.0,Starter,France,,,Nantes,Ligue 1,2022-2023,,,,,,"Jun 30, 2027",5.0,,,RB,,,,
362,Jaouen Hadjam,€ 0,€ 0,,"Jan 17, 2023",,,€ 0,,D,,19.0,Starter,France,,,Nantes,Ligue 1,2022-2023,,,,,,"Jun 30, 2027",5.0,,,LB,,,,
363,Total,"€ 359,810","€ 18,710,000",€ 0,,,,"€ 33,330,000",€ 0,,,,,,,,Nantes,Ligue 1,2022-2023,,,,,,,,,,,,,,
364,Nicolas Pépé,"€ 113,846","€ 5,920,000",,"Aug 25, 2022",,,"€ 5,920,000",,F,,27.0,Reserve,Cote d'Ivoire,,,Nice,Ligue 1,2022-2023,,,,,,"Jun 30, 2023",1.0,,,,,RW,,
365,Aaron Ramsey,"€ 104,808","€ 5,450,000",,"Aug 1, 2022",,,"€ 5,450,000",,M,,32.0,Starter,Wales,,,Nice,Ligue 1,2022-2023,,,,,,"Jun 30, 2023",1.0,,,,,CM,,
366,Kasper Schmeichel,"€ 76,154","€ 3,960,000",,"Aug 3, 2022",,,"€ 11,880,000",,K,,36.0,Starter,Denmark,,,Nice,Ligue 1,2022-2023,,,,,,"Jun 30, 2025",3.0,,,,,GK,,
367,Gaëtan Laborde,"€ 41,538","€ 2,160,000",,"Sep 1, 2022",,,"€ 8,640,000",,F,,28.0,Starter,France,,,Nice,Ligue 1,2022-2023,,,,,,"Jun 30, 2026",4.0,,,,,CF,,
368,Joe Bryan,"€ 34,615","€ 1,800,000",,"Aug 31, 2022",,,"€ 1,800,000",,D,,29.0,Reserve,England,,,Nice,Ligue 1,2022-2023,,,,,,"Jun 30, 2023",1.0,,,,,LB,,
369,Youcef Atal,"€ 34,615","€ 1,800,000",,"Jul 1, 2019",,,"€ 3,600,000",,D,,26.0,Reserve,Algeria,,,Nice,Ligue 1,2022-2023,,,,,,"Jun 30, 2024",2.0,,,,,RB,,
370,Ross Barkley,"€ 30,000","€ 1,560,000",,"Sep 4, 2022",,,"€ 1,560,000",,M,,29.0,Reserve,England,,,Nice,Ligue 1,2022-2023,,,,,,"Jun 30, 2023",1.0,,,,,CM,,
371,Dante,"€ 28,846","€ 1,500,000",,"Mar 3, 2022",,,"€ 1,500,000",,D,,39.0,Starter,Brazil,,,Nice,Ligue 1,2022-2023,,,,,,"Jun 30, 2023",1.0,,,,,CB,,
372,Jean-Clair Todibo,"€ 22,692","€ 1,180,000",,"Nov 13, 2022",,,"€ 5,900,000",,D,,23.0,Starter,France,,,Nice,Ligue 1,2022-2023,,,,,,"Jun 30, 2027",5.0,,,,,CB,,
373,Sofiane Diop,"€ 19,615","€ 1,020,000",,"Aug 29, 2022",,,"€ 5,100,000",,F,,22.0,Reserve,France,,,Nice,Ligue 1,2022-2023,,,,,,"Jun 30, 2027",5.0,,,,,LW,,
374,Terem Moffi,"€ 17,308","€ 900,000",,"Jan 31, 2023",,,"€ 900,000",,F,,23.0,Starter,Nigeria,,,Nice,Ligue 1,2022-2023,,,,,,"Jun 30, 2023",1.0,,,,,CF,,
375,Khéphren Thuram,"€ 16,731","€ 870,000",,"Sep 30, 2021",,,"€ 2,610,000",,M,,21.0,Starter,France,,,Nice,Ligue 1,2022-2023,,,,,,"Jun 30, 2025",3.0,,,,,DM,,
376,Jordan Lotomba,"€ 14,615","€ 760,000",,"Aug 3, 2020",,,"€ 2,280,000",,D,,24.0,Starter,Switzerland,,,Nice,Ligue 1,2022-2023,,,,,,"Jun 30, 2025",3.0,,,,,RB,,
377,Mattia Viti,"€ 11,538","€ 600,000",,"Aug 3, 2022",,,"€ 3,000,000",,D,,21.0,Reserve,Italy,,,Nice,Ligue 1,2022-2023,,,,,,"Jun 30, 2027",5.0,,,,,CB,,
378,Pablo Rosario,"€ 7,500","€ 390,000",,"Jul 27, 2021",,,"€ 1,560,000",,M,,26.0,Reserve,Netherlands,,,Nice,Ligue 1,2022-2023,,,,,,"Jun 30, 2026",4.0,,,,,DM,,
379,Marcin Bulka,"€ 6,923","€ 360,000",,"Jul 1, 2022",,,"€ 1,440,000",,K,,23.0,Reserve,Poland,,,Nice,Ligue 1,2022-2023,,,,,,"Jun 30, 2026",4.0,,,,,GK,,
380,Alexis Beka Beka,"€ 6,923","€ 360,000",,"Aug 1, 2022",,,"€ 1,800,000",,M,,21.0,Reserve,France,,,Nice,Ligue 1,2022-2023,,,,,,"Jun 30, 2027",5.0,,,,,DM,,
381,Hicham Boudaoui,"€ 5,577","€ 290,000",,"Jan 25, 2023",,,"€ 1,450,000",,M,,23.0,Starter,Algeria,,,Nice,Ligue 1,2022-2023,,,,,,"Jun 30, 2027",5.0,,,,,CM,,
382,Melvin Bard,"€ 3,846","€ 200,000",,"Jul 16, 2021",,,"€ 600,000",,D,,22.0,Reserve,France,,,Nice,Ligue 1,2022-2023,,,,,,"Jun 30, 2025",3.0,,,,,LB,,
383,Rares Ilie,"€ 3,462","€ 180,000",,"Jul 16, 2022",,,"€ 900,000",,F,,19.0,Reserve,Romania,,,Nice,Ligue 1,2022-2023,,,,,,"Jun 30, 2027",5.0,,,,,LW,,
384,Billal Brahimi,"€ 2,692","€ 140,000",,"Jan 28, 2022",,,"€ 560,000",,F,,22.0,Reserve,Algeria,,,Nice,Ligue 1,2022-2023,,,,,,"Jun 30, 2026",4.0,,,,,LW,,
385,Badredine Bouanani,€ 962,"€ 50,000",,"Jul 7, 2022",,,"€ 100,000",,F,,18.0,Starter,France,,,Nice,Ligue 1,2022-2023,,,,,,"Jun 30, 2024",2.0,,,,,RW,,
386,Teddy Boulhendi,€ 385,"€ 20,000",,"Jul 1, 2020",,,"€ 40,000",,K,,21.0,Reserve,Algeria,,,Nice,Ligue 1,2022-2023,,,,,,"Jun 30, 2024",2.0,,,,,GK,,
387,Reda Belahyane,€ 0,€ 0,,"Jul 1, 2021",,,€ 0,,M,,18.0,Reserve,France,,,Nice,Ligue 1,2022-2023,,,,,,"Jun 30, 2024",2.0,,,,,DM,,
388,Antoine Mendy,€ 0,€ 0,,"Jul 1, 2022",,,€ 0,,D,,18.0,Starter,France,,,Nice,Ligue 1,2022-2023,,,,,,"Jun 30, 2025",3.0,,,,,RB,,
389,Daouda Traoré,€ 0,€ 0,,"Jul 1, 2022",,,€ 0,,M,,16.0,Reserve,France,,,Nice,Ligue 1,2022-2023,,,,,,"Jun 30, 2023",1.0,,,,,RM,,
390,Youssouf Ndayishimiye,€ 0,€ 0,,"Jan 25, 2023",,,€ 0,,D,,24.0,Reserve,Burundi,,,Nice,Ligue 1,2022-2023,,,,,,"Jun 30, 2027",5.0,,,,,CB,,
391,Total,"€ 605,191","€ 31,470,000",€ 0,,,,"€ 68,590,000",€ 0,,,,,,,,Nice,Ligue 1,2022-2023,,,,,,,,,,,,,,
392,Kylian Mbappé,"€ 1,384,615","€ 72,000,000","€ 60,000,000","May 21, 2022",,,"€ 216,000,000",,F,,24.0,Starter,France,,,Psg,Ligue 1,2022-2023,,,,,,"Jun 30, 2025",3.0,,,CF,,,,
393,Lionel Messi,"€ 1,223,846","€ 63,640,000",,"Aug 10, 2021",,,"€ 63,640,000",,F,,35.0,Starter,Argentina,,,Psg,Ligue 1,2022-2023,,,,,,"Jun 30, 2023",1.0,,,RW,,,,
394,Neymar,"€ 1,083,846","€ 56,360,000",,"May 8, 2021",,,"€ 169,080,000",,F,,30.0,Starter,Brazil,,,Psg,Ligue 1,2022-2023,,,,,,"Jun 30, 2025",3.0,,,LW,,,,
395,Sergio Ramos,"€ 524,423","€ 27,270,000",,"Jul 8, 2021",,,"€ 27,270,000",,D,,36.0,Starter,Spain,,,Psg,Ligue 1,2022-2023,,,,,,"Jun 30, 2023",1.0,,,CB,,,,
396,Marco Verratti,"€ 384,615","€ 20,000,000",,"Dec 28, 2022",,,"€ 80,000,000",,M,,30.0,Starter,Italy,,,Psg,Ligue 1,2022-2023,,,,,,"Jun 30, 2026",4.0,,,CM,,,,
397,Gianluigi Donnarumma,"€ 349,615","€ 18,180,000",,"Jul 14, 2021",,,"€ 72,720,000",,K,,23.0,Starter,Italy,,,Psg,Ligue 1,2022-2023,,,,,,"Jun 30, 2026",4.0,,,GK,,,,
398,Presnel Kimpembe,"€ 349,615","€ 18,180,000",,"Jul 11, 2020",,,"€ 36,360,000",,D,,27.0,Reserve,France,,,Psg,Ligue 1,2022-2023,,,,,,"Jun 30, 2024",2.0,,,CB,,,,
399,Achraf Hakimi,"€ 279,808","€ 14,550,000",,"Jul 6, 2021",,,"€ 58,200,000",,D,,24.0,Starter,Morocco,,,Psg,Ligue 1,2022-2023,,,,,,"Jun 30, 2026",4.0,,,RB,,,,
400,Marquinhos,"€ 276,923","€ 14,400,000",,"Jan 13, 2020",,,"€ 28,800,000",,D,,28.0,Starter,Brazil,,,Psg,Ligue 1,2022-2023,,,,,,"Jun 30, 2024",2.0,,,CB,,,,
401,Keylor Navas,"€ 209,808","€ 10,910,000",,"Apr 26, 2021",,,"€ 8,640,000",,K,,35.0,Reserve,Costa Rica,,,Psg,Ligue 1,2022-2023,,,,,,"Jun 30, 2024",2.0,,,GK,,,,
402,Mauro Icardi,"€ 209,808","€ 10,910,000",,"Sep 2, 2019",,,"€ 21,820,000",,F,,29.0,Reserve,Argentina,,,Psg,Ligue 1,2022-2023,,,,,,"Jun 30, 2024",2.0,,,CF,,,,
403,Fabián Ruiz,"€ 174,808","€ 9,090,000",,"Aug 30, 2022",,,"€ 45,450,000",,M,,26.0,Starter,Spain,,,Psg,Ligue 1,2022-2023,,,,,,"Jun 30, 2027",5.0,,,CM,,,,
404,Renato Sanches,"€ 174,808","€ 9,090,000",,"Aug 4, 2022",,,"€ 45,450,000",,M,,25.0,Reserve,Portugal,,,Psg,Ligue 1,2022-2023,,,,,,"Jun 30, 2027",5.0,,,CM,,,,
405,Juan Bernat,"€ 161,538","€ 8,400,000",,"Mar 16, 2021",,,"€ 25,200,000",,D,,29.0,Starter,Spain,,,Psg,Ligue 1,2022-2023,,,,,,"Jun 30, 2025",3.0,,,LB,,,,
406,Carlos Soler,"€ 122,308","€ 6,360,000",,"Sep 1, 2022",,,"€ 31,800,000",,M,,26.0,Reserve,Spain,,,Psg,Ligue 1,2022-2023,,,,,,"Jun 30, 2027",5.0,,,CM,,,,
407,Vitinha,"€ 104,808","€ 5,450,000",,"Jul 1, 2022",,,"€ 27,250,000",,M,,22.0,Reserve,Portugal,,,Psg,Ligue 1,2022-2023,,,,,,"Jun 30, 2027",5.0,,,CM,,,,
408,Julian Draxler,"€ 83,077","€ 4,320,000",,"Jan 3, 2017",,,"€ 8,640,000",,F,,28.0,Reserve,Germany,,,Psg,Ligue 1,2022-2023,,,,,,"Jun 30, 2024",2.0,,,LW,,,,
409,Nordi Mukiele,"€ 57,692","€ 3,000,000",,"Jul 26, 2022",,,"€ 15,000,000",,D,,25.0,Reserve,France,,,Psg,Ligue 1,2022-2023,,,,,,"Jun 30, 2027",5.0,,,RB,,,,
410,Sergio Rico,"€ 39,423","€ 2,050,000",,"Sep 5, 2020",,,"€ 4,100,000",,K,,29.0,Reserve,Spain,,,Psg,Ligue 1,2022-2023,,,,,,"Jun 30, 2024",2.0,,,GK,,,,
411,Danilo Pereira,"€ 30,192","€ 1,570,000",,"Jul 1, 2021",,,"€ 4,710,000",,M,,31.0,Starter,Portugal,,,Psg,Ligue 1,2022-2023,,,,,,"Jun 30, 2025",3.0,,,DM,,,,
412,Alexandre Letellier,"€ 11,538","€ 600,000",,"Jul 6, 2022",,,"€ 1,200,000",,K,,32.0,Reserve,France,,,Psg,Ligue 1,2022-2023,,,,,,"Jun 30, 2024",2.0,,,GK,,,,
413,Hugo Ekitiké,"€ 10,385","€ 540,000",,"Jul 16, 2022",,,"€ 540,000",,F,,20.0,Reserve,France,,,Psg,Ligue 1,2022-2023,,,,,,"Jun 30, 2023",1.0,,,CF,,,,
414,El Chadaille Bitshiabu,"€ 10,192","€ 530,000",,"Jul 1, 2022",,,"€ 1,060,000",,D,,17.0,Reserve,France,,,Psg,Ligue 1,2022-2023,,,,,,"Jun 30, 2024",2.0,,,CB,,,,
415,Nuno Mendes,"€ 7,692","€ 400,000",,"Jul 1, 2022",,,"€ 1,600,000",,D,,20.0,Reserve,Portugal,,,Psg,Ligue 1,2022-2023,,,,,,"Jun 30, 2026",4.0,,,LB,,,,
416,Timothée Pembélé,"€ 6,154","€ 320,000",,"Dec 4, 2020",,,"€ 640,000",,D,,20.0,Reserve,France,,,Psg,Ligue 1,2022-2023,,,,,,"Jun 30, 2024",2.0,,,RB,,,,
417,Warren Zaïre-Emery,"€ 4,808","€ 250,000",,"Jul 15, 2022",,,"€ 750,000",,M,,16.0,Reserve,France,,,Psg,Ligue 1,2022-2023,,,,,,"Jun 30, 2025",3.0,,,DM,,,,
418,Ismaël Gharbi,"€ 2,885","€ 150,000",,"Jun 17, 2022",,,"€ 450,000",,F,,18.0,Reserve,Spain,,,Psg,Ligue 1,2022-2023,,,,,,"Jun 30, 2025",3.0,,,AM,,,,
419,Lucas Lavallée,"€ 2,308","€ 120,000",,"Jul 1, 2022",,,"€ 360,000",,K,,19.0,Reserve,France,,,Psg,Ligue 1,2022-2023,,,,,,"Jun 30, 2025",3.0,,,GK,,,,
420,Leandro Paredes,€ 0,€ 0,,"Jan 29, 2019",,,€ 0,,M,,28.0,Reserve,Argentina,,,Psg,Ligue 1,2022-2023,,,,,,"Jun 30, 2024",2.0,,,DM,,,,
421,Layvin Kurzawa,€ 0,€ 0,,"Aug 27, 2015",,,€ 0,,D,,29.0,Reserve,France,,,Psg,Ligue 1,2022-2023,,,,,,"Jun 30, 2024",2.0,,,LB,,,,
422,Ilyes Housni,€ 0,€ 0,,"Dec 30, 2022",,,€ 0,,F,,17.0,Reserve,France,,,Psg,Ligue 1,2022-2023,,,,,,"Jun 30, 2026",4.0,,,CF,,,,
423,Total,"€ 7,281,538","€ 378,640,000","€ 60,000,000",,,,"€ 996,730,000",€ 0,,,,,,,,Psg,Ligue 1,2022-2023,,,,,,,,,,,,,,
424,Folarin Balogun,"€ 34,615","€ 1,800,000",,"Aug 3, 2022",,,"€ 1,800,000",,F,,21.0,Starter,England,,,Reims,Ligue 1,2022-2023,,,,,,"Jun 30, 2023",1.0,,,,,,CF,
425,Jens Cajuste,"€ 28,846","€ 1,500,000",,"Jan 10, 2022",,,"€ 6,000,000",,M,,23.0,Reserve,Sweden,,,Reims,Ligue 1,2022-2023,,,,,,"Jun 30, 2026",4.0,,,,,,DM,
426,Maxime Busi,"€ 20,962","€ 1,090,000",,"Jul 1, 2022",,,"€ 4,360,000",,D,,23.0,Reserve,Belgium,,,Reims,Ligue 1,2022-2023,,,,,,"Jun 30, 2026",4.0,,,,,,RB,
427,Yunis Abdelhamid,"€ 18,462","€ 960,000",,"Apr 28, 2022",,,"€ 1,920,000",,D,,35.0,Starter,Morocco,,,Reims,Ligue 1,2022-2023,,,,,,"Jun 30, 2024",2.0,,,,,,CB,
428,Junya Ito,"€ 17,308","€ 900,000",,"Jul 29, 2022",,,"€ 3,600,000",,F,,29.0,Starter,Japan,,,Reims,Ligue 1,2022-2023,,,,,,"Jun 30, 2026",4.0,,,,,,RW,
429,Thomas Foket,"€ 13,846","€ 720,000",,"Feb 13, 2023",,,"€ 720,000",,D,,28.0,Starter,Belgium,,,Reims,Ligue 1,2022-2023,,,,,,"Jun 30, 2023",1.0,,,,,,RB,
430,Arbër Zeneli,"€ 13,462","€ 700,000",,"May 17, 2022",,,"€ 2,100,000",,F,,27.0,Reserve,Kosovo,,,Reims,Ligue 1,2022-2023,,,,,,"Jun 30, 2025",3.0,,,,,,LW,
431,Yehvann Diouf,"€ 9,231","€ 480,000",,"Jul 7, 2021",,,"€ 960,000",,K,,23.0,Starter,France,,,Reims,Ligue 1,2022-2023,,,,,,"Jun 30, 2024",2.0,,,,,,GK,
432,Azor Matusiwa,"€ 7,692","€ 400,000",,"Aug 31, 2021",,,"€ 1,600,000",,M,,24.0,Starter,Netherlands,,,Reims,Ligue 1,2022-2023,,,,,,"Jun 30, 2026",4.0,,,,,,DM,
433,Kaj Sierhuis,"€ 7,308","€ 380,000",,"Jan 31, 2020",,,"€ 760,000",,F,,24.0,Reserve,Netherlands,,,Reims,Ligue 1,2022-2023,,,,,,"Jun 30, 2024",2.0,,,,,,CF,
434,Mitchell van Bergen,"€ 6,731","€ 350,000",,"Aug 27, 2021",,,"€ 1,050,000",,F,,23.0,Reserve,Netherlands,,,Reims,Ligue 1,2022-2023,,,,,,"Jun 30, 2025",3.0,,,,,,LW,
435,Emmanuel Agbadou,"€ 4,038","€ 210,000",,"Jul 1, 2022",,,"€ 1,050,000",,D,,25.0,Starter,Cote d'Ivoire,,,Reims,Ligue 1,2022-2023,,,,,,"Jun 30, 2027",5.0,,,,,,CB,
436,Alexis Flips,"€ 3,846","€ 200,000",,"Jul 1, 2021",,,"€ 400,000",,F,,23.0,Starter,France,,,Reims,Ligue 1,2022-2023,,,,,,"Jun 30, 2024",2.0,,,,,,RW,
437,Nicolas Penneteau,"€ 3,846","€ 200,000",,"Jul 1, 2021",,,"€ 200,000",,K,,41.0,Reserve,France,,,Reims,Ligue 1,2022-2023,,,,,,"Jun 30, 2023",1.0,,,,,,GK,
438,Marshall Munetsi,"€ 3,462","€ 180,000",,"May 20, 2022",,,"€ 720,000",,M,,26.0,Starter,Zimbabwe,,,Reims,Ligue 1,2022-2023,,,,,,"Jun 30, 2026",4.0,,,,,,DM,
439,Noah Jean Holm,"€ 2,885","€ 150,000",,"Sep 1, 2022",,,"€ 150,000",,F,,21.0,Reserve,Norway,,,Reims,Ligue 1,2022-2023,,,,,,"Jun 30, 2023",1.0,,,,,,CF,
440,Myziane Maolida,"€ 2,885","€ 150,000",,"Jan 31, 2023",,,"€ 150,000",,F,,23.0,Starter,France,,,Reims,Ligue 1,2022-2023,,,,,,"Jun 30, 2023",1.0,,,,,,LW,
441,Thibault De Smet,"€ 2,885","€ 150,000",,"Jul 1, 2020",,,"€ 300,000",,D,,24.0,Starter,Belgium,,,Reims,Ligue 1,2022-2023,,,,,,"Jun 30, 2024",2.0,,,,,,LB,
442,Dion Lopy,"€ 1,923","€ 100,000",,"Jul 1, 2021",,,"€ 200,000",,M,,20.0,Reserve,Senegal,,,Reims,Ligue 1,2022-2023,,,,,,"Jun 30, 2024",2.0,,,,,,DM,
443,Kamory Doumbia,€ 769,"€ 40,000",,"Jul 1, 2022",,,"€ 120,000",,F,,19.0,Reserve,Mali,,,Reims,Ligue 1,2022-2023,,,,,,"Jun 30, 2025",3.0,,,,,,AM,
444,Florent Duparchy,€ 769,"€ 40,000",,"Dec 17, 2021",,,"€ 80,000",,K,,22.0,Reserve,France,,,Reims,Ligue 1,2022-2023,,,,,,"Jun 30, 2024",2.0,,,,,,GK,
445,Total,"€ 205,771","€ 10,700,000",€ 0,,,,"€ 28,240,000",€ 0,,,,,,,,Reims,Ligue 1,2022-2023,,,,,,,,,,,,,,
446,Steve Mandanda,"€ 125,962","€ 6,550,000",,"Jul 6, 2022",,,"€ 13,100,000",,K,,37.0,Starter,France,,,Rennes,Ligue 1,2022-2023,,,,GK,,"Jun 30, 2024",2.0,,,,,,,
447,Martin Terrier,"€ 57,692","€ 3,000,000",,"Aug 24, 2022",,,"€ 12,000,000",,F,,25.0,Reserve,France,,,Rennes,Ligue 1,2022-2023,,,,LW,,"Jun 30, 2026",4.0,,,,,,,
448,Arthur Theate,"€ 55,962","€ 2,910,000",,"Jul 29, 2022",,,"€ 11,640,000",,D,,22.0,Starter,Belgium,,,Rennes,Ligue 1,2022-2023,,,,CB,,"Jun 30, 2026",4.0,,,,,,,
449,Benjamin Bourigeaud,"€ 43,846","€ 2,280,000",,"Sep 2, 2022",,,"€ 9,120,000",,M,,29.0,Starter,France,,,Rennes,Ligue 1,2022-2023,,,,RM,,"Jun 30, 2026",4.0,,,,,,,
450,Hamari Traoré,"€ 41,538","€ 2,160,000",,"Sep 7, 2020",,,"€ 2,160,000",,D,,31.0,Reserve,Mali,,,Rennes,Ligue 1,2022-2023,,,,RB,,"Jun 30, 2023",1.0,,,,,,,
451,Baptiste Santamaria,"€ 30,192","€ 1,570,000",,"Aug 17, 2021",,,"€ 4,710,000",,M,,27.0,Starter,France,,,Rennes,Ligue 1,2022-2023,,,,CM,,"Jun 30, 2025",3.0,,,,,,,
452,Jérémy Doku,"€ 30,000","€ 1,560,000",,"Oct 5, 2020",,,"€ 4,680,000",,F,,20.0,Starter,Belgium,,,Rennes,Ligue 1,2022-2023,,,,RW,,"Jun 30, 2025",3.0,,,,,,,
453,Birger Meling,"€ 30,000","€ 1,560,000",,"Sep 30, 2022",,,"€ 6,240,000",,D,,28.0,Reserve,Norway,,,Rennes,Ligue 1,2022-2023,,,,LB,,"Jun 30, 2026",4.0,,,,,,,
454,Lovro Majer,"€ 30,000","€ 1,560,000",,"Oct 22, 2022",,,"€ 7,800,000",,F,,25.0,Reserve,Croatia,,,Rennes,Ligue 1,2022-2023,,,,AM,,"Jun 30, 2027",5.0,,,,,,,
455,Karl Toko Ekambi,"€ 29,423","€ 1,530,000",,"Jan 26, 2023",,,"€ 1,530,000",,F,,30.0,Reserve,Cameroon,,,Rennes,Ligue 1,2022-2023,,,,LW,,"Jun 30, 2023",1.0,,,,,,,
456,Arnaud Kalimuendo,"€ 28,846","€ 1,500,000",,"Aug 11, 2022",,,"€ 7,500,000",,F,,21.0,Starter,France,,,Rennes,Ligue 1,2022-2023,,,,CF,,"Jun 30, 2027",5.0,,,,,,,
457,Djed Spence,"€ 27,885","€ 1,450,000",,"Jan 31, 2023",,,"€ 1,450,000",,D,,22.0,Starter,England,,,Rennes,Ligue 1,2022-2023,,,,RB,,"Jun 30, 2023",1.0,,,,,,,
458,Flavien Tait,"€ 27,692","€ 1,440,000",,"May 23, 2022",,,"€ 2,880,000",,M,,29.0,Reserve,France,,,Rennes,Ligue 1,2022-2023,,,,CM,,"Jun 30, 2024",2.0,,,,,,,
459,Amine Gouiri,"€ 23,077","€ 1,200,000",,"Sep 1, 2022",,,"€ 6,000,000",,F,,22.0,Starter,France,,,Rennes,Ligue 1,2022-2023,,,,CF,,"Jun 30, 2027",5.0,,,,,,,
460,Romain Salin,"€ 13,269","€ 690,000",,"Dec 17, 2021",,,"€ 1,380,000",,K,,38.0,Reserve,France,,,Rennes,Ligue 1,2022-2023,,,,GK,,"Jun 30, 2024",2.0,,,,,,,
461,Joe Rodon,"€ 11,154","€ 580,000",,"Aug 1, 2022",,,"€ 580,000",,D,,25.0,Starter,Wales,,,Rennes,Ligue 1,2022-2023,,,,CB,,"Jun 30, 2023",1.0,,,,,,,
462,Désiré Doué,"€ 6,923","€ 360,000",,"Nov 2, 2022",,,"€ 1,080,000",,F,,17.0,Starter,France,,,Rennes,Ligue 1,2022-2023,,,,AM,,"Jun 30, 2025",3.0,,,,,,,
463,Lorenz Assignon,"€ 4,808","€ 250,000",,"Jul 12, 2021",,,"€ 750,000",,D,,22.0,Reserve,France,,,Rennes,Ligue 1,2022-2023,,,,RB,,"Jun 30, 2025",3.0,,,,,,,
464,Christopher Wooh,"€ 4,615","€ 240,000",,"Sep 1, 2022",,,"€ 960,000",,D,,21.0,Reserve,Cameroon,,,Rennes,Ligue 1,2022-2023,,,,CB,,"Jun 30, 2026",4.0,,,,,,,
465,Adrien Truffert,"€ 2,885","€ 150,000",,"Feb 25, 2021",,,"€ 450,000",,D,,21.0,Starter,France,,,Rennes,Ligue 1,2022-2023,,,,LB,,"Jun 30, 2025",3.0,,,,,,,
466,Dogan Alemdar,"€ 2,500","€ 130,000",,"Aug 27, 2021",,,"€ 520,000",,K,,20.0,Reserve,Turkey,,,Rennes,Ligue 1,2022-2023,,,,GK,,"Jun 30, 2026",4.0,,,,,,,
467,Elias Damergy,€ 962,"€ 50,000",,"Jul 1, 2022",,,"€ 50,000",,K,,20.0,Reserve,Tunisia,,,Rennes,Ligue 1,2022-2023,,,,GK,,"Jun 30, 2023",1.0,,,,,,,
468,Lesley Ugochukwu,€ 769,"€ 40,000",,"Jun 23, 2022",,,"€ 120,000",,M,,18.0,Reserve,France,,,Rennes,Ligue 1,2022-2023,,,,DM,,"Jun 30, 2025",3.0,,,,,,,
469,Guéla Doué,€ 577,"€ 30,000",,"Jan 17, 2023",,,"€ 90,000",,D,,20.0,Reserve,France,,,Rennes,Ligue 1,2022-2023,,,,RB,,"Jun 30, 2025",3.0,,,,,,,
470,Jeanuël Belocian,€ 577,"€ 30,000",,"Jul 1, 2022",,,"€ 60,000",,D,,17.0,Reserve,France,,,Rennes,Ligue 1,2022-2023,,,,CB,,"Jun 30, 2024",2.0,,,,,,,
471,Warmed Omari,€ 577,"€ 30,000",,"Dec 30, 2021",,,"€ 120,000",,D,,22.0,Reserve,France,,,Rennes,Ligue 1,2022-2023,,,,CB,,"Jun 30, 2026",4.0,,,,,,,
472,Ibrahim Salah,€ 0,€ 0,,"Jan 31, 2023",,,€ 0,,F,,21.0,Reserve,Morocco,,,Rennes,Ligue 1,2022-2023,,,,LW,,"Jun 30, 2027",5.0,,,,,,,
473,Xeka,€ 0,€ 0,,"Sep 21, 2022",,,€ 0,,M,,28.0,Reserve,Portugal,,,Rennes,Ligue 1,2022-2023,,,,CM,,"Jun 30, 2024",2.0,,,,,,,
474,Total,"€ 631,731","€ 32,850,000",€ 0,,,,"€ 96,970,000",€ 0,,,,,,,,Rennes,Ligue 1,2022-2023,,,,,,,,,,,,,,
475,Morgan Sanson,"€ 50,000","€ 2,600,000",,"Jan 23, 2023",,,"€ 2,600,000",,M,,28.0,Starter,France,,,Strasbourg,Ligue 1,2022-2023,,,,,,"Jun 30, 2023",1.0,,,,,,,CM
476,Kévin Gameiro,"€ 27,692","€ 1,440,000",,"Jul 18, 2021",,,"€ 1,440,000",,F,,35.0,Starter,France,,,Strasbourg,Ligue 1,2022-2023,,,,,,"Jun 30, 2023",1.0,,,,,,,CF
477,Habib Diarra,"€ 21,923","€ 1,140,000",,"Jul 21, 2022",,,"€ 5,700,000",,M,,19.0,Reserve,France,,,Strasbourg,Ligue 1,2022-2023,,,,,,"Jun 30, 2027",5.0,,,,,,,DM
478,Matz Sels,"€ 20,769","€ 1,080,000",,"Jun 23, 2022",,,"€ 4,320,000",,K,,30.0,Starter,Belgium,,,Strasbourg,Ligue 1,2022-2023,,,,,,"Jun 30, 2026",4.0,,,,,,,GK
479,Jean-Eudes Aholou,"€ 17,885","€ 930,000",,"Jul 1, 2022",,,"€ 1,860,000",,M,,28.0,Reserve,Cote d'Ivoire,,,Strasbourg,Ligue 1,2022-2023,,,,,,"Jun 30, 2024",2.0,,,,,,,DM
480,Alexander Djiku,"€ 16,154","€ 840,000",,"Jul 5, 2019",,,"€ 840,000",,D,,28.0,Reserve,Ghana,,,Strasbourg,Ligue 1,2022-2023,,,,,,"Jun 30, 2023",1.0,,,,,,,CB
481,Lebo Mothiba,"€ 16,154","€ 840,000",,"Aug 30, 2018",,,"€ 1,680,000",,F,,27.0,Reserve,South Africa,,,Strasbourg,Ligue 1,2022-2023,,,,,,"Jun 30, 2024",2.0,,,,,,,CF
482,Sanjin Prcic,"€ 16,154","€ 840,000",,"May 24, 2022",,,"€ 2,520,000",,M,,29.0,Starter,Bosnia-Herzegovina,,,Strasbourg,Ligue 1,2022-2023,,,,,,"Jun 30, 2025",3.0,,,,,,,CM
483,Colin Dagba,"€ 12,692","€ 660,000",,"Jul 6, 2022",,,"€ 660,000",,D,,24.0,Reserve,France,,,Strasbourg,Ligue 1,2022-2023,,,,,,"Jun 30, 2023",1.0,,,,,,,RB
484,Dimitri Liénard,"€ 11,731","€ 610,000",,"Jun 28, 2021",,,"€ 610,000",,M,,34.0,Starter,France,,,Strasbourg,Ligue 1,2022-2023,,,,,,"Jun 30, 2023",1.0,,,,,,,LM
485,Habib Diallo,"€ 11,731","€ 610,000",,"Oct 5, 2020",,,"€ 1,830,000",,F,,27.0,Starter,Senegal,,,Strasbourg,Ligue 1,2022-2023,,,,,,"Jun 30, 2025",3.0,,,,,,,CF
486,Thomas Delaine,"€ 10,000","€ 520,000",,"Jul 1, 2022",,,"€ 1,560,000",,D,,30.0,Reserve,France,,,Strasbourg,Ligue 1,2022-2023,,,,,,"Jun 30, 2025",3.0,,,,,,,LB
487,Gerzino Nyamsi,"€ 8,654","€ 450,000",,"Aug 30, 2021",,,"€ 1,350,000",,D,,26.0,Reserve,France,,,Strasbourg,Ligue 1,2022-2023,,,,,,"Jun 30, 2025",3.0,,,,,,,CB
488,Maxime Le Marchand,"€ 7,692","€ 400,000",,"Aug 26, 2021",,,"€ 400,000",,D,,33.0,Starter,France,,,Strasbourg,Ligue 1,2022-2023,,,,,,"Jun 30, 2023",1.0,,,,,,,CB
489,Ismaël Doukouré,"€ 7,692","€ 400,000",,"Jan 29, 2022",,,"€ 1,600,000",,D,,19.0,Starter,France,,,Strasbourg,Ligue 1,2022-2023,,,,,,"Jun 30, 2026",4.0,,,,,,,CB
490,Eiji Kawashima,"€ 7,115","€ 370,000",,"Jun 12, 2021",,,"€ 370,000",,K,,39.0,Reserve,Japan,,,Strasbourg,Ligue 1,2022-2023,,,,,,"Jun 30, 2023",1.0,,,,,,,GK
491,Jean-Ricner Bellegarde,"€ 6,538","€ 340,000",,"Nov 8, 2021",,,"€ 680,000",,M,,24.0,Reserve,France,,,Strasbourg,Ligue 1,2022-2023,,,,,,"Jun 30, 2024",2.0,,,,,,,CM
492,Ibrahima Sissoko,"€ 6,346","€ 330,000",,"May 22, 2020",,,"€ 660,000",,M,,25.0,Starter,France,,,Strasbourg,Ligue 1,2022-2023,,,,,,"Jun 30, 2024",2.0,,,,,,,DM
493,Lucas Perrin,"€ 1,923","€ 100,000",,"Jul 1, 2022",,,"€ 300,000",,D,,24.0,Starter,France,,,Strasbourg,Ligue 1,2022-2023,,,,,,"Jun 30, 2025",3.0,,,,,,,CB
494,Nordine Kandil,€ 769,"€ 40,000",,"Jun 23, 2022",,,"€ 120,000",,F,,21.0,Reserve,France,,,Strasbourg,Ligue 1,2022-2023,,,,,,"Jun 30, 2025",3.0,,,,,,,AM
495,Alexandre Pierre,€ 577,"€ 30,000",,"Jul 1, 2021",,,"€ 60,000",,K,,21.0,Reserve,Haiti,,,Strasbourg,Ligue 1,2022-2023,,,,,,"Jun 30, 2024",2.0,,,,,,,GK
496,Eduard Sobol,€ 0,€ 0,,"Jan 23, 2023",,,€ 0,,D,,27.0,Reserve,Ukraine,,,Strasbourg,Ligue 1,2022-2023,,,,,,"Jun 30, 2026",4.0,,,,,,,LB
497,Robin Risser,€ 0,€ 0,,"Jul 1, 2021",,,€ 0,,K,,18.0,Reserve,France,,,Strasbourg,Ligue 1,2022-2023,,,,,,"Jun 30, 2023",1.0,,,,,,,GK
498,Yuito Suzuki,€ 0,€ 0,,"Jan 27, 2023",,,€ 0,,F,,21.0,Reserve,Japan,,,Strasbourg,Ligue 1,2022-2023,,,,,,"Jun 30, 2023",1.0,,,,,,,AM
499,Frédéric Guilbert,€ 0,€ 0,,"Jan 17, 2023",,,€ 0,,D,,28.0,Starter,France,,,Strasbourg,Ligue 1,2022-2023,,,,,,"Jun 30, 2026",4.0,,,,,,,RB
500,Total,"€ 280,191","€ 14,570,000",€ 0,,,,"€ 31,160,000",€ 0,,,,,,,,Strasbourg,Ligue 1,2022-2023,,,,,,,,,,,,,,
501,Brecht Dejaegere,"€ 17,308","€ 900,000",,"Jul 1, 2021",,,"€ 900,000",,M,,31.0,Starter,Belgium,,,Toulouse,Ligue 1,2022-2023,,,,,,"Jun 30, 2023",1.0,,,CM,,,,
502,Branco van den Boomen,"€ 15,000","€ 780,000",,"Aug 7, 2020",,,"€ 780,000",,M,,27.0,Reserve,Netherlands,,,Toulouse,Ligue 1,2022-2023,,,,,,"Jun 30, 2023",1.0,,,CM,,,,
503,Ado Onaiwu,"€ 11,538","€ 600,000",,"Jul 20, 2021",,,"€ 1,200,000",,F,,27.0,Reserve,Japan,,,Toulouse,Ligue 1,2022-2023,,,,,,"Jun 30, 2024",2.0,,,CF,,,,
504,Mikkel Desler,"€ 11,538","€ 600,000",,"Jul 20, 2021",,,"€ 600,000",,D,,27.0,Starter,Denmark,,,Toulouse,Ligue 1,2022-2023,,,,,,"Jun 30, 2023",1.0,,,RB,,,,
505,Veljko Birmancevic,"€ 11,538","€ 600,000",,"Sep 1, 2022",,,"€ 2,400,000",,F,,24.0,Reserve,Serbia,,,Toulouse,Ligue 1,2022-2023,,,,,,"Jun 30, 2026",4.0,,,LW,,,,
506,Rasmus Nicolaisen,"€ 10,577","€ 550,000",,"Aug 17, 2021",,,"€ 1,650,000",,D,,25.0,Starter,Denmark,,,Toulouse,Ligue 1,2022-2023,,,,,,"Jun 30, 2025",3.0,,,CB,,,,
507,Rafael Ratão,"€ 9,615","€ 500,000",,"Aug 31, 2021",,,"€ 1,000,000",,F,,27.0,Starter,Brazil,,,Toulouse,Ligue 1,2022-2023,,,,,,"Jun 30, 2024",2.0,,,LW,,,,
508,Zakaria Aboukhlal,"€ 5,769","€ 300,000",,"Jul 1, 2022",,,"€ 1,200,000",,F,,22.0,Starter,Morocco,,,Toulouse,Ligue 1,2022-2023,,,,,,"Jun 30, 2026",4.0,,,RW,,,,
509,Kjetil Haug,"€ 5,769","€ 300,000",,"Jul 1, 2022",,,"€ 1,200,000",,K,,24.0,Reserve,Norway,,,Toulouse,Ligue 1,2022-2023,,,,,,"Jun 30, 2026",4.0,,,GK,,,,
510,Logan Costa,"€ 5,577","€ 290,000",,"Aug 20, 2021",,,"€ 870,000",,D,,21.0,Reserve,Cape Verde,,,Toulouse,Ligue 1,2022-2023,,,,,,"Jun 30, 2025",3.0,,,CB,,,,
511,Maxime Dupé,"€ 5,000","€ 260,000",,"Jul 1, 2020",,,"€ 260,000",,K,,29.0,Starter,France,,,Toulouse,Ligue 1,2022-2023,,,,,,"Jun 30, 2023",1.0,,,GK,,,,
512,Theocharis Tsingaras,"€ 4,615","€ 240,000",,"Sep 1, 2022",,,"€ 240,000",,M,,22.0,Reserve,Greece,,,Toulouse,Ligue 1,2022-2023,,,,,,"Jun 30, 2023",1.0,,,CM,,,,
513,Oliver Zandén,"€ 4,615","€ 240,000",,"Jul 19, 2022",,,"€ 960,000",,D,,21.0,Reserve,Sweden,,,Toulouse,Ligue 1,2022-2023,,,,,,"Jun 30, 2026",4.0,,,LB,,,,
514,Denis Genreau,"€ 3,462","€ 180,000",,"Aug 2, 2021",,,"€ 540,000",,F,,23.0,Reserve,Australia,,,Toulouse,Ligue 1,2022-2023,,,,,,"Jun 30, 2025",3.0,,,AM,,,,
515,Stijn Spierings,"€ 3,077","€ 160,000",,"Oct 5, 2020",,,"€ 160,000",,M,,26.0,Starter,Netherlands,,,Toulouse,Ligue 1,2022-2023,,,,,,"Jun 30, 2023",1.0,,,DM,,,,
516,Rhys Healey,"€ 2,500","€ 130,000",,"Aug 27, 2020",,,"€ 130,000",,F,,28.0,Reserve,England,,,Toulouse,Ligue 1,2022-2023,,,,,,"Jun 30, 2023",1.0,,,CF,,,,
517,Thijs Dallinga,"€ 2,308","€ 120,000",,"Jul 1, 2022",,,"€ 480,000",,F,,22.0,Starter,Netherlands,,,Toulouse,Ligue 1,2022-2023,,,,,,"Jun 30, 2026",4.0,,,CF,,,,
518,Farès Chaïbi,"€ 2,308","€ 120,000",,"Jul 1, 2022",,,"€ 360,000",,F,,20.0,Starter,France,,,Toulouse,Ligue 1,2022-2023,,,,,,"Jun 30, 2025",3.0,,,AM,,,,
519,Anthony Rouault,"€ 1,731","€ 90,000",,"Aug 13, 2021",,,"€ 180,000",,D,,21.0,Starter,France,,,Toulouse,Ligue 1,2022-2023,,,,,,"Jun 30, 2024",2.0,,,CB,,,,
520,Moussa Diarra,"€ 1,346","€ 70,000",,"Sep 29, 2021",,,"€ 140,000",,D,,22.0,Reserve,Mali,,,Toulouse,Ligue 1,2022-2023,,,,,,"Jun 30, 2024",2.0,,,LB,,,,
521,Kévin Keben,"€ 1,154","€ 60,000",,"Jul 1, 2022",,,"€ 180,000",,D,,19.0,Reserve,Cameroon,,,Toulouse,Ligue 1,2022-2023,,,,,,"Jun 30, 2025",3.0,,,CB,,,,
522,Thomas Himeur,€ 385,"€ 20,000",,"Jul 1, 2021",,,"€ 40,000",,K,,22.0,Reserve,France,,,Toulouse,Ligue 1,2022-2023,,,,,,"Jun 30, 2024",2.0,,,GK,,,,
523,Gabriel Suazo,€ 0,€ 0,,"Jan 16, 2023",,,€ 0,,D,,25.0,Starter,Chile,,,Toulouse,Ligue 1,2022-2023,,,,,,"Jun 30, 2026",4.0,,,LB,,,,
524,Saïd Hamulic,€ 0,€ 0,,"Jan 24, 2023",,,€ 0,,F,,22.0,Reserve,Bosnia-Herzegovina,,,Toulouse,Ligue 1,2022-2023,,,,,,"Jun 30, 2027",5.0,,,CF,,,,
525,Vincent Sierro,€ 0,€ 0,,"Jan 23, 2023",,,€ 0,,M,,27.0,Reserve,Switzerland,,,Toulouse,Ligue 1,2022-2023,,,,,,"Jun 30, 2026",4.0,,,CM,,,,
526,Warren Kamanzi,€ 0,€ 0,,"Jan 2, 2023",,,€ 0,,D,,22.0,Reserve,Norway,,,Toulouse,Ligue 1,2022-2023,,,,,,"Jun 30, 2026",4.0,,,RB,,,,
527,Total,"€ 136,730","€ 7,110,000",€ 0,,,,"€ 15,470,000",€ 0,,,,,,,,Toulouse,Ligue 1,2022-2023,,,,,,,,,,,,,,
528,Rony Lopes,"€ 42,308","€ 2,200,000",,"Aug 24, 2022",,,"€ 2,200,000",,F,,27.0,Starter,Portugal,,,Troyes,Ligue 1,2022-2023,,,,,,"Jun 30, 2023",1.0,,,RW,,,,
529,Jeff Reine-Adélaïde,"€ 21,731","€ 1,130,000",,"Jan 30, 2023",,,"€ 1,130,000",,F,,25.0,Starter,France,,,Troyes,Ligue 1,2022-2023,,,,,,"Jun 30, 2023",1.0,,,AM,,,,
530,Renaud Ripart,"€ 16,154","€ 840,000",,"Jul 15, 2021",,,"€ 2,520,000",,F,,29.0,Reserve,France,,,Troyes,Ligue 1,2022-2023,,,,,,"Jun 30, 2025",3.0,,,RW,,,,
531,Iké Ugbo,"€ 15,000","€ 780,000",,"Aug 4, 2022",,,"€ 3,120,000",,F,,24.0,Reserve,Canada,,,Troyes,Ligue 1,2022-2023,,,,,,"Jun 30, 2026",4.0,,,CF,,,,
532,Ante Palaversa,"€ 15,000","€ 780,000",,"Aug 31, 2022",,,"€ 2,340,000",,M,,22.0,Reserve,Croatia,,,Troyes,Ligue 1,2022-2023,,,,,,"Jun 30, 2025",3.0,,,CM,,,,
533,Adil Rami,"€ 15,000","€ 780,000",,"Jul 8, 2022",,,"€ 780,000",,D,,37.0,Reserve,France,,,Troyes,Ligue 1,2022-2023,,,,,,"Jun 30, 2023",1.0,,,CB,,,,
534,Xavier Chavalerin,"€ 15,000","€ 780,000",,"Aug 29, 2021",,,"€ 1,560,000",,M,,31.0,Starter,France,,,Troyes,Ligue 1,2022-2023,,,,,,"Jun 30, 2024",2.0,,,CM,,,,
535,Mama Baldé,"€ 14,615","€ 760,000",,"Jul 31, 2021",,,"€ 2,280,000",,F,,27.0,Starter,Guinea-Bissau,,,Troyes,Ligue 1,2022-2023,,,,,,"Jun 30, 2025",3.0,,,CF,,,,
536,Abdu Conté,"€ 13,462","€ 700,000",,"Jan 12, 2022",,,"€ 2,800,000",,D,,24.0,Reserve,Portugal,,,Troyes,Ligue 1,2022-2023,,,,,,"Jun 30, 2026",4.0,,,LB,,,,
537,Rominigue Kouamé,"€ 12,692","€ 660,000",,"Jul 1, 2021",,,"€ 1,320,000",,M,,26.0,Reserve,Mali,,,Troyes,Ligue 1,2022-2023,,,,,,"Jun 30, 2024",2.0,,,CM,,,,
538,Jackson Porozo,"€ 12,692","€ 660,000",,"Jul 1, 2022",,,"€ 3,300,000",,D,,22.0,Starter,Ecuador,,,Troyes,Ligue 1,2022-2023,,,,,,"Jun 30, 2027",5.0,,,CB,,,,
539,Tristan Dingomé,"€ 12,692","€ 660,000",,"Oct 5, 2020",,,"€ 660,000",,M,,31.0,Reserve,Cameroon,,,Troyes,Ligue 1,2022-2023,,,,,,"Jun 30, 2023",1.0,,,CM,,,,
540,Lucien Agoume,"€ 12,308","€ 640,000",,"Sep 1, 2022",,,"€ 640,000",,M,,20.0,Starter,France,,,Troyes,Ligue 1,2022-2023,,,,,,"Jun 30, 2023",1.0,,,DM,,,,
541,Erik Palmer-Brown,"€ 11,538","€ 600,000",,"Feb 2, 2022",,,"€ 1,200,000",,D,,25.0,Starter,United States,,,Troyes,Ligue 1,2022-2023,,,,,,"Jun 30, 2024",2.0,,,CB,,,,
542,Gauthier Gallon,"€ 6,923","€ 360,000",,"Jun 26, 2021",,,"€ 720,000",,K,,29.0,Starter,France,,,Troyes,Ligue 1,2022-2023,,,,,,"Jun 30, 2024",2.0,,,GK,,,,
543,Mateusz Lis,"€ 5,769","€ 300,000",,"Sep 1, 2022",,,"€ 300,000",,K,,25.0,Reserve,Poland,,,Troyes,Ligue 1,2022-2023,,,,,,"Jun 30, 2023",1.0,,,GK,,,,
544,Yoann Salmier,"€ 5,769","€ 300,000",,"Jun 30, 2021",,,"€ 600,000",,D,,30.0,Starter,French Guiana,,,Troyes,Ligue 1,2022-2023,,,,,,"Jun 30, 2024",2.0,,,CB,,,,
545,Andreas Bruus,"€ 5,192","€ 270,000",,"Jul 18, 2022",,,"€ 1,350,000",,D,,24.0,Reserve,Denmark,,,Troyes,Ligue 1,2022-2023,,,,,,"Jun 30, 2027",5.0,,,RB,,,,
546,Papa Ndiaga Yade,"€ 5,192","€ 270,000",,"Aug 25, 2022",,,"€ 270,000",,F,,23.0,Reserve,Senegal,,,Troyes,Ligue 1,2022-2023,,,,,,"Jun 30, 2023",1.0,,,LW,,,,
547,Jessy Moulin,"€ 3,846","€ 200,000",,"Jul 19, 2021",,,"€ 200,000",,K,,37.0,Reserve,France,,,Troyes,Ligue 1,2022-2023,,,,,,"Jun 30, 2023",1.0,,,GK,,,,
548,Florian Tardieu,"€ 3,269","€ 170,000",,"Jun 25, 2021",,,"€ 340,000",,M,,30.0,Reserve,France,,,Troyes,Ligue 1,2022-2023,,,,,,"Jun 30, 2024",2.0,,,CM,,,,
549,Thierno Baldé,"€ 2,885","€ 150,000",,"Aug 9, 2022",,,"€ 750,000",,D,,20.0,Starter,France,,,Troyes,Ligue 1,2022-2023,,,,,,"Jun 30, 2027",5.0,,,RB,,,,
550,Eric N'Jo,"€ 1,154","€ 60,000",,"Jun 8, 2022",,,"€ 180,000",,D,,18.0,Reserve,France,,,Troyes,Ligue 1,2022-2023,,,,,,"Jun 30, 2025",3.0,,,CB,,,,
551,Levi Lumeka,"€ 1,154","€ 60,000",,"Jul 28, 2020",,,"€ 120,000",,F,,24.0,Reserve,England,,,Troyes,Ligue 1,2022-2023,,,,,,"Jun 30, 2024",2.0,,,LW,,,,
552,Wilson Odobert,€ 769,"€ 40,000",,"Jan 24, 2023",,,"€ 200,000",,F,,18.0,Reserve,France,,,Troyes,Ligue 1,2022-2023,,,,,,"Jun 30, 2027",5.0,,,RW,,,,
553,Yasser Larouci,€ 385,"€ 20,000",,"Jul 28, 2021",,,"€ 80,000",,D,,22.0,Starter,France,,,Troyes,Ligue 1,2022-2023,,,,,,"Jun 30, 2026",4.0,,,LB,,,,
554,Tanguy Zoukrou,€ 0,€ 0,,"Jul 1, 2022",,,€ 0,,D,,19.0,Reserve,France,,,Troyes,Ligue 1,2022-2023,,,,,,"Jun 30, 2024",2.0,,,CB,,,,
555,Alexis Tibidi,€ 0,€ 0,,"Jan 28, 2023",,,€ 0,,F,,19.0,Reserve,France,,,Troyes,Ligue 1,2022-2023,,,,,,"Jun 30, 2027",5.0,,,LW,,,,
556,Marlos Moreno,€ 0,€ 0,,"Sep 1, 2022",,,€ 0,,F,,26.0,Reserve,Colombia,,,Troyes,Ligue 1,2022-2023,,,,,,"Jun 30, 2024",2.0,,,RW,,,,
557,Total,"€ 272,499","€ 14,170,000",€ 0,,,,"€ 30,960,000",€ 0,,,,,,,,Troyes,Ligue 1,2022-2023,,,,,,,,,,,,,,
