,Player,Gross P/W(GBP),Gross P/Y(GBP),Gross P/Y(GBP).1,Signed,"Contract Expiration Jun 30, 2023Jun 30, 2024Jun 30, 2025Jun 30, 2026Jun 30, 2027Jun 30, 2028",Years Remaining 123456,Gross Remaining(GBP),Release Clause(GBP),Pos. DFKM,Pos. AMCBCFDMGKLBLWRBRMRW,Age,Status ReserveStarter,Country,Active,Loan,Team,League,Season,Pos. CBCFCMDMGKLBLWRBRW,"Contract Expiration Jun 30, 2023Jun 30, 2024Jun 30, 2025Jun 30, 2026Jun 30, 2027Jun 30, 2028May 31, 2023",Pos. AMCBCFCMDMGKLBLWRBRW,"Contract Expiration Jun 30, 2023Jun 30, 2024Jun 30, 2025Jun 30, 2026Jun 30, 2027May 31, 2023",Years Remaining 12345,Pos. AMCBCFCMGKLBLMLWRBSS,"Contract Expiration Jun 30, 2023Jun 30, 2024Jun 30, 2025Jun 30, 2026Jun 30, 2027Jun 30, 2028Jun 30, 2029Jun 30, 2030Jun 30, 2031",Years Remaining 123456789,Pos. AMCBCFCMDMGKLBLWRBRWSS,Pos. AMCBCFCMDMGKLBLMLWRBRM,"Contract Expiration Jun 30, 2023Jun 30, 2024Jun 30, 2025Jun 30, 2026Jun 30, 2027",Pos. AMCBCFCMDMGKLBLWRBRMRW,"Contract Expiration Jun 30, 2023Jun 30, 2024Jun 30, 2025Jun 30, 2026Jun 30, 2027Jun 30, 2029May 31, 2023",Years Remaining 123457,Pos. AMCBCFCMDMGKLBLWRBSS,Pos. CBCFCMDMGKLBLMLWRBRW
0,Gabriel Jesus,"£ 265,000","£ 13,780,000",,"Jul 4, 2022","Jun 30, 2027",5.0,"£ 68,900,000",,F,CF,25.0,Reserve,Brazil,,,Arsenal,Premier League,2022-2023,,,,,,,,,,,,,,,,
1,Thomas Partey,"£ 200,000","£ 10,400,000",,"Oct 5, 2020","Jun 30, 2025",3.0,"£ 31,200,000",,M,DM,29.0,Starter,Ghana,,,Arsenal,Premier League,2022-2023,,,,,,,,,,,,,,,,
2,Gabriel Martinelli,"£ 180,000","£ 9,360,000",,"Feb 3, 2023","Jun 30, 2027",5.0,"£ 46,800,000",,F,LW,21.0,Starter,Brazil,,,Arsenal,Premier League,2022-2023,,,,,,,,,,,,,,,,
3,Oleksandr Zinchenko,"£ 150,000","£ 7,800,000",,"Jul 22, 2022","Jun 30, 2026",4.0,"£ 31,200,000",,D,LB,26.0,Starter,Ukraine,,,Arsenal,Premier League,2022-2023,,,,,,,,,,,,,,,,
4,Granit Xhaka,"£ 120,000","£ 6,240,000",,"Aug 23, 2021","Jun 30, 2024",2.0,"£ 12,480,000",,M,DM,30.0,Starter,Switzerland,,,Arsenal,Premier League,2022-2023,,,,,,,,,,,,,,,,
5,Ben White,"£ 120,000","£ 6,240,000",,"Jul 30, 2021","Jun 30, 2026",4.0,"£ 24,960,000",,D,RB,25.0,Starter,England,,,Arsenal,Premier League,2022-2023,,,,,,,,,,,,,,,,
6,Martin Ødegaard,"£ 115,000","£ 5,980,000",,"Aug 20, 2021","Jun 30, 2025",3.0,"£ 17,940,000",,F,AM,24.0,Starter,Norway,,,Arsenal,Premier League,2022-2023,,,,,,,,,,,,,,,,
7,Jorginho,"£ 110,000","£ 5,720,000",,"Jan 31, 2023","Jun 30, 2024",2.0,"£ 11,440,000",,M,DM,31.0,Reserve,Italy,,,Arsenal,Premier League,2022-2023,,,,,,,,,,,,,,,,
8,Kieran Tierney,"£ 110,000","£ 5,720,000",,"Jun 25, 2021","Jun 30, 2026",4.0,"£ 22,880,000",,D,LB,25.0,Reserve,Scotland,,,Arsenal,Premier League,2022-2023,,,,,,,,,,,,,,,,
9,Eddie Nketiah,"£ 100,000","£ 5,200,000",,"Jun 18, 2022","Jun 30, 2027",5.0,"£ 26,000,000",,F,CF,23.0,Starter,England,,,Arsenal,Premier League,2022-2023,,,,,,,,,,,,,,,,
10,Leandro Trossard,"£ 90,000","£ 4,680,000",,"Jan 20, 2023","Jun 30, 2026",4.0,"£ 18,720,000",,F,LW,28.0,Reserve,Belgium,,,Arsenal,Premier League,2022-2023,,,,,,,,,,,,,,,,
11,Bukayo Saka,"£ 70,000","£ 3,640,000",,"Jul 1, 2020","Jun 30, 2024",2.0,"£ 7,280,000",,M,RM,21.0,Starter,England,,,Arsenal,Premier League,2022-2023,,,,,,,,,,,,,,,,
12,Aaron Ramsdale,"£ 60,000","£ 3,120,000",,"Aug 20, 2021","Jun 30, 2025",3.0,"£ 9,360,000",,K,GK,24.0,Starter,England,,,Arsenal,Premier League,2022-2023,,,,,,,,,,,,,,,,
13,Jakub Kiwior,"£ 58,000","£ 3,016,000",,"Jan 23, 2023","Jun 30, 2028",6.0,"£ 18,096,000",,D,CB,22.0,Reserve,Poland,,,Arsenal,Premier League,2022-2023,,,,,,,,,,,,,,,,
14,Takehiro Tomiyasu,"£ 55,000","£ 2,860,000",,"Aug 31, 2021","Jun 30, 2025",3.0,"£ 8,580,000",,D,RB,24.0,Reserve,Japan,,,Arsenal,Premier League,2022-2023,,,,,,,,,,,,,,,,
15,Mohamed Elneny,"£ 55,000","£ 2,860,000",,"Feb 21, 2023","Jun 30, 2024",2.0,"£ 5,720,000",,M,DM,30.0,Reserve,Egypt,,,Arsenal,Premier League,2022-2023,,,,,,,,,,,,,,,,
16,Gabriel Magalhães,"£ 50,000","£ 2,600,000",,"Oct 21, 2022","Jun 30, 2027",5.0,"£ 13,000,000",,D,CB,25.0,Starter,Brazil,,,Arsenal,Premier League,2022-2023,,,,,,,,,,,,,,,,
17,Fábio Vieira,"£ 45,000","£ 2,340,000",,"Jul 1, 2022","Jun 30, 2027",5.0,"£ 11,700,000",,F,AM,22.0,Reserve,Portugal,,,Arsenal,Premier League,2022-2023,,,,,,,,,,,,,,,,
18,William Saliba,"£ 40,000","£ 2,080,000",,"Jul 25, 2019","Jun 30, 2024",2.0,"£ 4,160,000",,D,CB,21.0,Starter,France,,,Arsenal,Premier League,2022-2023,,,,,,,,,,,,,,,,
19,Rob Holding,"£ 40,000","£ 2,080,000",,"Jan 12, 2021","Jun 30, 2024",2.0,"£ 4,160,000",,D,CB,27.0,Reserve,England,,,Arsenal,Premier League,2022-2023,,,,,,,,,,,,,,,,
20,Emile Smith Rowe,"£ 40,000","£ 2,080,000",,"Jul 22, 2021","Jun 30, 2026",4.0,"£ 8,320,000",,F,AM,22.0,Reserve,England,,,Arsenal,Premier League,2022-2023,,,,,,,,,,,,,,,,
21,Matt Turner,"£ 35,000","£ 1,820,000","£ 660,000","Jul 1, 2022","Jun 30, 2025",3.0,"£ 5,460,000",,K,GK,28.0,Reserve,United States,,,Arsenal,Premier League,2022-2023,,,,,,,,,,,,,,,,
22,Reiss Nelson,"£ 15,000","£ 780,000",,"Aug 31, 2018","Jun 30, 2023",1.0,"£ 780,000",,F,RW,23.0,Reserve,England,,,Arsenal,Premier League,2022-2023,,,,,,,,,,,,,,,,
23,Total,"£ 2,123,000","£ 110,396,000","£ 660,000",,,,"£ 409,136,000",£ 0,,,,,,,,Arsenal,Premier League,2022-2023,,,,,,,,,,,,,,,,
24,Lucas Digne,"£ 160,000","£ 8,320,000",,"Jan 13, 2022","Jun 30, 2026",4.0,"£ 33,280,000",,D,,29.0,Starter,France,,,Aston Villa,Premier League,2022-2023,LB,,,,,,,,,,,,,,,
25,Boubacar Kamara,"£ 150,000","£ 7,800,000",,"Jul 1, 2022","Jun 30, 2027",5.0,"£ 39,000,000",,M,,23.0,Starter,France,,,Aston Villa,Premier League,2022-2023,DM,,,,,,,,,,,,,,,
26,Philippe Coutinho,"£ 125,000","£ 6,500,000",,"Jul 1, 2022","Jun 30, 2026",4.0,"£ 26,000,000",,F,,30.0,Reserve,Brazil,,,Aston Villa,Premier League,2022-2023,LW,,,,,,,,,,,,,,,
27,Emiliano Martínez,"£ 120,000","£ 6,240,000",,"Jan 21, 2022","Jun 30, 2027",5.0,"£ 31,200,000",,K,,30.0,Starter,Argentina,,,Aston Villa,Premier League,2022-2023,GK,,,,,,,,,,,,,,,
28,Tyrone Mings,"£ 100,000","£ 5,200,000",,"Feb 17, 2023","Jun 30, 2026",4.0,"£ 20,800,000",,D,,29.0,Starter,England,,,Aston Villa,Premier League,2022-2023,CB,,,,,,,,,,,,,,,
29,Leon Bailey,"£ 100,000","£ 5,200,000",,"Aug 4, 2021","Jun 30, 2025",3.0,"£ 15,600,000",,F,,25.0,Starter,Jamaica,,,Aston Villa,Premier League,2022-2023,LW,,,,,,,,,,,,,,,
30,Diego Carlos,"£ 100,000","£ 5,200,000",,"Jul 1, 2022","Jun 30, 2026",4.0,"£ 20,800,000",,D,,29.0,Reserve,Brazil,,,Aston Villa,Premier League,2022-2023,CB,,,,,,,,,,,,,,,
31,Leander Dendoncker,"£ 90,000","£ 4,680,000",,"Sep 1, 2022","Jun 30, 2023",1.0,"£ 4,680,000",,M,,27.0,Reserve,Belgium,,,Aston Villa,Premier League,2022-2023,DM,,,,,,,,,,,,,,,
32,Matty Cash,"£ 80,000","£ 4,160,000",,"Apr 4, 2022","Jun 30, 2027",5.0,"£ 20,800,000",,D,,25.0,Reserve,Poland,,,Aston Villa,Premier League,2022-2023,RB,,,,,,,,,,,,,,,
33,Bertrand Traoré,"£ 77,885","£ 4,050,000",,"Sep 19, 2020","Jun 30, 2024",2.0,"£ 8,100,000",,F,,27.0,Reserve,Burkina Faso,,,Aston Villa,Premier League,2022-2023,RW,,,,,,,,,,,,,,,
34,Emiliano Buendía,"£ 75,000","£ 3,900,000",,"Jul 1, 2021","Jun 30, 2026",4.0,"£ 15,600,000",,F,,26.0,Starter,Argentina,,,Aston Villa,Premier League,2022-2023,RW,,,,,,,,,,,,,,,
35,Douglas Luiz,"£ 75,000","£ 3,900,000",,"Oct 14, 2022","Jun 30, 2026",4.0,"£ 15,600,000",,M,,24.0,Starter,Brazil,,,Aston Villa,Premier League,2022-2023,CM,,,,,,,,,,,,,,,
36,Ollie Watkins,"£ 75,000","£ 3,900,000",,"Sep 9, 2020","Jun 30, 2025",3.0,"£ 11,700,000",,F,,27.0,Starter,England,,,Aston Villa,Premier League,2022-2023,CF,,,,,,,,,,,,,,,
37,Jacob Ramsey,"£ 70,000","£ 3,640,000",,"Apr 26, 2022","Jun 30, 2027",5.0,"£ 18,200,000",,M,,21.0,Starter,England,,,Aston Villa,Premier League,2022-2023,CM,,,,,,,,,,,,,,,
38,John McGinn,"£ 55,000","£ 2,860,000",,"Dec 11, 2020","Jun 30, 2025",3.0,"£ 8,580,000",,M,,28.0,Reserve,Scotland,,,Aston Villa,Premier League,2022-2023,CM,,,,,,,,,,,,,,,
39,Calum Chambers,"£ 50,000","£ 2,600,000",,"Jan 27, 2022","Jun 30, 2025",3.0,"£ 7,800,000",,D,,28.0,Reserve,England,,,Aston Villa,Premier League,2022-2023,CB,,,,,,,,,,,,,,,
40,Robin Olsen,"£ 50,000","£ 2,600,000","£ 1,560,000","Jul 1, 2022","Jun 30, 2023",1.0,"£ 2,600,000",,K,,33.0,Reserve,Sweden,,,Aston Villa,Premier League,2022-2023,GK,,,,,,,,,,,,,,,
41,Ashley Young,"£ 50,000","£ 2,600,000",,"Jul 4, 2022","Jun 30, 2023",1.0,"£ 2,600,000",,D,,37.0,Starter,England,,,Aston Villa,Premier League,2022-2023,RB,,,,,,,,,,,,,,,
42,Keinan Davis,"£ 45,000","£ 2,340,000",,"Aug 13, 2022","Jun 30, 2024",2.0,"£ 4,680,000",,F,,24.0,Reserve,England,,,Aston Villa,Premier League,2022-2023,CF,,,,,,,,,,,,,,,
43,Álex Moreno,"£ 35,000","£ 1,820,000",,"Jan 11, 2023","Jun 30, 2026",4.0,"£ 7,280,000",,D,,29.0,Reserve,Spain,,,Aston Villa,Premier League,2022-2023,LB,,,,,,,,,,,,,,,
44,Jhon Durán,"£ 30,000","£ 1,560,000",,"Jan 23, 2023","Jun 30, 2028",6.0,"£ 9,360,000",,F,,19.0,Reserve,Colombia,,,Aston Villa,Premier League,2022-2023,CF,,,,,,,,,,,,,,,
45,Ezri Konsa,"£ 30,000","£ 1,560,000",,"Apr 2, 2021","Jun 30, 2026",4.0,"£ 6,240,000",,D,,25.0,Starter,England,,,Aston Villa,Premier League,2022-2023,CB,,,,,,,,,,,,,,,
46,Jed Steer,"£ 20,000","£ 1,040,000",,"Jun 20, 2019","Jun 30, 2023",1.0,"£ 1,040,000",,K,,30.0,Reserve,England,,,Aston Villa,Premier League,2022-2023,GK,,,,,,,,,,,,,,,
47,Total,"£ 1,762,885","£ 91,670,000","£ 1,560,000",,,,"£ 331,540,000",£ 0,,,,,,,,Aston Villa,Premier League,2022-2023,,,,,,,,,,,,,,,,
48,Jefferson Lerma,"£ 55,000","£ 2,860,000",,"Aug 7, 2018",,1.0,"£ 2,860,000",,M,,28.0,Starter,Colombia,,,Bournemouth,Premier League,2022-2023,,"Jun 30, 2023",DM,,,,,,,,,,,,,
49,Marcos Senesi,"£ 50,000","£ 2,600,000",,"Aug 8, 2022",,4.0,"£ 10,400,000",,D,,25.0,Starter,Argentina,,,Bournemouth,Premier League,2022-2023,,"Jun 30, 2026",CB,,,,,,,,,,,,,
50,Neto,"£ 50,000","£ 2,600,000",,"Aug 7, 2022",,1.0,"£ 2,600,000",,K,,33.0,Starter,Brazil,,,Bournemouth,Premier League,2022-2023,,"Jun 30, 2023",GK,,,,,,,,,,,,,
51,David Brooks,"£ 50,000","£ 2,600,000",,"Aug 22, 2022",,4.0,"£ 10,400,000",,F,,25.0,Reserve,Wales,,,Bournemouth,Premier League,2022-2023,,"Jun 30, 2026",RW,,,,,,,,,,,,,
52,Dominic Solanke,"£ 50,000","£ 2,600,000",,"Aug 3, 2022",,4.0,"£ 10,400,000",,F,,25.0,Starter,England,,,Bournemouth,Premier League,2022-2023,,"Jun 30, 2026",CF,,,,,,,,,,,,,
53,Jack Stephens,"£ 45,000","£ 2,340,000",,"Sep 1, 2022",,1.0,"£ 2,340,000",,D,,29.0,Starter,England,,,Bournemouth,Premier League,2022-2023,,"May 31, 2023",CB,,,,,,,,,,,,,
54,Hamed Junior Traorè,"£ 45,000","£ 2,340,000",,"Jan 31, 2023",,1.0,"£ 2,340,000",,F,,22.0,Starter,Cote d'Ivoire,,,Bournemouth,Premier League,2022-2023,,"Jun 30, 2023",AM,,,,,,,,,,,,,
55,Lewis Cook,"£ 40,000","£ 2,080,000",,"Aug 4, 2022",,3.0,"£ 6,240,000",,M,,25.0,Reserve,England,,,Bournemouth,Premier League,2022-2023,,"Jun 30, 2025",CM,,,,,,,,,,,,,
56,Philip Billing,"£ 40,000","£ 2,080,000",,"Jul 29, 2019",,2.0,"£ 4,160,000",,M,,26.0,Starter,Denmark,,,Bournemouth,Premier League,2022-2023,,"Jun 30, 2024",CM,,,,,,,,,,,,,
57,Matías Viña,"£ 38,000","£ 1,976,000",,"Jan 30, 2023",,1.0,"£ 1,976,000",,D,,25.0,Reserve,Uruguay,,,Bournemouth,Premier League,2022-2023,,"Jun 30, 2023",LB,,,,,,,,,,,,,
58,Adam Smith,"£ 35,000","£ 1,820,000",,"Aug 8, 2022",,2.0,"£ 3,640,000",,D,,31.0,Starter,England,,,Bournemouth,Premier League,2022-2023,,"Jun 30, 2024",RB,,,,,,,,,,,,,
59,Chris Mepham,"£ 35,000","£ 1,820,000",,"Sep 6, 2022",,3.0,"£ 5,460,000",,D,,25.0,Reserve,Wales,,,Bournemouth,Premier League,2022-2023,,"Jun 30, 2025",CB,,,,,,,,,,,,,
60,Dango Ouattara,"£ 35,000","£ 1,820,000",,"Jan 19, 2023",,6.0,"£ 10,920,000",,F,,20.0,Starter,Burkina Faso,,,Bournemouth,Premier League,2022-2023,,"Jun 30, 2028",RW,,,,,,,,,,,,,
61,Junior Stanislas,"£ 35,000","£ 1,820,000",,"Jul 21, 2021",,1.0,"£ 1,820,000",,F,,33.0,Reserve,England,,,Bournemouth,Premier League,2022-2023,,"Jun 30, 2023",LW,,,,,,,,,,,,,
62,Ryan Fredericks,"£ 35,000","£ 1,820,000",,"Jul 1, 2022",,2.0,"£ 3,640,000",,D,,30.0,Reserve,England,,,Bournemouth,Premier League,2022-2023,,"Jun 30, 2024",RB,,,,,,,,,,,,,
63,Ryan Christie,"£ 30,000","£ 1,560,000",,"Aug 31, 2021",,2.0,"£ 3,120,000",,F,,27.0,Reserve,Scotland,,,Bournemouth,Premier League,2022-2023,,"Jun 30, 2024",AM,,,,,,,,,,,,,
64,Lloyd Kelly,"£ 30,000","£ 1,560,000",,"Jul 1, 2019",,2.0,"£ 3,120,000",,D,,24.0,Reserve,England,,,Bournemouth,Premier League,2022-2023,,"Jun 30, 2024",CB,,,,,,,,,,,,,
65,Jack Stacey,"£ 30,000","£ 1,560,000",,"Jul 8, 2019",,1.0,"£ 1,560,000",,D,,26.0,Reserve,England,,,Bournemouth,Premier League,2022-2023,,"Jun 30, 2023",RB,,,,,,,,,,,,,
66,Ilya Zabarnyi,"£ 25,000","£ 1,300,000",,"Jan 31, 2023",,6.0,"£ 7,800,000",,D,,20.0,Reserve,Ukraine,,,Bournemouth,Premier League,2022-2023,,"Jun 30, 2028",CB,,,,,,,,,,,,,
67,Jaidon Anthony,"£ 25,000","£ 1,300,000",,"Feb 10, 2023",,5.0,"£ 6,500,000",,F,,23.0,Starter,England,,,Bournemouth,Premier League,2022-2023,,"Jun 30, 2027",LW,,,,,,,,,,,,,
68,Darren Randolph,"£ 25,000","£ 1,300,000",,"Jan 26, 2023",,2.0,"£ 2,600,000",,K,,35.0,Reserve,Ireland,,,Bournemouth,Premier League,2022-2023,,"Jun 30, 2024",GK,,,,,,,,,,,,,
69,Mark Travers,"£ 20,000","£ 1,040,000",,"Jun 28, 2022",,5.0,"£ 5,200,000",,K,,23.0,Reserve,Ireland,,,Bournemouth,Premier League,2022-2023,,"Jun 30, 2027",GK,,,,,,,,,,,,,
70,Marcus Tavernier,"£ 20,000","£ 1,040,000",,"Aug 1, 2022",,5.0,"£ 5,200,000",,M,,23.0,Reserve,England,,,Bournemouth,Premier League,2022-2023,,"Jun 30, 2027",CM,,,,,,,,,,,,,
71,Antoine Semenyo,"£ 20,000","£ 1,040,000",,"Jan 27, 2023",,5.0,"£ 5,200,000",,F,,23.0,Reserve,Ghana,,,Bournemouth,Premier League,2022-2023,,"Jun 30, 2027",CF,,,,,,,,,,,,,
72,Kieffer Moore,"£ 15,000","£ 780,000",,"Jan 31, 2022",,3.0,"£ 2,340,000",,F,,30.0,Reserve,Wales,,,Bournemouth,Premier League,2022-2023,,"Jun 30, 2025",CF,,,,,,,,,,,,,
73,Jordan Zemura,"£ 8,000","£ 416,000",,"Mar 2, 2022",,1.0,"£ 416,000",,D,,23.0,Starter,Zimbabwe,,,Bournemouth,Premier League,2022-2023,,"Jun 30, 2023",LB,,,,,,,,,,,,,
74,Joe Rothwell,"£ 8,000","£ 416,000",,"Jul 1, 2022",,4.0,"£ 1,664,000",,M,,28.0,Reserve,England,,,Bournemouth,Premier League,2022-2023,,"Jun 30, 2026",CM,,,,,,,,,,,,,
75,Total,"£ 894,000","£ 46,488,000",£ 0,,,,"£ 123,916,000",£ 0,,,,,,,,Bournemouth,Premier League,2022-2023,,,,,,,,,,,,,,,,
76,Ben Mee,"£ 55,000","£ 2,860,000",,"Jul 22, 2022","Jun 30, 2024",2.0,"£ 5,720,000",,D,,33.0,Starter,England,,,Brentford,Premier League,2022-2023,,,CB,,,,,,,,,,,,,
77,Mathias Jensen,"£ 50,000","£ 2,600,000",,"Jan 18, 2023","Jun 30, 2026",4.0,"£ 10,400,000",,M,,27.0,Starter,Denmark,,,Brentford,Premier League,2022-2023,,,CM,,,,,,,,,,,,,
78,Bryan Mbeumo,"£ 45,000","£ 2,340,000",,"Jan 26, 2022","Jun 30, 2026",4.0,"£ 9,360,000",,F,,23.0,Starter,Cameroon,,,Brentford,Premier League,2022-2023,,,RW,,,,,,,,,,,,,
79,Kristoffer Ajer,"£ 35,000","£ 1,820,000",,"Jul 21, 2021","Jun 30, 2026",4.0,"£ 7,280,000",,D,,24.0,Starter,Norway,,,Brentford,Premier League,2022-2023,,,CB,,,,,,,,,,,,,
80,Christian Nörgaard,"£ 35,000","£ 1,820,000",,"Jan 1, 2022","Jun 30, 2025",3.0,"£ 5,460,000",,M,,28.0,Starter,Denmark,,,Brentford,Premier League,2022-2023,,,DM,,,,,,,,,,,,,
81,Keane Lewis-Potter,"£ 35,000","£ 1,820,000",,"Jul 12, 2022","Jun 30, 2028",6.0,"£ 10,920,000",,F,,21.0,Reserve,England,,,Brentford,Premier League,2022-2023,,,LW,,,,,,,,,,,,,
82,Rico Henry,"£ 35,000","£ 1,820,000",,"Mar 22, 2022","Jun 30, 2026",4.0,"£ 7,280,000",,D,,25.0,Starter,England,,,Brentford,Premier League,2022-2023,,,LB,,,,,,,,,,,,,
83,Aaron Hickey,"£ 30,000","£ 1,560,000",,"Jul 9, 2022","Jun 30, 2026",4.0,"£ 6,240,000",,D,,20.0,Reserve,Scotland,,,Brentford,Premier League,2022-2023,,,LB,,,,,,,,,,,,,
84,Mikkel Damsgaard,"£ 30,000","£ 1,560,000",,"Aug 10, 2022","Jun 30, 2027",5.0,"£ 7,800,000",,F,,22.0,Reserve,Denmark,,,Brentford,Premier League,2022-2023,,,LW,,,,,,,,,,,,,
85,Vitaly Janelt,"£ 30,000","£ 1,560,000",,"Apr 1, 2022","Jun 30, 2026",4.0,"£ 6,240,000",,M,,24.0,Starter,Germany,,,Brentford,Premier League,2022-2023,,,DM,,,,,,,,,,,,,
86,Frank Onyeka,"£ 25,000","£ 1,300,000",,"Jul 20, 2021","Jun 30, 2026",4.0,"£ 5,200,000",,M,,25.0,Reserve,Nigeria,,,Brentford,Premier League,2022-2023,,,CM,,,,,,,,,,,,,
87,Pontus Jansson,"£ 25,000","£ 1,300,000",,"Jan 14, 2022","Jun 30, 2023",1.0,"£ 1,300,000",,D,,31.0,Reserve,Sweden,,,Brentford,Premier League,2022-2023,,,CB,,,,,,,,,,,,,
88,David Raya,"£ 25,000","£ 1,300,000",,"Oct 2, 2020","Jun 30, 2024",2.0,"£ 2,600,000",,K,,27.0,Starter,Spain,,,Brentford,Premier League,2022-2023,,,GK,,,,,,,,,,,,,
89,Thomas Strakosha,"£ 25,000","£ 1,300,000",,"Jul 14, 2022","Jun 30, 2026",4.0,"£ 5,200,000",,K,,27.0,Reserve,Albania,,,Brentford,Premier League,2022-2023,,,GK,,,,,,,,,,,,,
90,Zanka,"£ 20,000","£ 1,040,000",,"Aug 18, 2022","Jun 30, 2023",1.0,"£ 1,040,000",,D,,32.0,Reserve,Denmark,,,Brentford,Premier League,2022-2023,,,CB,,,,,,,,,,,,,
91,Joshua Da Silva,"£ 20,000","£ 1,040,000",,"Oct 6, 2020","Jun 30, 2024",2.0,"£ 2,080,000",,M,,24.0,Reserve,England,,,Brentford,Premier League,2022-2023,,,CM,,,,,,,,,,,,,
92,Mads Roerslev Rasmussen,"£ 20,000","£ 1,040,000",,"Feb 15, 2023","Jun 30, 2026",4.0,"£ 4,160,000",,D,,23.0,Starter,Denmark,,,Brentford,Premier League,2022-2023,,,RB,,,,,,,,,,,,,
93,Ivan Toney,"£ 20,000","£ 1,040,000",,"Sep 1, 2020","Jun 30, 2025",3.0,"£ 3,120,000",,F,,26.0,Starter,England,,,Brentford,Premier League,2022-2023,,,CF,,,,,,,,,,,,,
94,Yoane Wissa,"£ 20,000","£ 1,040,000",,"Aug 10, 2021","Jun 30, 2025",3.0,"£ 3,120,000",,F,,26.0,Reserve,Democratic Republic of the Congo,,,Brentford,Premier League,2022-2023,,,LW,,,,,,,,,,,,,
95,Shandon Baptiste,"£ 15,000","£ 780,000",,"Jan 31, 2020","Jun 30, 2024",2.0,"£ 1,560,000",,M,,24.0,Reserve,Grenada,,,Brentford,Premier League,2022-2023,,,CM,,,,,,,,,,,,,
96,Saman Ghoddos,"£ 15,000","£ 780,000",,"Jan 14, 2021","Jun 30, 2023",1.0,"£ 780,000",,F,,29.0,Reserve,Iran,,,Brentford,Premier League,2022-2023,,,AM,,,,,,,,,,,,,
97,Ethan Pinnock,"£ 15,000","£ 780,000",,"Jul 2, 2019","Jun 30, 2025",3.0,"£ 2,340,000",,D,,29.0,Starter,Jamaica,,,Brentford,Premier League,2022-2023,,,CB,,,,,,,,,,,,,
98,Kevin Schade,"£ 10,000","£ 520,000",,"Jan 4, 2023","Jun 30, 2023",1.0,"£ 520,000",,F,,21.0,Reserve,Germany,,,Brentford,Premier League,2022-2023,,,RW,,,,,,,,,,,,,
99,Fin Stevens,"£ 5,000","£ 260,000",,"Jul 1, 2022","Jun 30, 2027",5.0,"£ 1,300,000",,D,,19.0,Reserve,Wales,,,Brentford,Premier League,2022-2023,,,RB,,,,,,,,,,,,,
100,Total,"£ 640,000","£ 33,280,000",£ 0,,,,"£ 111,020,000",£ 0,,,,,,,,Brentford,Premier League,2022-2023,,,,,,,,,,,,,,,,
101,Adam Lallana,"£ 90,000","£ 4,680,000",,"Jul 27, 2020",,,"£ 4,680,000",,F,,34.0,Reserve,England,,,Brighton,Premier League,2022-2023,,,,"Jun 30, 2023",1.0,AM,,,,,,,,,,
102,Lewis Dunk,"£ 75,000","£ 3,900,000",,"Aug 21, 2020",,,"£ 11,700,000",,D,,31.0,Starter,England,,,Brighton,Premier League,2022-2023,,,,"Jun 30, 2025",3.0,CB,,,,,,,,,,
103,Pascal Groß,"£ 60,000","£ 3,120,000",,"Jun 3, 2022",,,"£ 6,240,000",,M,,31.0,Starter,Germany,,,Brighton,Premier League,2022-2023,,,,"Jun 30, 2024",2.0,CM,,,,,,,,,,
104,Moisés Caicedo,"£ 60,000","£ 3,120,000",,"Mar 3, 2023",,,"£ 15,600,000",,M,,21.0,Starter,Ecuador,,,Brighton,Premier League,2022-2023,,,,"Jun 30, 2027",5.0,CM,,,,,,,,,,
105,Adam Webster,"£ 55,000","£ 2,860,000",,"Aug 2, 2021",,,"£ 11,440,000",,D,,28.0,Starter,England,,,Brighton,Premier League,2022-2023,,,,"Jun 30, 2026",4.0,CB,,,,,,,,,,
106,Danny Welbeck,"£ 55,000","£ 2,860,000",,"Aug 19, 2022",,,"£ 5,720,000",,F,,32.0,Reserve,England,,,Brighton,Premier League,2022-2023,,,,"Jun 30, 2024",2.0,CF,,,,,,,,,,
107,Pervis Estupiñán,"£ 50,000","£ 2,600,000",,"Aug 16, 2022",,,"£ 13,000,000",,D,,25.0,Starter,Ecuador,,,Brighton,Premier League,2022-2023,,,,"Jun 30, 2027",5.0,LB,,,,,,,,,,
108,Solly March,"£ 50,000","£ 2,600,000",,"Mar 17, 2023",,,"£ 10,400,000",,M,,28.0,Starter,England,,,Brighton,Premier League,2022-2023,,,,"Jun 30, 2026",4.0,LM,,,,,,,,,,
109,Alexis Mac Allister,"£ 50,000","£ 2,600,000",,"Oct 24, 2022",,,"£ 7,800,000",,M,,24.0,Starter,Argentina,,,Brighton,Premier League,2022-2023,,,,"Jun 30, 2025",3.0,CM,,,,,,,,,,
110,Joël Veltman,"£ 40,000","£ 2,080,000",,"Jul 29, 2020",,,"£ 2,080,000",,D,,31.0,Starter,Netherlands,,,Brighton,Premier League,2022-2023,,,,"Jun 30, 2023",1.0,RB,,,,,,,,,,
111,Tariq Lamptey,"£ 35,000","£ 1,820,000",,"Jan 17, 2021",,,"£ 5,460,000",,D,,22.0,Reserve,Ghana,,,Brighton,Premier League,2022-2023,,,,"Jun 30, 2025",3.0,RB,,,,,,,,,,
112,Robert Sánchez,"£ 25,000","£ 1,300,000",,"Feb 23, 2021",,,"£ 3,900,000",,K,,25.0,Starter,Spain,,,Brighton,Premier League,2022-2023,,,,"Jun 30, 2025",3.0,GK,,,,,,,,,,
113,Jason Steele,"£ 20,000","£ 1,040,000",,"Jan 10, 2023",,,"£ 3,120,000",,K,,32.0,Reserve,England,,,Brighton,Premier League,2022-2023,,,,"Jun 30, 2025",3.0,GK,,,,,,,,,,
114,Billy Gilmour,"£ 20,000","£ 1,040,000",,"Sep 1, 2022",,,"£ 4,160,000",,M,,21.0,Reserve,Scotland,,,Brighton,Premier League,2022-2023,,,,"Jun 30, 2026",4.0,CM,,,,,,,,,,
115,Deniz Undav,"£ 20,000","£ 1,040,000",,"Jan 30, 2022",,,"£ 4,160,000",,F,,26.0,Starter,Germany,,,Brighton,Premier League,2022-2023,,,,"Jun 30, 2026",4.0,CF,,,,,,,,,,
116,Facundo Buonanotte,"£ 15,000","£ 780,000",,"Jan 1, 2023",,,"£ 3,120,000",,F,,18.0,Reserve,Argentina,,,Brighton,Premier League,2022-2023,,,,"Jun 30, 2026",4.0,AM,,,,,,,,,,
117,Jakub Moder,"£ 10,000","£ 520,000",,"Oct 4, 2020",,,"£ 1,560,000",,M,,23.0,Reserve,Poland,,,Brighton,Premier League,2022-2023,,,,"Jun 30, 2025",3.0,CM,,,,,,,,,,
118,Kaoru Mitoma,"£ 10,000","£ 520,000",,"Aug 10, 2021",,,"£ 1,560,000",,F,,25.0,Starter,Japan,,,Brighton,Premier League,2022-2023,,,,"Jun 30, 2025",3.0,LW,,,,,,,,,,
119,Julio Enciso,"£ 10,000","£ 520,000",,"Jul 1, 2022",,,"£ 2,080,000",,F,,19.0,Reserve,Paraguay,,,Brighton,Premier League,2022-2023,,,,"Jun 30, 2026",4.0,SS,,,,,,,,,,
120,Jeremy Sarmiento,"£ 10,000","£ 520,000",,"Jan 31, 2022",,,"£ 2,080,000",,F,,20.0,Reserve,Ecuador,,,Brighton,Premier League,2022-2023,,,,"Jun 30, 2026",4.0,AM,,,,,,,,,,
121,Yasin Ayari,"£ 8,000","£ 416,000",,"Jan 30, 2023",,,"£ 2,080,000",,M,,19.0,Reserve,Sweden,,,Brighton,Premier League,2022-2023,,,,"Jun 30, 2027",5.0,CM,,,,,,,,,,
122,Levi Colwill,"£ 5,000","£ 260,000",,"Aug 5, 2022",,,"£ 260,000",,D,,19.0,Reserve,England,,,Brighton,Premier League,2022-2023,,,,"May 31, 2023",1.0,CB,,,,,,,,,,
123,Jan Paul van Hecke,"£ 5,000","£ 260,000",,"Sep 10, 2020",,,"£ 260,000",,D,,22.0,Reserve,Netherlands,,,Brighton,Premier League,2022-2023,,,,"Jun 30, 2023",1.0,CB,,,,,,,,,,
124,Evan Ferguson,"£ 3,000","£ 156,000",,"Oct 19, 2022",,,"£ 624,000",,F,,18.0,Reserve,Ireland,,,Brighton,Premier League,2022-2023,,,,"Jun 30, 2026",4.0,CF,,,,,,,,,,
125,Total,"£ 781,000","£ 40,612,000",£ 0,,,,"£ 123,084,000",£ 0,,,,,,,,Brighton,Premier League,2022-2023,,,,,,,,,,,,,,,,
126,Raheem Sterling,"£ 325,000","£ 16,900,000",,"Jul 13, 2022",,,"£ 84,500,000",,F,,28.0,Reserve,England,,,Chelsea,Premier League,2022-2023,,,,,,,"Jun 30, 2027",5.0,LW,,,,,,,
127,Kalidou Koulibaly,"£ 295,000","£ 15,340,000",,"Jul 16, 2022",,,"£ 61,360,000",,D,,31.0,Reserve,Senegal,,,Chelsea,Premier League,2022-2023,,,,,,,"Jun 30, 2026",4.0,CB,,,,,,,
128,N'Golo Kanté,"£ 290,000","£ 15,080,000",,"Nov 23, 2018",,,"£ 15,080,000",,M,,31.0,Reserve,France,,,Chelsea,Premier League,2022-2023,,,,,,,"Jun 30, 2023",1.0,DM,,,,,,,
129,Reece James,"£ 250,000","£ 13,000,000",,"Sep 5, 2022",,,"£ 78,000,000",,D,,23.0,Starter,England,,,Chelsea,Premier League,2022-2023,,,,,,,"Jun 30, 2028",6.0,RB,,,,,,,
130,Wesley Fofana,"£ 200,000","£ 10,400,000",,"Aug 31, 2022",,,"£ 72,800,000",,D,,22.0,Reserve,France,,,Chelsea,Premier League,2022-2023,,,,,,,"Jun 30, 2029",7.0,CB,,,,,,,
131,Ben Chilwell,"£ 190,000","£ 9,880,000",,"Aug 26, 2020",,,"£ 29,640,000",,D,,26.0,Reserve,England,,,Chelsea,Premier League,2022-2023,,,,,,,"Jun 30, 2025",3.0,LB,,,,,,,
132,Enzo Fernández,"£ 180,000","£ 9,360,000",,"Jan 31, 2023",,,"£ 84,240,000",,M,,22.0,Starter,Argentina,,,Chelsea,Premier League,2022-2023,,,,,,,"Jun 30, 2031",9.0,CM,,,,,,,
133,César Azpilicueta,"£ 180,000","£ 9,360,000",,"Aug 4, 2022",,,"£ 18,720,000",,D,,33.0,Reserve,Spain,,,Chelsea,Premier League,2022-2023,,,,,,,"Jun 30, 2024",2.0,RB,,,,,,,
134,Marc Cucurella,"£ 175,000","£ 9,100,000",,"Aug 5, 2022",,,"£ 54,600,000",,D,,24.0,Starter,Spain,,,Chelsea,Premier League,2022-2023,,,,,,,"Jun 30, 2028",6.0,LB,,,,,,,
135,Pierre-Emerick Aubameyang,"£ 160,000","£ 8,320,000",,"Sep 1, 2022",,,"£ 16,640,000",,F,,33.0,Reserve,Gabon,,,Chelsea,Premier League,2022-2023,,,,,,,"Jun 30, 2024",2.0,CF,,,,,,,
136,Kepa Arrizabalaga,"£ 150,000","£ 7,800,000",,"Aug 8, 2018",,,"£ 23,400,000",,K,,28.0,Starter,Spain,,,Chelsea,Premier League,2022-2023,,,,,,,"Jun 30, 2025",3.0,GK,,,,,,,
137,Christian Pulisic,"£ 150,000","£ 7,800,000",,"Jan 2, 2019",,,"£ 15,600,000",,F,,24.0,Reserve,United States,,,Chelsea,Premier League,2022-2023,,,,,,,"Jun 30, 2024",2.0,RW,,,,,,,
138,Kai Havertz,"£ 150,000","£ 7,800,000",,"Sep 4, 2020",,,"£ 23,400,000",,F,,23.0,Starter,Germany,,,Chelsea,Premier League,2022-2023,,,,,,,"Jun 30, 2025",3.0,AM,,,,,,,
139,Ruben Loftus-Cheek,"£ 120,000","£ 6,240,000",,"Jul 6, 2019",,,"£ 12,480,000",,M,,27.0,Starter,England,,,Chelsea,Premier League,2022-2023,,,,,,,"Jun 30, 2024",2.0,CM,,,,,,,
140,João Félix,"£ 110,000","£ 5,720,000",,"Jan 11, 2023",,,"£ 5,720,000",,F,,23.0,Starter,Portugal,,,Chelsea,Premier League,2022-2023,,,,,,,"Jun 30, 2023",1.0,SS,,,,,,,
141,Thiago Silva,"£ 110,000","£ 5,720,000",,"Feb 10, 2023",,,"£ 11,440,000",,D,,38.0,Starter,Brazil,,,Chelsea,Premier League,2022-2023,,,,,,,"Jun 30, 2024",2.0,CB,,,,,,,
142,Hakim Ziyech,"£ 100,000","£ 5,200,000",,"Jul 1, 2020",,,"£ 15,600,000",,F,,29.0,Reserve,Morocco,,,Chelsea,Premier League,2022-2023,,,,,,,"Jun 30, 2025",3.0,RW,,,,,,,
143,Mateo Kovacic,"£ 100,000","£ 5,200,000",,"Jul 1, 2019",,,"£ 10,400,000",,M,,28.0,Reserve,Croatia,,,Chelsea,Premier League,2022-2023,,,,,,,"Jun 30, 2024",2.0,CM,,,,,,,
144,Mykhailo Mudryk,"£ 100,000","£ 5,200,000","£ 1,560,000","Jan 15, 2023",,,"£ 46,800,000",,F,,22.0,Starter,Ukraine,,,Chelsea,Premier League,2022-2023,,,,,,,"Jun 30, 2031",9.0,LW,,,,,,,
145,Carney Chukwuemeka,"£ 100,000","£ 5,200,000",,"Aug 4, 2022",,,"£ 31,200,000",,M,,19.0,Reserve,England,,,Chelsea,Premier League,2022-2023,,,,,,,"Jun 30, 2028",6.0,CM,,,,,,,
146,Benoît Badiashile,"£ 90,000","£ 4,680,000",,"Jan 5, 2023",,,"£ 37,440,000",,D,,21.0,Starter,France,,,Chelsea,Premier League,2022-2023,,,,,,,"Jun 30, 2030",8.0,CB,,,,,,,
147,Denis Zakaria,"£ 90,000","£ 4,680,000",,"Sep 1, 2022",,,"£ 4,680,000",,M,,26.0,Reserve,Switzerland,,,Chelsea,Premier League,2022-2023,,,,,,,"Jun 30, 2023",1.0,DM,,,,,,,
148,Mason Mount,"£ 80,000","£ 4,160,000",,"Jul 15, 2019",,,"£ 8,320,000",,F,,24.0,Starter,England,,,Chelsea,Premier League,2022-2023,,,,,,,"Jun 30, 2024",2.0,AM,,,,,,,
149,Edouard Mendy,"£ 55,000","£ 2,860,000",,"Sep 24, 2020",,,"£ 8,580,000",,K,,30.0,Reserve,Senegal,,,Chelsea,Premier League,2022-2023,,,,,,,"Jun 30, 2025",3.0,GK,,,,,,,
150,Conor Gallagher,"£ 50,000","£ 2,600,000",,"Jul 1, 2022",,,"£ 7,800,000",,M,,22.0,Reserve,England,,,Chelsea,Premier League,2022-2023,,,,,,,"Jun 30, 2025",3.0,CM,,,,,,,
151,Trevoh Chalobah,"£ 50,000","£ 2,600,000",,"Nov 25, 2022",,,"£ 15,600,000",,D,,23.0,Reserve,England,,,Chelsea,Premier League,2022-2023,,,,,,,"Jun 30, 2028",6.0,CB,,,,,,,
152,Noni Madueke,"£ 50,000","£ 2,600,000",,"Jan 20, 2023",,,"£ 20,800,000",,F,,20.0,Reserve,England,,,Chelsea,Premier League,2022-2023,,,,,,,"Jun 30, 2030",8.0,RW,,,,,,,
153,Armando Broja,"£ 40,000","£ 2,080,000",,"Sep 2, 2022",,,"£ 12,480,000",,F,,21.0,Reserve,Albania,,,Chelsea,Premier League,2022-2023,,,,,,,"Jun 30, 2028",6.0,CF,,,,,,,
154,Gabriel Slonina,"£ 40,000","£ 2,080,000",,"Aug 2, 2022",,,"£ 12,480,000",,K,,18.0,Reserve,United States,,,Chelsea,Premier League,2022-2023,,,,,,,"Jun 30, 2028",6.0,GK,,,,,,,
155,Marcus Bettinelli,"£ 35,000","£ 1,820,000",,"Jul 28, 2021",,,"£ 1,820,000",,K,,30.0,Reserve,England,,,Chelsea,Premier League,2022-2023,,,,,,,"Jun 30, 2023",1.0,GK,,,,,,,
156,David Datro Fofana,"£ 30,000","£ 1,560,000",,"Jan 1, 2023",,,"£ 10,920,000",,F,,20.0,Reserve,Cote d'Ivoire,,,Chelsea,Premier League,2022-2023,,,,,,,"Jun 30, 2029",7.0,CF,,,,,,,
157,Lewis Hall,"£ 7,000","£ 364,000",,"Jan 1, 2022",,,"£ 1,092,000",,D,,18.0,Reserve,England,,,Chelsea,Premier League,2022-2023,,,,,,,"Jun 30, 2025",3.0,LB,,,,,,,
158,Total,"£ 4,052,000","£ 210,704,000","£ 1,560,000",,,,"£ 853,632,000",£ 0,,,,,,,,Chelsea,Premier League,2022-2023,,,,,,,,,,,,,,,,
159,Wilfried Zaha,"£ 130,000","£ 6,760,000",,"Aug 15, 2018",,,"£ 6,760,000",,F,,30.0,Reserve,Cote d'Ivoire,,,Crystal Palace,Premier League,2022-2023,,,,"Jun 30, 2023",1.0,,,,,LW,,,,,,
160,Odsonne Edouard,"£ 90,000","£ 4,680,000",,"Aug 31, 2021",,,"£ 14,040,000",,F,,25.0,Reserve,France,,,Crystal Palace,Premier League,2022-2023,,,,"Jun 30, 2025",3.0,,,,,CF,,,,,,
161,Nathaniel Clyne,"£ 80,000","£ 4,160,000",,"Jun 8, 2022",,,"£ 4,160,000",,D,,31.0,Starter,England,,,Crystal Palace,Premier League,2022-2023,,,,"Jun 30, 2023",1.0,,,,,RB,,,,,,
162,Joachim Andersen,"£ 80,000","£ 4,160,000",,"Jul 28, 2021",,,"£ 16,640,000",,D,,26.0,Reserve,Denmark,,,Crystal Palace,Premier League,2022-2023,,,,"Jun 30, 2026",4.0,,,,,CB,,,,,,
163,Vicente Guaita,"£ 75,000","£ 3,900,000",,"Jan 20, 2023",,,"£ 7,800,000",,K,,36.0,Starter,Spain,,,Crystal Palace,Premier League,2022-2023,,,,"Jun 30, 2024",2.0,,,,,GK,,,,,,
164,Luka Milivojevic,"£ 75,000","£ 3,900,000",,"Aug 9, 2019",,,"£ 3,900,000",,M,,31.0,Reserve,Serbia,,,Crystal Palace,Premier League,2022-2023,,,,"Jun 30, 2023",1.0,,,,,DM,,,,,,
165,Cheick Doucouré,"£ 60,000","£ 3,120,000",,"Jul 11, 2022",,,"£ 15,600,000",,M,,23.0,Starter,Mali,,,Crystal Palace,Premier League,2022-2023,,,,"Jun 30, 2027",5.0,,,,,DM,,,,,,
166,Chris Richards,"£ 55,000","£ 2,860,000",,"Jul 27, 2022",,,"£ 14,300,000",,D,,22.0,Reserve,United States,,,Crystal Palace,Premier League,2022-2023,,,,"Jun 30, 2027",5.0,,,,,CB,,,,,,
167,James McArthur,"£ 55,000","£ 2,860,000",,"Jun 8, 2022",,,"£ 2,860,000",,M,,35.0,Reserve,Scotland,,,Crystal Palace,Premier League,2022-2023,,,,"Jun 30, 2023",1.0,,,,,CM,,,,,,
168,Jairo Riedewald,"£ 55,000","£ 2,860,000",,"Feb 3, 2021",,,"£ 5,720,000",,M,,26.0,Reserve,Netherlands,,,Crystal Palace,Premier League,2022-2023,,,,"Jun 30, 2024",2.0,,,,,DM,,,,,,
169,Albert Sambi Lokonga,"£ 50,000","£ 2,600,000",,"Jan 31, 2023",,,"£ 2,600,000",,M,,23.0,Reserve,Belgium,,,Crystal Palace,Premier League,2022-2023,,,,"May 31, 2023",1.0,,,,,CM,,,,,,
170,James Tomkins,"£ 50,000","£ 2,600,000",,"Jun 8, 2022",,,"£ 2,600,000",,D,,33.0,Starter,England,,,Crystal Palace,Premier League,2022-2023,,,,"Jun 30, 2023",1.0,,,,,CB,,,,,,
171,Jean-Philippe Mateta,"£ 50,000","£ 2,600,000",,"Jan 31, 2022",,,"£ 10,400,000",,F,,25.0,Starter,France,,,Crystal Palace,Premier League,2022-2023,,,,"Jun 30, 2026",4.0,,,,,CF,,,,,,
172,Jeffrey Schlupp,"£ 50,000","£ 2,600,000",,"Jan 13, 2017",,,"£ 2,600,000",,M,,30.0,Starter,Ghana,,,Crystal Palace,Premier League,2022-2023,,,,"Jun 30, 2023",1.0,,,,,LM,,,,,,
173,Marc Guéhi,"£ 50,000","£ 2,600,000",,"Jul 18, 2021",,,"£ 10,400,000",,D,,22.0,Starter,England,,,Crystal Palace,Premier League,2022-2023,,,,"Jun 30, 2026",4.0,,,,,CB,,,,,,
174,Michael Olise,"£ 45,000","£ 2,340,000",,"Jul 8, 2021",,,"£ 9,360,000",,M,,21.0,Starter,France,,,Crystal Palace,Premier League,2022-2023,,,,"Jun 30, 2026",4.0,,,,,RM,,,,,,
175,Tyrick Mitchell,"£ 40,000","£ 2,080,000",,"Apr 13, 2021",,,"£ 6,240,000",,D,,23.0,Starter,England,,,Crystal Palace,Premier League,2022-2023,,,,"Jun 30, 2025",3.0,,,,,LB,,,,,,
176,Sam Johnstone,"£ 40,000","£ 2,080,000",,"Jul 1, 2022",,,"£ 8,320,000",,K,,29.0,Reserve,England,,,Crystal Palace,Premier League,2022-2023,,,,"Jun 30, 2026",4.0,,,,,GK,,,,,,
177,Will Hughes,"£ 35,000","£ 1,820,000",,"Aug 28, 2021",,,"£ 3,640,000",,M,,27.0,Starter,England,,,Crystal Palace,Premier League,2022-2023,,,,"Jun 30, 2024",2.0,,,,,CM,,,,,,
178,Jordan Ayew,"£ 35,000","£ 1,820,000",,"Jun 8, 2022",,,"£ 1,820,000",,F,,31.0,Starter,Ghana,,,Crystal Palace,Premier League,2022-2023,,,,"Jun 30, 2023",1.0,,,,,CF,,,,,,
179,Joel Ward,"£ 35,000","£ 1,820,000",,"Jul 15, 2021",,,"£ 1,820,000",,D,,33.0,Reserve,England,,,Crystal Palace,Premier League,2022-2023,,,,"Jun 30, 2023",1.0,,,,,RB,,,,,,
180,Eberechi Eze,"£ 30,000","£ 1,560,000",,"Aug 28, 2020",,,"£ 4,680,000",,F,,24.0,Reserve,England,,,Crystal Palace,Premier League,2022-2023,,,,"Jun 30, 2025",3.0,,,,,AM,,,,,,
181,Nathan Ferguson,"£ 25,000","£ 1,300,000",,"Jul 27, 2020",,,"£ 1,300,000",,D,,22.0,Reserve,England,,,Crystal Palace,Premier League,2022-2023,,,,"Jun 30, 2023",1.0,,,,,CB,,,,,,
182,Naouirou Ahamada,"£ 20,000","£ 1,040,000",,"Jan 31, 2023",,,"£ 4,160,000",,M,,20.0,Reserve,France,,,Crystal Palace,Premier League,2022-2023,,,,"Jun 30, 2026",4.0,,,,,CM,,,,,,
183,Total,"£ 1,310,000","£ 68,120,000",£ 0,,,,"£ 161,720,000",£ 0,,,,,,,,Crystal Palace,Premier League,2022-2023,,,,,,,,,,,,,,,,
184,Jordan Pickford,"£ 125,000","£ 6,500,000",,"Sep 26, 2018",,,"£ 32,500,000",,K,,28.0,Starter,England,,,Everton,Premier League,2022-2023,,,GK,,5.0,,,,,,"Jun 30, 2027",,,,,
185,Alex Iwobi,"£ 120,000","£ 6,240,000",,"Aug 8, 2019",,,"£ 12,480,000",,F,,26.0,Starter,Nigeria,,,Everton,Premier League,2022-2023,,,AM,,2.0,,,,,,"Jun 30, 2024",,,,,
186,Abdoulaye Doucouré,"£ 120,000","£ 6,240,000",,"Sep 8, 2020",,,"£ 6,240,000",,M,,30.0,Starter,Mali,,,Everton,Premier League,2022-2023,,,CM,,1.0,,,,,,"Jun 30, 2023",,,,,
187,Yerry Mina,"£ 120,000","£ 6,240,000",,"Aug 9, 2018",,,"£ 6,240,000",,D,,28.0,Reserve,Colombia,,,Everton,Premier League,2022-2023,,,CB,,1.0,,,,,,"Jun 30, 2023",,,,,
188,Amadou Onana,"£ 100,000","£ 5,200,000",,"Aug 9, 2022",,,"£ 26,000,000",,M,,21.0,Starter,Belgium,,,Everton,Premier League,2022-2023,,,DM,,5.0,,,,,,"Jun 30, 2027",,,,,
189,James Tarkowski,"£ 100,000","£ 5,200,000",,"Jul 2, 2022",,,"£ 20,800,000",,D,,30.0,Starter,England,,,Everton,Premier League,2022-2023,,,CB,,4.0,,,,,,"Jun 30, 2026",,,,,
190,Dominic Calvert-Lewin,"£ 100,000","£ 5,200,000",,"Mar 6, 2020",,,"£ 15,600,000",,F,,25.0,Starter,England,,,Everton,Premier League,2022-2023,,,CF,,3.0,,,,,,"Jun 30, 2025",,,,,
191,Idrissa Gueye,"£ 80,000","£ 4,160,000",,"Sep 1, 2022",,,"£ 8,320,000",,M,,33.0,Starter,Senegal,,,Everton,Premier League,2022-2023,,,CM,,2.0,,,,,,"Jun 30, 2024",,,,,
192,Michael Keane,"£ 80,000","£ 4,160,000",,"Aug 30, 2020",,,"£ 12,480,000",,D,,30.0,Reserve,England,,,Everton,Premier League,2022-2023,,,CB,,3.0,,,,,,"Jun 30, 2025",,,,,
193,Ben Godfrey,"£ 75,000","£ 3,900,000",,"Oct 5, 2020",,,"£ 11,700,000",,D,,25.0,Reserve,England,,,Everton,Premier League,2022-2023,,,CB,,3.0,,,,,,"Jun 30, 2025",,,,,
194,Mason Holgate,"£ 70,000","£ 3,640,000","£ 1,040,000","Mar 3, 2020",,,"£ 10,920,000",,D,,26.0,Reserve,England,,,Everton,Premier League,2022-2023,,,CB,,3.0,,,,,,"Jun 30, 2025",,,,,
195,Vitaliy Mykolenko,"£ 58,000","£ 3,016,000",,"Jan 1, 2022",,,"£ 12,064,000",,D,,23.0,Starter,Ukraine,,,Everton,Premier League,2022-2023,,,LB,,4.0,,,,,,"Jun 30, 2026",,,,,
196,Seamus Coleman,"£ 55,000","£ 2,860,000",,"Jul 28, 2021",,,"£ 2,860,000",,D,,34.0,Starter,Ireland,,,Everton,Premier League,2022-2023,,,RB,,1.0,,,,,,"Jun 30, 2023",,,,,
197,Conor Coady,"£ 55,000","£ 2,860,000",,"Aug 8, 2022",,,"£ 2,860,000",,D,,29.0,Starter,England,,,Everton,Premier League,2022-2023,,,CB,,1.0,,,,,,"Jun 30, 2023",,,,,
198,Neal Maupay,"£ 50,000","£ 2,600,000",,"Aug 26, 2022",,,"£ 7,800,000",,F,,26.0,Reserve,France,,,Everton,Premier League,2022-2023,,,CF,,3.0,,,,,,"Jun 30, 2025",,,,,
199,Asmir Begovic,"£ 45,000","£ 2,340,000",,"Jun 10, 2022",,,"£ 2,340,000",,K,,35.0,Reserve,Bosnia-Herzegovina,,,Everton,Premier League,2022-2023,,,GK,,1.0,,,,,,"Jun 30, 2023",,,,,
200,Andros Townsend,"£ 40,000","£ 2,080,000",,"Jul 20, 2021",,,"£ 2,080,000",,F,,31.0,Reserve,England,,,Everton,Premier League,2022-2023,,,RW,,1.0,,,,,,"Jun 30, 2023",,,,,
201,James Garner,"£ 30,000","£ 1,560,000",,"Sep 1, 2022",,,"£ 6,240,000",,M,,21.0,Reserve,England,,,Everton,Premier League,2022-2023,,,DM,,4.0,,,,,,"Jun 30, 2026",,,,,
202,Nathan Patterson,"£ 28,000","£ 1,456,000",,"Jan 4, 2022",,,"£ 7,280,000",,D,,21.0,Reserve,Scotland,,,Everton,Premier League,2022-2023,,,RB,,5.0,,,,,,"Jun 30, 2027",,,,,
203,Dwight McNeil,"£ 25,000","£ 1,300,000",,"Jul 28, 2022",,,"£ 6,500,000",,F,,23.0,Starter,England,,,Everton,Premier League,2022-2023,,,LW,,5.0,,,,,,"Jun 30, 2027",,,,,
204,Rúben Vinagre,"£ 25,000","£ 1,300,000",,"Jul 27, 2022",,,"£ 1,300,000",,D,,23.0,Reserve,Portugal,,,Everton,Premier League,2022-2023,,,LB,,1.0,,,,,,"Jun 30, 2023",,,,,
205,Tom Davies,"£ 25,000","£ 1,300,000",,"Apr 29, 2019",,,"£ 1,300,000",,M,,24.0,Reserve,England,,,Everton,Premier League,2022-2023,,,CM,,1.0,,,,,,"Jun 30, 2023",,,,,
206,Demarai Gray,"£ 25,000","£ 1,300,000",,"Jul 22, 2021",,,"£ 2,600,000",,F,,26.0,Reserve,England,,,Everton,Premier League,2022-2023,,,LW,,2.0,,,,,,"Jun 30, 2024",,,,,
207,Andy Lonergan,"£ 10,000","£ 520,000",,"Jul 11, 2022",,,"£ 520,000",,K,,39.0,Reserve,England,,,Everton,Premier League,2022-2023,,,GK,,1.0,,,,,,"Jun 30, 2023",,,,,
208,Ellis Simms,"£ 7,000","£ 364,000",,"Jan 1, 2023",,,"£ 728,000",,F,,22.0,Reserve,England,,,Everton,Premier League,2022-2023,,,CF,,2.0,,,,,,"Jun 30, 2024",,,,,
209,Total,"£ 1,568,000","£ 81,536,000","£ 1,040,000",,,,"£ 219,752,000",£ 0,,,,,,,,Everton,Premier League,2022-2023,,,,,,,,,,,,,,,,
210,Bernd Leno,"£ 90,000","£ 4,680,000",,"Aug 2, 2022",,,"£ 14,040,000",,K,,30.0,Starter,Germany,,,Fulham,Premier League,2022-2023,,,GK,"Jun 30, 2025",3.0,,,,,,,,,,,
211,Layvin Kurzawa,"£ 90,000","£ 4,680,000",,"Sep 1, 2022",,,"£ 4,680,000",,D,,30.0,Reserve,France,,,Fulham,Premier League,2022-2023,,,LB,"Jun 30, 2023",1.0,,,,,,,,,,,
212,Aleksandar Mitrovic,"£ 80,000","£ 4,160,000","£ 1,560,000","Aug 27, 2021",,,"£ 16,640,000",,F,,28.0,Starter,Serbia,,,Fulham,Premier League,2022-2023,,,CF,"Jun 30, 2026",4.0,,,,,,,,,,,
213,Cédric Soares,"£ 75,000","£ 3,900,000","£ 1,300,000","Jan 31, 2023",,,"£ 3,900,000",,D,,31.0,Reserve,Portugal,,,Fulham,Premier League,2022-2023,,,RB,"Jun 30, 2023",1.0,,,,,,,,,,,
214,Issa Diop,"£ 70,000","£ 3,640,000",,"Aug 10, 2022",,,"£ 18,200,000",,D,,26.0,Starter,France,,,Fulham,Premier League,2022-2023,,,CB,"Jun 30, 2027",5.0,,,,,,,,,,,
215,Sasa Lukic,"£ 63,000","£ 3,276,000",,"Jan 31, 2023",,,"£ 16,380,000",,M,,26.0,Reserve,Serbia,,,Fulham,Premier League,2022-2023,,,CM,"Jun 30, 2027",5.0,,,,,,,,,,,
216,Kenny Tete,"£ 50,000","£ 2,600,000",,"Sep 10, 2020",,,"£ 5,200,000",,D,,27.0,Starter,Netherlands,,,Fulham,Premier League,2022-2023,,,RB,"Jun 30, 2024",2.0,,,,,,,,,,,
217,Andreas Pereira,"£ 50,000","£ 2,600,000",,"Jul 11, 2022",,,"£ 10,400,000",,F,,27.0,Starter,Brazil,,,Fulham,Premier League,2022-2023,,,AM,"Jun 30, 2026",4.0,,,,,,,,,,,
218,Daniel James,"£ 50,000","£ 2,600,000",,"Sep 1, 2022",,,"£ 2,600,000",,F,,25.0,Reserve,Wales,,,Fulham,Premier League,2022-2023,,,RW,"May 31, 2023",1.0,,,,,,,,,,,
219,João Palhinha,"£ 50,000","£ 2,600,000",,"Jul 4, 2022",,,"£ 13,000,000",,M,,27.0,Starter,Portugal,,,Fulham,Premier League,2022-2023,,,DM,"Jun 30, 2027",5.0,,,,,,,,,,,
220,Willian,"£ 40,000","£ 2,080,000",,"Sep 1, 2022",,,"£ 2,080,000",,F,,34.0,Starter,Brazil,,,Fulham,Premier League,2022-2023,,,LW,"Jun 30, 2023",1.0,,,,,,,,,,,
221,Shane Duffy,"£ 40,000","£ 2,080,000",,"Aug 5, 2022",,,"£ 2,080,000",,D,,31.0,Reserve,Ireland,,,Fulham,Premier League,2022-2023,,,CB,"Jun 30, 2023",1.0,,,,,,,,,,,
222,Carlos Vinícius,"£ 40,000","£ 2,080,000",,"Sep 1, 2022",,,"£ 6,240,000",,F,,27.0,Reserve,Brazil,,,Fulham,Premier League,2022-2023,,,CF,"Jun 30, 2025",3.0,,,,,,,,,,,
223,Tosin Adarabioyo,"£ 40,000","£ 2,080,000",,"Oct 5, 2020",,,"£ 4,160,000",,D,,25.0,Reserve,England,,,Fulham,Premier League,2022-2023,,,CB,"Jun 30, 2024",2.0,,,,,,,,,,,
224,Bobby Reid,"£ 35,000","£ 1,820,000",,"Jan 24, 2020",,,"£ 3,640,000",,F,,29.0,Starter,Jamaica,,,Fulham,Premier League,2022-2023,,,AM,"Jun 30, 2024",2.0,,,,,,,,,,,
225,Harry Wilson,"£ 35,000","£ 1,820,000",,"Jul 24, 2021",,,"£ 7,280,000",,F,,25.0,Reserve,Wales,,,Fulham,Premier League,2022-2023,,,RW,"Jun 30, 2026",4.0,,,,,,,,,,,
226,Harrison Reed,"£ 30,000","£ 1,560,000",,"Aug 30, 2020",,,"£ 3,120,000",,M,,28.0,Starter,England,,,Fulham,Premier League,2022-2023,,,CM,"Jun 30, 2024",2.0,,,,,,,,,,,
227,Neeskens Kebano,"£ 30,000","£ 1,560,000",,"May 9, 2022",,,"£ 1,560,000",,F,,30.0,Reserve,Democratic Republic of the Congo,,,Fulham,Premier League,2022-2023,,,LW,"Jun 30, 2023",1.0,,,,,,,,,,,
228,Tim Ream,"£ 30,000","£ 1,560,000",,"Dec 26, 2022",,,"£ 3,120,000",,D,,35.0,Starter,United States,,,Fulham,Premier League,2022-2023,,,CB,"Jun 30, 2024",2.0,,,,,,,,,,,
229,Tom Cairney,"£ 30,000","£ 1,560,000",,"May 3, 2019",,,"£ 3,120,000",,M,,32.0,Reserve,Scotland,,,Fulham,Premier League,2022-2023,,,CM,"Jun 30, 2024",2.0,,,,,,,,,,,
230,Antonee Robinson,"£ 25,000","£ 1,300,000",,"Aug 20, 2020",,,"£ 2,600,000",,D,,25.0,Starter,United States,,,Fulham,Premier League,2022-2023,,,LB,"Jun 30, 2024",2.0,,,,,,,,,,,
231,Manor Solomon,"£ 20,000","£ 1,040,000",,"Jul 25, 2022",,,"£ 1,040,000",,F,,23.0,Reserve,Israel,,,Fulham,Premier League,2022-2023,,,LW,"Jun 30, 2023",1.0,,,,,,,,,,,
232,Marek Rodak,"£ 15,000","£ 780,000",,"May 15, 2020",,,"£ 1,560,000",,K,,26.0,Reserve,Slovakia,,,Fulham,Premier League,2022-2023,,,GK,"Jun 30, 2024",2.0,,,,,,,,,,,
233,Tyrese Francois,"£ 7,000","£ 364,000",,"Jul 1, 2021",,,"£ 728,000",,M,,22.0,Reserve,Australia,,,Fulham,Premier League,2022-2023,,,CM,"Jun 30, 2024",2.0,,,,,,,,,,,
234,Total,"£ 1,085,000","£ 56,420,000","£ 2,860,000",,,,"£ 147,368,000",£ 0,,,,,,,,Fulham,Premier League,2022-2023,,,,,,,,,,,,,,,,
235,Rodrigo,"£ 100,000","£ 5,200,000",,"Aug 29, 2020","Jun 30, 2024",2.0,"£ 10,400,000",,F,,31.0,Reserve,Spain,,,Leeds,Premier League,2022-2023,,,,,,,,,SS,,,,,,,
236,Patrick Bamford,"£ 70,000","£ 3,640,000",,"Aug 19, 2021","Jun 30, 2026",4.0,"£ 14,560,000",,F,,29.0,Starter,England,,,Leeds,Premier League,2022-2023,,,,,,,,,CF,,,,,,,
237,Georginio Rutter,"£ 70,000","£ 3,640,000",,"Jan 14, 2023","Jun 30, 2028",6.0,"£ 21,840,000",,F,,20.0,Reserve,France,,,Leeds,Premier League,2022-2023,,,,,,,,,CF,,,,,,,
238,Luis Sinisterra,"£ 65,000","£ 3,380,000",,"Jul 7, 2022","Jun 30, 2027",5.0,"£ 16,900,000",,F,,23.0,Reserve,Colombia,,,Leeds,Premier League,2022-2023,,,,,,,,,LW,,,,,,,
239,Junior Firpo,"£ 60,000","£ 3,120,000",,"Jul 6, 2021","Jun 30, 2025",3.0,"£ 9,360,000",,D,,26.0,Starter,Dominican Republic,,,Leeds,Premier League,2022-2023,,,,,,,,,LB,,,,,,,
240,Tyler Adams,"£ 55,000","£ 2,860,000",,"Jul 6, 2022","Jun 30, 2027",5.0,"£ 14,300,000",,M,,23.0,Starter,United States,,,Leeds,Premier League,2022-2023,,,,,,,,,DM,,,,,,,
241,Jack Harrison,"£ 50,000","£ 2,600,000",,"Jul 2, 2021","Jun 30, 2024",2.0,"£ 5,200,000",,F,,26.0,Starter,England,,,Leeds,Premier League,2022-2023,,,,,,,,,LW,,,,,,,
242,Marc Roca,"£ 50,000","£ 2,600,000",,"Jul 1, 2022","Jun 30, 2026",4.0,"£ 10,400,000",,M,,26.0,Reserve,Spain,,,Leeds,Premier League,2022-2023,,,,,,,,,DM,,,,,,,
243,Pascal Struijk,"£ 50,000","£ 2,600,000",,"Dec 21, 2022","Jun 30, 2027",5.0,"£ 13,000,000",,D,,23.0,Reserve,Netherlands,,,Leeds,Premier League,2022-2023,,,,,,,,,CB,,,,,,,
244,Stuart Dallas,"£ 45,000","£ 2,340,000",,"Jul 2, 2021","Jun 30, 2024",2.0,"£ 4,680,000",,D,,31.0,Reserve,Northern Ireland,,,Leeds,Premier League,2022-2023,,,,,,,,,RB,,,,,,,
245,Brenden Aaronson,"£ 45,000","£ 2,340,000",,"Jul 1, 2022","Jun 30, 2027",5.0,"£ 11,700,000",,F,,22.0,Reserve,United States,,,Leeds,Premier League,2022-2023,,,,,,,,,AM,,,,,,,
246,Weston McKennie,"£ 40,000","£ 2,080,000",,"Jan 30, 2023","Jun 30, 2023",1.0,"£ 2,080,000",,M,,24.0,Starter,United States,,,Leeds,Premier League,2022-2023,,,,,,,,,CM,,,,,,,
247,Rasmus Kristensen,"£ 40,000","£ 2,080,000",,"Jul 1, 2022","Jun 30, 2027",5.0,"£ 10,400,000",,D,,25.0,Reserve,Denmark,,,Leeds,Premier League,2022-2023,,,,,,,,,RB,,,,,,,
248,Robin Koch,"£ 40,000","£ 2,080,000",,"Aug 29, 2020","Jun 30, 2024",2.0,"£ 4,160,000",,D,,26.0,Starter,Germany,,,Leeds,Premier League,2022-2023,,,,,,,,,CB,,,,,,,
249,Maximilian Wöber,"£ 35,000","£ 1,820,000",,"Jan 3, 2023","Jun 30, 2027",5.0,"£ 9,100,000",,D,,24.0,Starter,Austria,,,Leeds,Premier League,2022-2023,,,,,,,,,CB,,,,,,,
250,Sam Greenwood,"£ 30,000","£ 1,560,000",,"Aug 2, 2022","Jun 30, 2026",4.0,"£ 6,240,000",,F,,21.0,Reserve,England,,,Leeds,Premier League,2022-2023,,,,,,,,,AM,,,,,,,
251,Illan Meslier,"£ 30,000","£ 1,560,000",,"Aug 13, 2021","Jun 30, 2026",4.0,"£ 6,240,000",,K,,22.0,Starter,France,,,Leeds,Premier League,2022-2023,,,,,,,,,GK,,,,,,,
252,Luke Ayling,"£ 25,000","£ 1,300,000",,"Oct 1, 2019","Jun 30, 2024",2.0,"£ 2,600,000",,D,,31.0,Starter,England,,,Leeds,Premier League,2022-2023,,,,,,,,,RB,,,,,,,
253,Liam Cooper,"£ 25,000","£ 1,300,000",,"Sep 11, 2019","Jun 30, 2024",2.0,"£ 2,600,000",,D,,31.0,Reserve,Scotland,,,Leeds,Premier League,2022-2023,,,,,,,,,CB,,,,,,,
254,Wilfried Gnonto,"£ 20,000","£ 1,040,000",,"Sep 1, 2022","Jun 30, 2027",5.0,"£ 5,200,000",,F,,19.0,Starter,Italy,,,Leeds,Premier League,2022-2023,,,,,,,,,SS,,,,,,,
255,Joel Robles,"£ 20,000","£ 1,040,000",,"Aug 9, 2022","Jun 30, 2023",1.0,"£ 1,040,000",,K,,32.0,Reserve,Spain,,,Leeds,Premier League,2022-2023,,,,,,,,,GK,,,,,,,
256,Adam Forshaw,"£ 20,000","£ 1,040,000",,"Jan 14, 2022","Jun 30, 2023",1.0,"£ 1,040,000",,M,,31.0,Reserve,England,,,Leeds,Premier League,2022-2023,,,,,,,,,CM,,,,,,,
257,Crysencio Summerville,"£ 15,000","£ 780,000",,"Aug 2, 2022","Jun 30, 2026",4.0,"£ 3,120,000",,F,,21.0,Starter,Netherlands,,,Leeds,Premier League,2022-2023,,,,,,,,,RW,,,,,,,
258,Kristoffer Klaesson,"£ 10,000","£ 520,000",,"Jul 31, 2021","Jun 30, 2025",3.0,"£ 1,560,000",,K,,22.0,Reserve,Norway,,,Leeds,Premier League,2022-2023,,,,,,,,,GK,,,,,,,
259,Total,"£ 1,010,000","£ 52,520,000",£ 0,,,,"£ 187,720,000",£ 0,,,,,,,,Leeds,Premier League,2022-2023,,,,,,,,,,,,,,,,
260,Jamie Vardy,"£ 140,000","£ 7,280,000",,"Aug 20, 2022","Jun 30, 2024",2.0,"£ 14,560,000",,F,,36.0,Reserve,England,,,Leicester,Premier League,2022-2023,,,CF,,,,,,,,,,,,,
261,James Maddison,"£ 110,000","£ 5,720,000",,"Aug 24, 2020","Jun 30, 2024",2.0,"£ 11,440,000",,F,,26.0,Starter,England,,,Leicester,Premier League,2022-2023,,,AM,,,,,,,,,,,,,
262,Jonny Evans,"£ 100,000","£ 5,200,000",,"Dec 31, 2020","Jun 30, 2023",1.0,"£ 5,200,000",,D,,35.0,Reserve,Northern Ireland,,,Leicester,Premier League,2022-2023,,,CB,,,,,,,,,,,,,
263,Kelechi Iheanacho,"£ 80,000","£ 4,160,000",,"Apr 3, 2021","Jun 30, 2024",2.0,"£ 8,320,000",,F,,26.0,Starter,Nigeria,,,Leicester,Premier League,2022-2023,,,CF,,,,,,,,,,,,,
264,Ryan Bertrand,"£ 80,000","£ 4,160,000",,"Jul 15, 2021","Jun 30, 2023",1.0,"£ 4,160,000",,D,,33.0,Reserve,England,,,Leicester,Premier League,2022-2023,,,LB,,,,,,,,,,,,,
265,Boubakary Soumaré,"£ 80,000","£ 4,160,000",,"Jul 2, 2021","Jun 30, 2026",4.0,"£ 16,640,000",,M,,23.0,Reserve,France,,,Leicester,Premier League,2022-2023,,,DM,,,,,,,,,,,,,
266,Ricardo Pereira,"£ 80,000","£ 4,160,000",,"Feb 18, 2022","Jun 30, 2026",4.0,"£ 16,640,000",,D,,29.0,Reserve,Portugal,,,Leicester,Premier League,2022-2023,,,RB,,,,,,,,,,,,,
267,Patson Daka,"£ 75,000","£ 3,900,000",,"Jul 1, 2021","Jun 30, 2026",4.0,"£ 15,600,000",,F,,24.0,Reserve,Zambia,,,Leicester,Premier League,2022-2023,,,CF,,,,,,,,,,,,,
268,Wilfred Ndidi,"£ 75,000","£ 3,900,000",,"Aug 19, 2018","Jun 30, 2024",2.0,"£ 7,800,000",,M,,26.0,Reserve,Nigeria,,,Leicester,Premier League,2022-2023,,,DM,,,,,,,,,,,,,
269,Dennis Praet,"£ 75,000","£ 3,900,000",,"Aug 8, 2019","Jun 30, 2024",2.0,"£ 7,800,000",,M,,28.0,Reserve,Belgium,,,Leicester,Premier League,2022-2023,,,CM,,,,,,,,,,,,,
270,Jannik Vestergaard,"£ 70,000","£ 3,640,000",,"Aug 13, 2021","Jun 30, 2024",2.0,"£ 7,280,000",,D,,30.0,Reserve,Denmark,,,Leicester,Premier League,2022-2023,,,CB,,,,,,,,,,,,,
271,Timothy Castagne,"£ 65,000","£ 3,380,000",,"Sep 3, 2020","Jun 30, 2025",3.0,"£ 10,140,000",,D,,27.0,Starter,Belgium,,,Leicester,Premier League,2022-2023,,,RB,,,,,,,,,,,,,
272,Nampalys Mendy,"£ 55,000","£ 2,860,000",,"Aug 24, 2020","Jun 30, 2023",1.0,"£ 2,860,000",,M,,30.0,Starter,Senegal,,,Leicester,Premier League,2022-2023,,,DM,,,,,,,,,,,,,
273,Wout Faes,"£ 50,000","£ 2,600,000",,"Sep 1, 2022","Jun 30, 2027",5.0,"£ 13,000,000",,D,,24.0,Starter,Belgium,,,Leicester,Premier League,2022-2023,,,CB,,,,,,,,,,,,,
274,Tetê,"£ 50,000","£ 2,600,000",,"Jan 29, 2023","Jun 30, 2023",1.0,"£ 2,600,000",,F,,22.0,Starter,Brazil,,,Leicester,Premier League,2022-2023,,,RW,,,,,,,,,,,,,
275,Caglar Söyüncü,"£ 45,000","£ 2,340,000",,"Aug 9, 2018","Jun 30, 2023",1.0,"£ 2,340,000",,D,,26.0,Reserve,Turkey,,,Leicester,Premier League,2022-2023,,,CB,,,,,,,,,,,,,
276,Harry Souttar,"£ 40,000","£ 2,080,000",,"Jan 31, 2023","Jun 30, 2028",6.0,"£ 12,480,000",,D,,24.0,Starter,Australia,,,Leicester,Premier League,2022-2023,,,CB,,,,,,,,,,,,,
277,Danny Ward,"£ 40,000","£ 2,080,000",,"Apr 15, 2021","Jun 30, 2025",3.0,"£ 6,240,000",,K,,29.0,Starter,Wales,,,Leicester,Premier League,2022-2023,,,GK,,,,,,,,,,,,,
278,Youri Tielemans,"£ 35,000","£ 1,820,000",,"Jul 8, 2019","Jun 30, 2023",1.0,"£ 1,820,000",,M,,25.0,Reserve,Belgium,,,Leicester,Premier League,2022-2023,,,CM,,,,,,,,,,,,,
279,Harvey Barnes,"£ 35,000","£ 1,820,000",,"Aug 19, 2021","Jun 30, 2025",3.0,"£ 5,460,000",,F,,25.0,Starter,England,,,Leicester,Premier League,2022-2023,,,LW,,,,,,,,,,,,,
280,James Justin,"£ 30,000","£ 1,560,000",,"Feb 23, 2022","Jun 30, 2026",4.0,"£ 6,240,000",,D,,24.0,Reserve,England,,,Leicester,Premier League,2022-2023,,,RB,,,,,,,,,,,,,
281,Alex Smithies,"£ 30,000","£ 1,560,000",,"Aug 12, 2022","Jun 30, 2024",2.0,"£ 3,120,000",,K,,32.0,Reserve,England,,,Leicester,Premier League,2022-2023,,,GK,,,,,,,,,,,,,
282,Victor Kristiansen,"£ 25,000","£ 1,300,000",,"Jan 20, 2023","Jun 30, 2028",6.0,"£ 7,800,000",,D,,20.0,Starter,Denmark,,,Leicester,Premier League,2022-2023,,,LB,,,,,,,,,,,,,
283,Daniel Iversen,"£ 20,000","£ 1,040,000",,"Jul 1, 2020","Jun 30, 2025",3.0,"£ 3,120,000",,K,,25.0,Reserve,Denmark,,,Leicester,Premier League,2022-2023,,,GK,,,,,,,,,,,,,
284,Daniel Amartey,"£ 20,000","£ 1,040,000",,"Jan 22, 2016","Jun 30, 2023",1.0,"£ 1,040,000",,D,,28.0,Reserve,Ghana,,,Leicester,Premier League,2022-2023,,,CB,,,,,,,,,,,,,
285,Kiernan Dewsbury-Hall,"£ 20,000","£ 1,040,000",,"Jun 24, 2022","Jun 30, 2027",5.0,"£ 5,200,000",,M,,24.0,Starter,England,,,Leicester,Premier League,2022-2023,,,CM,,,,,,,,,,,,,
286,Luke Thomas,"£ 10,000","£ 520,000",,"Aug 25, 2020","Jun 30, 2024",2.0,"£ 1,040,000",,D,,21.0,Reserve,England,,,Leicester,Premier League,2022-2023,,,LB,,,,,,,,,,,,,
287,Total,"£ 1,535,000","£ 79,820,000",£ 0,,,,"£ 199,940,000",£ 0,,,,,,,,Leicester,Premier League,2022-2023,,,,,,,,,,,,,,,,
288,Mohamed Salah,"£ 350,000","£ 18,200,000",,"Jul 1, 2022","Jun 30, 2025",3.0,"£ 54,600,000",,F,,30.0,Starter,Egypt,,,Liverpool,Premier League,2022-2023,,,RW,,,,,,,,,,,,,
289,Virgil van Dijk,"£ 220,000","£ 11,440,000",,"Aug 13, 2021","Jun 30, 2025",3.0,"£ 34,320,000",,D,,31.0,Reserve,Netherlands,,,Liverpool,Premier League,2022-2023,,,CB,,,,,,,,,,,,,
290,Thiago,"£ 200,000","£ 10,400,000",,"Sep 18, 2020","Jun 30, 2024",2.0,"£ 20,800,000",,M,,31.0,Starter,Spain,,,Liverpool,Premier League,2022-2023,,,CM,,,,,,,,,,,,,
291,Roberto Firmino,"£ 180,000","£ 9,360,000",,"Apr 29, 2018","Jun 30, 2023",1.0,"£ 9,360,000",,F,,31.0,Reserve,Brazil,,,Liverpool,Premier League,2022-2023,,,CF,,,,,,,,,,,,,
292,Fabinho,"£ 180,000","£ 9,360,000",,"Aug 3, 2021","Jun 30, 2026",4.0,"£ 37,440,000",,M,,29.0,Reserve,Brazil,,,Liverpool,Premier League,2022-2023,,,DM,,,,,,,,,,,,,
293,Trent Alexander-Arnold,"£ 180,000","£ 9,360,000",,"Jul 30, 2021","Jun 30, 2025",3.0,"£ 28,080,000",,D,,24.0,Starter,England,,,Liverpool,Premier League,2022-2023,,,RB,,,,,,,,,,,,,
294,Alisson,"£ 150,000","£ 7,800,000",,"Aug 4, 2021","Jun 30, 2027",5.0,"£ 39,000,000",,K,,30.0,Starter,Brazil,,,Liverpool,Premier League,2022-2023,,,GK,,,,,,,,,,,,,
295,Jordan Henderson,"£ 140,000","£ 7,280,000",,"Aug 31, 2021","Jun 30, 2025",3.0,"£ 21,840,000",,M,,32.0,Starter,England,,,Liverpool,Premier League,2022-2023,,,CM,,,,,,,,,,,,,
296,Darwin Núñez,"£ 140,000","£ 7,280,000",,"Jul 1, 2022","Jun 30, 2028",6.0,"£ 43,680,000",,F,,23.0,Starter,Uruguay,,,Liverpool,Premier League,2022-2023,,,CF,,,,,,,,,,,,,
297,Diogo Jota,"£ 140,000","£ 7,280,000",,"Aug 2, 2022","Jun 30, 2027",5.0,"£ 36,400,000",,F,,26.0,Reserve,Portugal,,,Liverpool,Premier League,2022-2023,,,LW,,,,,,,,,,,,,
298,Cody Gakpo,"£ 120,000","£ 6,240,000",,"Jan 1, 2023","Jun 30, 2028",6.0,"£ 37,440,000",,F,,23.0,Starter,Netherlands,,,Liverpool,Premier League,2022-2023,,,LW,,,,,,,,,,,,,
299,Alex Oxlade-Chamberlain,"£ 120,000","£ 6,240,000",,"Aug 22, 2019","Jun 30, 2023",1.0,"£ 6,240,000",,M,,29.0,Reserve,England,,,Liverpool,Premier League,2022-2023,,,CM,,,,,,,,,,,,,
300,Naby Keïta,"£ 120,000","£ 6,240,000",,"Jul 1, 2018","Jun 30, 2023",1.0,"£ 6,240,000",,M,,27.0,Starter,Guinea,,,Liverpool,Premier League,2022-2023,,,CM,,,,,,,,,,,,,
301,Arthur,"£ 110,000","£ 5,720,000",,"Sep 1, 2022","Jun 30, 2023",1.0,"£ 5,720,000",,M,,26.0,Reserve,Brazil,,,Liverpool,Premier League,2022-2023,,,CM,,,,,,,,,,,,,
302,Joel Matip,"£ 100,000","£ 5,200,000",,"Oct 18, 2019","Jun 30, 2024",2.0,"£ 10,400,000",,D,,31.0,Starter,Cameroon,,,Liverpool,Premier League,2022-2023,,,CB,,,,,,,,,,,,,
303,Andrew Robertson,"£ 100,000","£ 5,200,000",,"Aug 24, 2021","Jun 30, 2026",4.0,"£ 20,800,000",,D,,28.0,Starter,Scotland,,,Liverpool,Premier League,2022-2023,,,LB,,,,,,,,,,,,,
304,Joe Gomez,"£ 85,000","£ 4,420,000",,"Jul 7, 2022","Jun 30, 2027",5.0,"£ 22,100,000",,D,,25.0,Starter,England,,,Liverpool,Premier League,2022-2023,,,CB,,,,,,,,,,,,,
305,Ibrahima Konaté,"£ 70,000","£ 3,640,000",,"Jul 1, 2021","Jun 30, 2026",4.0,"£ 14,560,000",,D,,23.0,Reserve,France,,,Liverpool,Premier League,2022-2023,,,CB,,,,,,,,,,,,,
306,Nathaniel Phillips,"£ 65,000","£ 3,380,000",,"Jul 1, 2019","Jun 30, 2025",3.0,"£ 10,140,000",,D,,25.0,Reserve,England,,,Liverpool,Premier League,2022-2023,,,CB,,,,,,,,,,,,,
307,James Milner,"£ 60,000","£ 3,120,000",,"Jun 6, 2022","Jun 30, 2023",1.0,"£ 3,120,000",,M,,37.0,Reserve,England,,,Liverpool,Premier League,2022-2023,,,CM,,,,,,,,,,,,,
308,Adrián,"£ 60,000","£ 3,120,000",,"Jun 14, 2021","Jun 30, 2023",1.0,"£ 3,120,000",,K,,36.0,Reserve,Spain,,,Liverpool,Premier League,2022-2023,,,GK,,,,,,,,,,,,,
309,Luis Díaz,"£ 55,000","£ 2,860,000",,"Jan 30, 2022","Jun 30, 2027",5.0,"£ 14,300,000",,F,,26.0,Reserve,Colombia,,,Liverpool,Premier League,2022-2023,,,LW,,,,,,,,,,,,,
310,Konstantinos Tsimikas,"£ 50,000","£ 2,600,000",,"Aug 10, 2020","Jun 30, 2025",3.0,"£ 7,800,000",,D,,26.0,Reserve,Greece,,,Liverpool,Premier League,2022-2023,,,LB,,,,,,,,,,,,,
311,Fábio Carvalho,"£ 40,000","£ 2,080,000",,"Jul 1, 2022","Jun 30, 2027",5.0,"£ 10,400,000",,F,,20.0,Reserve,Portugal,,,Liverpool,Premier League,2022-2023,,,AM,,,,,,,,,,,,,
312,Harvey Elliott,"£ 40,000","£ 2,080,000",,"Aug 11, 2022","Jun 30, 2027",5.0,"£ 10,400,000",,F,,19.0,Reserve,England,,,Liverpool,Premier League,2022-2023,,,AM,,,,,,,,,,,,,
313,Stefan Bajcetic,"£ 40,000","£ 2,080,000",,"Jan 26, 2023","Jun 30, 2027",5.0,"£ 10,400,000",,M,,18.0,Reserve,Spain,,,Liverpool,Premier League,2022-2023,,,DM,,,,,,,,,,,,,
314,Calvin Ramsay,"£ 15,000","£ 780,000","£ 500,000","Jul 1, 2022","Jun 30, 2027",5.0,"£ 3,900,000",,D,,19.0,Reserve,Scotland,,,Liverpool,Premier League,2022-2023,,,RB,,,,,,,,,,,,,
315,Curtis Jones,"£ 15,000","£ 780,000",,"Nov 17, 2022","Jun 30, 2027",5.0,"£ 3,900,000",,M,,22.0,Reserve,England,,,Liverpool,Premier League,2022-2023,,,CM,,,,,,,,,,,,,
316,Caoimhín Kelleher,"£ 10,000","£ 520,000",,"Jun 24, 2021","Jun 30, 2026",4.0,"£ 2,080,000",,K,,24.0,Reserve,Ireland,,,Liverpool,Premier League,2022-2023,,,GK,,,,,,,,,,,,,
317,Rhys Williams,"£ 10,000","£ 520,000",,"Aug 31, 2021","Jun 30, 2026",4.0,"£ 2,080,000",,D,,21.0,Reserve,England,,,Liverpool,Premier League,2022-2023,,,CB,,,,,,,,,,,,,
318,Total,"£ 3,165,000","£ 164,580,000","£ 500,000",,,,"£ 530,660,000",£ 0,,,,,,,,Liverpool,Premier League,2022-2023,,,,,,,,,,,,,,,,
319,Kevin De Bruyne,"£ 400,000","£ 20,800,000",,"Apr 7, 2021","Jun 30, 2025",3.0,"£ 62,400,000",,F,,31.0,Starter,Belgium,,,Manchester City,Premier League,2022-2023,,,AM,,,,,,,,,,,,,
320,Erling Haaland,"£ 375,000","£ 19,500,000","£ 24,700,000","Jul 1, 2022","Jun 30, 2027",5.0,"£ 97,500,000","£ 173,000,000",F,,22.0,Starter,Norway,,,Manchester City,Premier League,2022-2023,,,CF,,,,,,,,,,,,,
321,Jack Grealish,"£ 300,000","£ 15,600,000",,"Aug 5, 2021","Jun 30, 2027",5.0,"£ 78,000,000",,F,,27.0,Starter,England,,,Manchester City,Premier League,2022-2023,,,LW,,,,,,,,,,,,,
322,John Stones,"£ 250,000","£ 13,000,000",,"Aug 10, 2021","Jun 30, 2026",4.0,"£ 52,000,000",,D,,28.0,Reserve,England,,,Manchester City,Premier League,2022-2023,,,CB,,,,,,,,,,,,,
323,Phil Foden,"£ 225,000","£ 11,700,000",,"Oct 14, 2022","Jun 30, 2027",5.0,"£ 58,500,000",,M,,22.0,Reserve,England,,,Manchester City,Premier League,2022-2023,,,CM,,,,,,,,,,,,,
324,Rodri,"£ 220,000","£ 11,440,000",,"Jul 12, 2022","Jun 30, 2027",5.0,"£ 57,200,000",,M,,26.0,Starter,Spain,,,Manchester City,Premier League,2022-2023,,,DM,,,,,,,,,,,,,
325,Rúben Dias,"£ 180,000","£ 9,360,000",,"Aug 30, 2021","Jun 30, 2027",5.0,"£ 46,800,000",,D,,25.0,Starter,Portugal,,,Manchester City,Premier League,2022-2023,,,CB,,,,,,,,,,,,,
326,Manuel Akanji,"£ 180,000","£ 9,360,000",,"Sep 1, 2022","Jun 30, 2027",5.0,"£ 46,800,000",,D,,27.0,Reserve,Switzerland,,,Manchester City,Premier League,2022-2023,,,CB,,,,,,,,,,,,,
327,Kyle Walker,"£ 160,000","£ 8,320,000",,"Jun 19, 2019","Jun 30, 2024",2.0,"£ 16,640,000",,D,,32.0,Starter,England,,,Manchester City,Premier League,2022-2023,,,RB,,,,,,,,,,,,,
328,Riyad Mahrez,"£ 160,000","£ 8,320,000",,"Jul 15, 2022","Jun 30, 2025",3.0,"£ 24,960,000",,F,,31.0,Starter,Algeria,,,Manchester City,Premier League,2022-2023,,,RW,,,,,,,,,,,,,
329,Kalvin Phillips,"£ 150,000","£ 7,800,000",,"Jul 4, 2022","Jun 30, 2028",6.0,"£ 46,800,000",,M,,27.0,Reserve,England,,,Manchester City,Premier League,2022-2023,,,DM,,,,,,,,,,,,,
330,Bernardo Silva,"£ 150,000","£ 7,800,000",,"Mar 13, 2019","Jun 30, 2025",3.0,"£ 23,400,000",,F,,28.0,Starter,Portugal,,,Manchester City,Premier League,2022-2023,,,AM,,,,,,,,,,,,,
331,Ilkay Gündogan,"£ 140,000","£ 7,280,000",,"Aug 9, 2019","Jun 30, 2023",1.0,"£ 7,280,000",,M,,32.0,Starter,Germany,,,Manchester City,Premier League,2022-2023,,,CM,,,,,,,,,,,,,
332,Aymeric Laporte,"£ 120,000","£ 6,240,000",,"Feb 22, 2019","Jun 30, 2025",3.0,"£ 18,720,000",,D,,28.0,Starter,Spain,,,Manchester City,Premier League,2022-2023,,,CB,,,,,,,,,,,,,
333,Julián Álvarez,"£ 100,000","£ 5,200,000",,"Mar 16, 2023","Jun 30, 2028",6.0,"£ 31,200,000",,F,,23.0,Reserve,Argentina,,,Manchester City,Premier League,2022-2023,,,CF,,,,,,,,,,,,,
334,Ederson,"£ 100,000","£ 5,200,000",,"Sep 1, 2021","Jun 30, 2026",4.0,"£ 20,800,000",,K,,29.0,Starter,Brazil,,,Manchester City,Premier League,2022-2023,,,GK,,,,,,,,,,,,,
335,Benjamin Mendy,"£ 90,000","£ 4,680,000",,"Jul 24, 2017","Jun 30, 2023",1.0,"£ 4,680,000",,D,,28.0,Reserve,France,,,Manchester City,Premier League,2022-2023,,,LB,,,,,,,,,,,,,
336,Nathan Aké,"£ 90,000","£ 4,680,000",,"Aug 5, 2020","Jun 30, 2025",3.0,"£ 14,040,000",,D,,27.0,Reserve,Netherlands,,,Manchester City,Premier League,2022-2023,,,CB,,,,,,,,,,,,,
337,Stefan Ortega Moreno,"£ 55,000","£ 2,860,000",,"Jul 1, 2022","Jun 30, 2025",3.0,"£ 8,580,000",,K,,30.0,Reserve,Germany,,,Manchester City,Premier League,2022-2023,,,GK,,,,,,,,,,,,,
338,Sergio Gómez,"£ 50,000","£ 2,600,000",,"Aug 16, 2022","Jun 30, 2026",4.0,"£ 10,400,000",,D,,22.0,Reserve,Spain,,,Manchester City,Premier League,2022-2023,,,LB,,,,,,,,,,,,,
339,Máximo Perrone,"£ 30,000","£ 1,560,000",,"Jan 23, 2023","Jun 30, 2028",6.0,"£ 9,360,000",,M,,20.0,Reserve,Argentina,,,Manchester City,Premier League,2022-2023,,,DM,,,,,,,,,,,,,
340,Scott Carson,"£ 30,000","£ 1,560,000",,"Jun 14, 2022","Jun 30, 2023",1.0,"£ 1,560,000",,K,,37.0,Reserve,England,,,Manchester City,Premier League,2022-2023,,,GK,,,,,,,,,,,,,
341,Cole Palmer,"£ 20,000","£ 1,040,000",,"Jun 14, 2021","Jun 30, 2026",4.0,"£ 4,160,000",,F,,20.0,Reserve,England,,,Manchester City,Premier League,2022-2023,,,AM,,,,,,,,,,,,,
342,Rico Lewis,"£ 5,000","£ 260,000",,"Jul 7, 2022","Jun 30, 2024",2.0,"£ 520,000",,D,,18.0,Reserve,England,,,Manchester City,Premier League,2022-2023,,,RB,,,,,,,,,,,,,
343,Total,"£ 3,580,000","£ 186,160,000","£ 24,700,000",,,,"£ 742,300,000","£ 173,000,000",,,,,,,,Manchester City,Premier League,2022-2023,,,,,,,,,,,,,,,,
344,David de Gea,"£ 375,000","£ 19,500,000",,"Sep 16, 2019",,,"£ 19,500,000",,K,,32.0,Starter,Spain,,,Manchester United,Premier League,2022-2023,,,GK,,1.0,,,,,,"Jun 30, 2023",,,,,
345,Jadon Sancho,"£ 350,000","£ 18,200,000",,"Jul 23, 2021",,,"£ 72,800,000",,F,,22.0,Starter,England,,,Manchester United,Premier League,2022-2023,,,LW,,4.0,,,,,,"Jun 30, 2026",,,,,
346,Casemiro,"£ 350,000","£ 18,200,000","£ 5,200,000","Aug 22, 2022",,,"£ 72,800,000",,M,,30.0,Starter,Brazil,,,Manchester United,Premier League,2022-2023,,,DM,,4.0,,,,,,"Jun 30, 2026",,,,,
347,Raphaël Varane,"£ 340,000","£ 17,680,000",,"Aug 14, 2021",,,"£ 53,040,000",,D,,29.0,Reserve,France,,,Manchester United,Premier League,2022-2023,,,CB,,3.0,,,,,,"Jun 30, 2025",,,,,
348,Anthony Martial,"£ 250,000","£ 13,000,000",,"Jan 31, 2019",,,"£ 26,000,000",,F,,27.0,Reserve,France,,,Manchester United,Premier League,2022-2023,,,CF,,2.0,,,,,,"Jun 30, 2024",,,,,
349,Bruno Fernandes,"£ 240,000","£ 12,480,000",,"Apr 1, 2022",,,"£ 49,920,000",,F,,28.0,Starter,Portugal,,,Manchester United,Premier League,2022-2023,,,AM,,4.0,,,,,,"Jun 30, 2026",,,,,
350,Antony,"£ 200,000","£ 10,400,000",,"Aug 30, 2022",,,"£ 52,000,000",,F,,22.0,Reserve,Brazil,,,Manchester United,Premier League,2022-2023,,,RW,,5.0,,,,,,"Jun 30, 2027",,,,,
351,Marcus Rashford,"£ 200,000","£ 10,400,000",,"Dec 24, 2022",,,"£ 20,800,000",,F,,25.0,Starter,England,,,Manchester United,Premier League,2022-2023,,,LW,,2.0,,,,,,"Jun 30, 2024",,,,,
352,Harry Maguire,"£ 190,000","£ 9,880,000",,"Aug 5, 2019",,,"£ 29,640,000",,D,,29.0,Starter,England,,,Manchester United,Premier League,2022-2023,,,CB,,3.0,,,,,,"Jun 30, 2025",,,,,
353,Christian Eriksen,"£ 150,000","£ 7,800,000",,"Jul 15, 2022",,,"£ 23,400,000",,M,,30.0,Reserve,Denmark,,,Manchester United,Premier League,2022-2023,,,CM,,3.0,,,,,,"Jun 30, 2025",,,,,
354,Luke Shaw,"£ 150,000","£ 7,800,000",,"Dec 24, 2022",,,"£ 15,600,000",,D,,27.0,Starter,England,,,Manchester United,Premier League,2022-2023,,,LB,,2.0,,,,,,"Jun 30, 2024",,,,,
355,Donny van de Beek,"£ 120,000","£ 6,240,000",,"Sep 2, 2020",,,"£ 18,720,000",,M,,25.0,Reserve,Netherlands,,,Manchester United,Premier League,2022-2023,,,CM,,3.0,,,,,,"Jun 30, 2025",,,,,
356,Lisandro Martínez,"£ 120,000","£ 6,240,000",,"Jul 27, 2022",,,"£ 31,200,000",,D,,25.0,Starter,Argentina,,,Manchester United,Premier League,2022-2023,,,CB,,5.0,,,,,,"Jun 30, 2027",,,,,
357,Fred,"£ 120,000","£ 6,240,000",,"Dec 24, 2022",,,"£ 12,480,000",,M,,29.0,Reserve,Brazil,,,Manchester United,Premier League,2022-2023,,,CM,,2.0,,,,,,"Jun 30, 2024",,,,,
358,Victor Lindelöf,"£ 120,000","£ 6,240,000",,"Sep 18, 2019",,,"£ 12,480,000",,D,,28.0,Reserve,Sweden,,,Manchester United,Premier League,2022-2023,,,CB,,2.0,,,,,,"Jun 30, 2024",,,,,
359,Marcel Sabitzer,"£ 110,000","£ 5,720,000",,"Jan 31, 2023",,,"£ 5,720,000",,M,,28.0,Starter,Austria,,,Manchester United,Premier League,2022-2023,,,CM,,1.0,,,,,,"Jun 30, 2023",,,,,
360,Aaron Wan-Bissaka,"£ 90,000","£ 4,680,000",,"Jul 1, 2019",,,"£ 9,360,000",,D,,25.0,Reserve,England,,,Manchester United,Premier League,2022-2023,,,RB,,2.0,,,,,,"Jun 30, 2024",,,,,
361,Phil Jones,"£ 75,000","£ 3,900,000",,"Feb 8, 2019",,,"£ 3,900,000",,D,,30.0,Reserve,England,,,Manchester United,Premier League,2022-2023,,,CB,,1.0,,,,,,"Jun 30, 2023",,,,,
362,Tyrell Malacia,"£ 75,000","£ 3,900,000",,"Jul 5, 2022",,,"£ 15,600,000",,D,,23.0,Reserve,Netherlands,,,Manchester United,Premier League,2022-2023,,,LB,,4.0,,,,,,"Jun 30, 2026",,,,,
363,Brandon Williams,"£ 65,000","£ 3,380,000",,"Aug 4, 2020",,,"£ 6,760,000",,D,,22.0,Reserve,England,,,Manchester United,Premier League,2022-2023,,,LB,,2.0,,,,,,"Jun 30, 2024",,,,,
364,Scott McTominay,"£ 60,000","£ 3,120,000",,"Jun 23, 2020",,,"£ 9,360,000",,M,,26.0,Reserve,Scotland,,,Manchester United,Premier League,2022-2023,,,DM,,3.0,,,,,,"Jun 30, 2025",,,,,
365,Tom Heaton,"£ 45,000","£ 2,340,000",,"Jul 2, 2021",,,"£ 2,340,000",,K,,36.0,Reserve,England,,,Manchester United,Premier League,2022-2023,,,GK,,1.0,,,,,,"Jun 30, 2023",,,,,
366,Jack Butland,"£ 35,000","£ 1,820,000",,"Jan 6, 2023",,,"£ 1,820,000",,K,,29.0,Reserve,England,,,Manchester United,Premier League,2022-2023,,,GK,,1.0,,,,,,"Jun 30, 2023",,,,,
367,Wout Weghorst,"£ 35,000","£ 1,820,000",,"Jan 13, 2023",,,"£ 1,820,000",,F,,30.0,Starter,Netherlands,,,Manchester United,Premier League,2022-2023,,,CF,,1.0,,,,,,"Jun 30, 2023",,,,,
368,Diogo Dalot,"£ 25,000","£ 1,300,000",,"Dec 24, 2022",,,"£ 2,600,000",,D,,23.0,Starter,Portugal,,,Manchester United,Premier League,2022-2023,,,RB,,2.0,,,,,,"Jun 30, 2024",,,,,
369,Facundo Pellistri,"£ 20,000","£ 1,040,000",,"Oct 5, 2020",,,"£ 3,120,000",,F,,21.0,Reserve,Uruguay,,,Manchester United,Premier League,2022-2023,,,RW,,3.0,,,,,,"Jun 30, 2025",,,,,
370,Alejandro Garnacho,"£ 7,000","£ 364,000",,"Jul 1, 2022",,,"£ 728,000",,F,,18.0,Reserve,Argentina,,,Manchester United,Premier League,2022-2023,,,LW,,2.0,,,,,,"Jun 30, 2024",,,,,
371,Anthony Elanga,"£ 5,000","£ 260,000",,"Dec 24, 2021",,,"£ 1,040,000",,F,,20.0,Reserve,Sweden,,,Manchester United,Premier League,2022-2023,,,LW,,4.0,,,,,,"Jun 30, 2026",,,,,
372,Mason Greenwood,£ 0,£ 0,,"Feb 16, 2021",,,£ 0,,F,,21.0,Reserve,England,,,Manchester United,Premier League,2022-2023,,,RW,,3.0,,,,,,"Jun 30, 2025",,,,,
373,Total,"£ 3,922,000","£ 203,944,000","£ 5,200,000",,,,"£ 574,548,000",£ 0,,,,,,,,Manchester United,Premier League,2022-2023,,,,,,,,,,,,,,,,
374,Kieran Trippier,"£ 120,000","£ 6,240,000",,"Jan 27, 2023","Jun 30, 2025",3.0,"£ 18,720,000",,D,,32.0,Starter,England,,,Newcastle,Premier League,2022-2023,,,,,,,,,,,,RB,,,,
375,Alexander Isak,"£ 120,000","£ 6,240,000",,"Aug 26, 2022","Jun 30, 2028",6.0,"£ 37,440,000",,F,,23.0,Starter,Sweden,,,Newcastle,Premier League,2022-2023,,,,,,,,,,,,CF,,,,
376,Bruno Guimarães,"£ 120,000","£ 6,240,000",,"Jan 30, 2022","Jun 30, 2026",4.0,"£ 24,960,000",,M,,25.0,Reserve,Brazil,,,Newcastle,Premier League,2022-2023,,,,,,,,,,,,DM,,,,
377,Matt Targett,"£ 100,000","£ 5,200,000",,"Jul 1, 2022","Jun 30, 2026",4.0,"£ 20,800,000",,D,,27.0,Reserve,England,,,Newcastle,Premier League,2022-2023,,,,,,,,,,,,LB,,,,
378,Sven Botman,"£ 90,000","£ 4,680,000",,"Jul 1, 2022","Jun 30, 2027",5.0,"£ 23,400,000",,D,,23.0,Starter,Netherlands,,,Newcastle,Premier League,2022-2023,,,,,,,,,,,,CB,,,,
379,Joelinton,"£ 85,000","£ 4,420,000",,"Jul 23, 2019","Jun 30, 2025",3.0,"£ 13,260,000",,F,,26.0,Starter,Brazil,,,Newcastle,Premier League,2022-2023,,,,,,,,,,,,AM,,,,
380,Joe Willock,"£ 80,000","£ 4,160,000",,"Aug 13, 2021","Jun 30, 2027",5.0,"£ 20,800,000",,M,,23.0,Starter,England,,,Newcastle,Premier League,2022-2023,,,,,,,,,,,,CM,,,,
381,Allan Saint-Maximin,"£ 70,000","£ 3,640,000",,"Oct 14, 2020","Jun 30, 2026",4.0,"£ 14,560,000",,F,,25.0,Starter,France,,,Newcastle,Premier League,2022-2023,,,,,,,,,,,,LW,,,,
382,Nick Pope,"£ 60,000","£ 3,120,000",,"Jul 1, 2022","Jun 30, 2026",4.0,"£ 12,480,000",,K,,30.0,Starter,England,,,Newcastle,Premier League,2022-2023,,,,,,,,,,,,GK,,,,
383,Anthony Gordon,"£ 60,000","£ 3,120,000",,"Jan 29, 2023","Jun 30, 2023",1.0,"£ 3,120,000",,F,,21.0,Reserve,England,,,Newcastle,Premier League,2022-2023,,,,,,,,,,,,LW,,,,
384,Miguel Almirón,"£ 60,000","£ 3,120,000",,"Feb 24, 2023","Jun 30, 2026",4.0,"£ 12,480,000","£ 60,000,000",F,,28.0,Starter,Paraguay,,,Newcastle,Premier League,2022-2023,,,,,,,,,,,,RW,,,,
385,Emil Krafth,"£ 55,000","£ 2,860,000",,"Jul 25, 2022","Jun 30, 2024",2.0,"£ 5,720,000",,D,,28.0,Reserve,Sweden,,,Newcastle,Premier League,2022-2023,,,,,,,,,,,,RB,,,,
386,Sean Longstaff,"£ 50,000","£ 2,600,000",,"May 25, 2022","Jun 30, 2025",3.0,"£ 7,800,000",,M,,25.0,Starter,England,,,Newcastle,Premier League,2022-2023,,,,,,,,,,,,CM,,,,
387,Callum Wilson,"£ 46,000","£ 2,392,000",,"Sep 7, 2020","Jun 30, 2024",2.0,"£ 4,784,000",,F,,30.0,Reserve,England,,,Newcastle,Premier League,2022-2023,,,,,,,,,,,,CF,,,,
388,Matt Ritchie,"£ 45,000","£ 2,340,000",,"Mar 6, 2020","Jun 30, 2023",1.0,"£ 2,340,000",,M,,33.0,Reserve,Scotland,,,Newcastle,Premier League,2022-2023,,,,,,,,,,,,RM,,,,
389,Ryan Fraser,"£ 42,000","£ 2,184,000",,"Sep 7, 2020","Jun 30, 2025",3.0,"£ 6,552,000",,F,,28.0,Reserve,Scotland,,,Newcastle,Premier League,2022-2023,,,,,,,,,,,,LW,,,,
390,Martin Dubravka,"£ 40,000","£ 2,080,000",,"Oct 24, 2019","Jun 30, 2025",3.0,"£ 6,240,000",,K,,34.0,Reserve,Slovakia,,,Newcastle,Premier League,2022-2023,,,,,,,,,,,,GK,,,,
391,Fabian Schär,"£ 40,000","£ 2,080,000",,"Apr 29, 2022","Jun 30, 2024",2.0,"£ 4,160,000",,D,,31.0,Starter,Switzerland,,,Newcastle,Premier League,2022-2023,,,,,,,,,,,,CB,,,,
392,Jamaal Lascelles,"£ 40,000","£ 2,080,000",,"Nov 1, 2018","Jun 30, 2024",2.0,"£ 4,160,000",,D,,29.0,Reserve,England,,,Newcastle,Premier League,2022-2023,,,,,,,,,,,,CB,,,,
393,Jamal Lewis,"£ 38,000","£ 1,976,000",,"Sep 8, 2020","Jun 30, 2025",3.0,"£ 5,928,000",,D,,25.0,Reserve,Northern Ireland,,,Newcastle,Premier League,2022-2023,,,,,,,,,,,,LB,,,,
394,Dan Burn,"£ 35,000","£ 1,820,000",,"Jan 31, 2022","Jun 30, 2024",2.0,"£ 3,640,000",,D,,30.0,Starter,England,,,Newcastle,Premier League,2022-2023,,,,,,,,,,,,CB,,,,
395,Jacob Murphy,"£ 35,000","£ 1,820,000",,"Jul 7, 2021","Jun 30, 2027",5.0,"£ 9,100,000",,F,,27.0,Reserve,England,,,Newcastle,Premier League,2022-2023,,,,,,,,,,,,RW,,,,
396,Javier Manquillo,"£ 35,000","£ 1,820,000",,"Jun 25, 2020","Jun 30, 2024",2.0,"£ 3,640,000",,D,,28.0,Reserve,Spain,,,Newcastle,Premier League,2022-2023,,,,,,,,,,,,RB,,,,
397,Paul Dummett,"£ 35,000","£ 1,820,000",,"May 5, 2022","Jun 30, 2023",1.0,"£ 1,820,000",,D,,31.0,Reserve,Wales,,,Newcastle,Premier League,2022-2023,,,,,,,,,,,,LB,,,,
398,Elliot Anderson,"£ 30,000","£ 1,560,000",,"Sep 21, 2022","Jun 30, 2026",4.0,"£ 6,240,000",,F,,20.0,Reserve,Scotland,,,Newcastle,Premier League,2022-2023,,,,,,,,,,,,AM,,,,
399,Mark Gillespie,"£ 10,000","£ 520,000",,"Jul 3, 2020","Jun 30, 2023",1.0,"£ 520,000",,K,,30.0,Reserve,England,,,Newcastle,Premier League,2022-2023,,,,,,,,,,,,GK,,,,
400,Loris Karius,"£ 10,000","£ 520,000",,"Jan 19, 2023","Jun 30, 2023",1.0,"£ 520,000",,K,,29.0,Reserve,Germany,,,Newcastle,Premier League,2022-2023,,,,,,,,,,,,GK,,,,
401,Harrison Ashby,"£ 10,000","£ 520,000",,"Jan 31, 2023","Jun 30, 2023",1.0,"£ 520,000",,D,,21.0,Reserve,Scotland,,,Newcastle,Premier League,2022-2023,,,,,,,,,,,,RB,,,,
402,Matthew Longstaff,"£ 7,500","£ 390,000",,"Aug 27, 2021","Jun 30, 2023",1.0,"£ 390,000",,M,,22.0,Reserve,England,,,Newcastle,Premier League,2022-2023,,,,,,,,,,,,CM,,,,
403,Total,"£ 1,568,500","£ 81,562,000",£ 0,,,,"£ 276,094,000","£ 60,000,000",,,,,,,,Newcastle,Premier League,2022-2023,,,,,,,,,,,,,,,,
404,Dean Henderson,"£ 100,000","£ 5,200,000",,"Jul 2, 2022",,,"£ 5,200,000",,K,,25.0,Reserve,England,,,Nottingham Forest,Premier League,2022-2023,,,,,,,,,,,,,"May 31, 2023",1.0,GK,
405,Keylor Navas,"£ 90,000","£ 4,680,000",,"Jan 31, 2023",,,"£ 4,680,000",,K,,36.0,Starter,Costa Rica,,,Nottingham Forest,Premier League,2022-2023,,,,,,,,,,,,,"Jun 30, 2023",1.0,GK,
406,Felipe,"£ 80,000","£ 4,160,000",,"Jan 31, 2023",,,"£ 8,320,000",,D,,33.0,Reserve,Brazil,,,Nottingham Forest,Premier League,2022-2023,,,,,,,,,,,,,"Jun 30, 2024",2.0,CB,
407,Morgan Gibbs-White,"£ 80,000","£ 4,160,000",,"Aug 19, 2022",,,"£ 20,800,000",,F,,23.0,Starter,England,,,Nottingham Forest,Premier League,2022-2023,,,,,,,,,,,,,"Jun 30, 2027",5.0,AM,
408,Chris Wood,"£ 80,000","£ 4,160,000",,"Jan 20, 2023",,,"£ 4,160,000",,F,,31.0,Starter,New Zealand,,,Nottingham Forest,Premier League,2022-2023,,,,,,,,,,,,,"Jun 30, 2023",1.0,CF,
409,Jesse Lingard,"£ 80,000","£ 4,160,000","£ 2,080,000","Jul 21, 2022",,,"£ 4,160,000",,F,,30.0,Reserve,England,,,Nottingham Forest,Premier League,2022-2023,,,,,,,,,,,,,"Jun 30, 2023",1.0,AM,
410,Jonjo Shelvey,"£ 75,000","£ 3,900,000",,"Jan 31, 2023",,,"£ 11,700,000",,M,,30.0,Reserve,England,,,Nottingham Forest,Premier League,2022-2023,,,,,,,,,,,,,"Jun 30, 2025",3.0,CM,
411,Renan Lodi,"£ 60,000","£ 3,120,000",,"Aug 29, 2022",,,"£ 3,120,000",,D,,24.0,Starter,Brazil,,,Nottingham Forest,Premier League,2022-2023,,,,,,,,,,,,,"Jun 30, 2023",1.0,LB,
412,Taiwo Awoniyi,"£ 50,000","£ 2,600,000",,"Jul 1, 2022",,,"£ 13,000,000",,F,,25.0,Reserve,Nigeria,,,Nottingham Forest,Premier League,2022-2023,,,,,,,,,,,,,"Jun 30, 2027",5.0,CF,
413,Neco Williams,"£ 50,000","£ 2,600,000",,"Jul 10, 2022",,,"£ 10,400,000",,D,,21.0,Reserve,Wales,,,Nottingham Forest,Premier League,2022-2023,,,,,,,,,,,,,"Jun 30, 2026",4.0,RB,
414,Moussa Niakhaté,"£ 45,000","£ 2,340,000",,"Jul 6, 2022",,,"£ 7,020,000",,D,,26.0,Reserve,Senegal,,,Nottingham Forest,Premier League,2022-2023,,,,,,,,,,,,,"Jun 30, 2025",3.0,CB,
415,Cheikhou Kouyaté,"£ 45,000","£ 2,340,000",,"Aug 13, 2022",,,"£ 4,680,000",,M,,33.0,Reserve,Senegal,,,Nottingham Forest,Premier League,2022-2023,,,,,,,,,,,,,"Jun 30, 2024",2.0,DM,
416,André Ayew,"£ 45,000","£ 2,340,000",,"Feb 2, 2023",,,"£ 2,340,000",,F,,33.0,Reserve,Ghana,,,Nottingham Forest,Premier League,2022-2023,,,,,,,,,,,,,"Jun 30, 2023",1.0,LW,
417,Remo Freuler,"£ 40,000","£ 2,080,000",,"Aug 14, 2022",,,"£ 6,240,000",,M,,30.0,Starter,Switzerland,,,Nottingham Forest,Premier League,2022-2023,,,,,,,,,,,,,"Jun 30, 2025",3.0,CM,
418,Willy Boly,"£ 40,000","£ 2,080,000",,"Sep 1, 2022",,,"£ 4,160,000",,D,,31.0,Starter,Cote d'Ivoire,,,Nottingham Forest,Premier League,2022-2023,,,,,,,,,,,,,"Jun 30, 2024",2.0,CB,
419,Emmanuel Dennis,"£ 40,000","£ 2,080,000",,"Aug 13, 2022",,,"£ 8,320,000",,F,,25.0,Reserve,Nigeria,,,Nottingham Forest,Premier League,2022-2023,,,,,,,,,,,,,"Jun 30, 2026",4.0,CF,
420,Serge Aurier,"£ 35,000","£ 1,820,000",,"Sep 7, 2022",,,"£ 1,820,000",,D,,30.0,Starter,Cote d'Ivoire,,,Nottingham Forest,Premier League,2022-2023,,,,,,,,,,,,,"Jun 30, 2023",1.0,RB,
421,Brennan Johnson,"£ 30,000","£ 1,560,000",,"Jul 1, 2022",,,"£ 6,240,000",,F,,21.0,Starter,Wales,,,Nottingham Forest,Premier League,2022-2023,,,,,,,,,,,,,"Jun 30, 2026",4.0,SS,
422,Gustavo Scarpa,"£ 30,000","£ 1,560,000",,"Jan 1, 2023",,,"£ 6,240,000",,F,,29.0,Starter,Brazil,,,Nottingham Forest,Premier League,2022-2023,,,,,,,,,,,,,"Jun 30, 2026",4.0,AM,
423,Danilo,"£ 30,000","£ 1,560,000",,"Jan 16, 2023",,,"£ 10,920,000",,M,,21.0,Reserve,Brazil,,,Nottingham Forest,Premier League,2022-2023,,,,,,,,,,,,,"Jun 30, 2029",7.0,DM,
424,Omar Richards,"£ 30,000","£ 1,560,000",,"Jul 10, 2022",,,"£ 6,240,000",,D,,24.0,Reserve,England,,,Nottingham Forest,Premier League,2022-2023,,,,,,,,,,,,,"Jun 30, 2026",4.0,LB,
425,Orel Mangala,"£ 30,000","£ 1,560,000",,"Jul 31, 2022",,,"£ 6,240,000",,M,,24.0,Starter,Belgium,,,Nottingham Forest,Premier League,2022-2023,,,,,,,,,,,,,"Jun 30, 2026",4.0,CM,
426,Steve Cook,"£ 30,000","£ 1,560,000",,"Jan 4, 2022",,,"£ 3,120,000",,D,,31.0,Reserve,England,,,Nottingham Forest,Premier League,2022-2023,,,,,,,,,,,,,"Jun 30, 2024",2.0,CB,
427,Ryan Yates,"£ 25,000","£ 1,300,000",,"Mar 14, 2022",,,"£ 3,900,000",,M,,25.0,Reserve,England,,,Nottingham Forest,Premier League,2022-2023,,,,,,,,,,,,,"Jun 30, 2025",3.0,CM,
428,Giulian Biancone,"£ 20,000","£ 1,040,000",,"Jul 3, 2022",,,"£ 3,120,000",,D,,22.0,Reserve,France,,,Nottingham Forest,Premier League,2022-2023,,,,,,,,,,,,,"Jun 30, 2025",3.0,RB,
429,Harry Arter,"£ 20,000","£ 1,040,000",,"Sep 22, 2020",,,"£ 1,040,000",,M,,33.0,Reserve,Ireland,,,Nottingham Forest,Premier League,2022-2023,,,,,,,,,,,,,"Jun 30, 2023",1.0,CM,
430,Scott McKenna,"£ 20,000","£ 1,040,000",,"Sep 23, 2020",,,"£ 2,080,000",,D,,26.0,Starter,Scotland,,,Nottingham Forest,Premier League,2022-2023,,,,,,,,,,,,,"Jun 30, 2024",2.0,CB,
431,Lyle Taylor,"£ 20,000","£ 1,040,000",,"Aug 15, 2020",,,"£ 1,040,000",,F,,32.0,Reserve,Montserrat,,,Nottingham Forest,Premier League,2022-2023,,,,,,,,,,,,,"Jun 30, 2023",1.0,CF,
432,Joe Worrall,"£ 15,000","£ 780,000",,"Feb 13, 2020",,,"£ 1,560,000",,D,,26.0,Reserve,England,,,Nottingham Forest,Premier League,2022-2023,,,,,,,,,,,,,"Jun 30, 2024",2.0,CB,
433,Wayne Hennessey,"£ 15,000","£ 780,000",,"Jul 15, 2022",,,"£ 1,560,000",,K,,36.0,Reserve,Wales,,,Nottingham Forest,Premier League,2022-2023,,,,,,,,,,,,,"Jun 30, 2024",2.0,GK,
434,Sam Surridge,"£ 15,000","£ 780,000",,"Jan 31, 2022",,,"£ 1,560,000",,F,,24.0,Reserve,England,,,Nottingham Forest,Premier League,2022-2023,,,,,,,,,,,,,"Jun 30, 2024",2.0,CF,
435,Jack Colback,"£ 15,000","£ 780,000",,"Aug 11, 2020",,,"£ 780,000",,M,,33.0,Reserve,England,,,Nottingham Forest,Premier League,2022-2023,,,,,,,,,,,,,"Jun 30, 2023",1.0,DM,
436,Harry Toffolo,"£ 15,000","£ 780,000",,"Jul 20, 2022",,,"£ 3,120,000",,D,,27.0,Reserve,England,,,Nottingham Forest,Premier League,2022-2023,,,,,,,,,,,,,"Jun 30, 2026",4.0,LB,
437,Lewis O'Brien,"£ 15,000","£ 780,000",,"Jul 20, 2022",,,"£ 3,120,000",,M,,24.0,Reserve,England,,,Nottingham Forest,Premier League,2022-2023,,,,,,,,,,,,,"Jun 30, 2026",4.0,CM,
438,Cafú,"£ 10,000","£ 520,000",,"Feb 2, 2021",,,"£ 520,000",,M,,29.0,Reserve,Portugal,,,Nottingham Forest,Premier League,2022-2023,,,,,,,,,,,,,"Jun 30, 2023",1.0,CM,
439,Alex Mighten,"£ 3,462","£ 180,000",,"Jul 1, 2020",,,"£ 540,000",,F,,20.0,Reserve,England,,,Nottingham Forest,Premier League,2022-2023,,,,,,,,,,,,,"Jun 30, 2025",3.0,LW,
440,Jordan Smith,"£ 2,500","£ 130,000",,"Mar 14, 2022",,,"£ 130,000",,K,,28.0,Reserve,England,,,Nottingham Forest,Premier League,2022-2023,,,,,,,,,,,,,"Jun 30, 2023",1.0,GK,
441,Total,"£ 1,425,962","£ 74,150,000","£ 2,080,000",,,,"£ 183,190,000",£ 0,,,,,,,,Nottingham Forest,Premier League,2022-2023,,,,,,,,,,,,,,,,
442,James Ward-Prowse,"£ 100,000","£ 5,200,000",,"Aug 19, 2021",,,"£ 20,800,000",,M,,28.0,Starter,England,,,Southampton,Premier League,2022-2023,,,,"Jun 30, 2026",4.0,,,,,,,CM,,,,
443,Mislav Orsic,"£ 80,000","£ 4,160,000",,"Jan 6, 2023",,,"£ 12,480,000",,F,,30.0,Reserve,Croatia,,,Southampton,Premier League,2022-2023,,,,"Jun 30, 2025",3.0,,,,,,,LW,,,,
444,Theo Walcott,"£ 75,000","£ 3,900,000",,"Jul 1, 2021",,,"£ 3,900,000",,F,,33.0,Reserve,England,,,Southampton,Premier League,2022-2023,,,,"Jun 30, 2023",1.0,,,,,,,RW,,,,
445,Joe Aribo,"£ 70,000","£ 3,640,000",,"Jul 9, 2022",,,"£ 14,560,000",,F,,26.0,Reserve,Nigeria,,,Southampton,Premier League,2022-2023,,,,"Jun 30, 2026",4.0,,,,,,,AM,,,,
446,Moussa Djenepo,"£ 65,000","£ 3,380,000",,"Sep 14, 2022",,,"£ 10,140,000",,F,,24.0,Reserve,Mali,,,Southampton,Premier League,2022-2023,,,,"Jun 30, 2025",3.0,,,,,,,LW,,,,
447,Stuart Armstrong,"£ 65,000","£ 3,380,000",,"Jan 1, 2021",,,"£ 6,760,000",,M,,30.0,Reserve,Scotland,,,Southampton,Premier League,2022-2023,,,,"Jun 30, 2024",2.0,,,,,,,CM,,,,
448,Mohamed Elyounoussi,"£ 60,000","£ 3,120,000",,"Jun 30, 2020",,,"£ 3,120,000",,F,,28.0,Reserve,Norway,,,Southampton,Premier League,2022-2023,,,,"Jun 30, 2023",1.0,,,,,,,LW,,,,
449,Jan Bednarek,"£ 60,000","£ 3,120,000",,"Dec 3, 2020",,,"£ 9,360,000",,D,,26.0,Starter,Poland,,,Southampton,Premier League,2022-2023,,,,"Jun 30, 2025",3.0,,,,,,,CB,,,,
450,Ibrahima Diallo,"£ 55,000","£ 2,860,000",,"Oct 4, 2020",,,"£ 5,720,000",,M,,23.0,Reserve,France,,,Southampton,Premier League,2022-2023,,,,"Jun 30, 2024",2.0,,,,,,,DM,,,,
451,Adam Armstrong,"£ 55,000","£ 2,860,000",,"Aug 10, 2021",,,"£ 8,580,000",,F,,25.0,Reserve,England,,,Southampton,Premier League,2022-2023,,,,"Jun 30, 2025",3.0,,,,,,,CF,,,,
452,Alex McCarthy,"£ 50,000","£ 2,600,000",,"Feb 23, 2022",,,"£ 7,800,000",,K,,33.0,Reserve,England,,,Southampton,Premier League,2022-2023,,,,"Jun 30, 2025",3.0,,,,,,,GK,,,,
453,Kamaldeen Sulemana,"£ 40,000","£ 2,080,000",,"Jan 31, 2023",,,"£ 10,400,000",,F,,20.0,Starter,Ghana,,,Southampton,Premier League,2022-2023,,,,"Jun 30, 2027",5.0,,,,,,,LW,,,,
454,Duje Caleta-Car,"£ 40,000","£ 2,080,000",,"Sep 1, 2022",,,"£ 8,320,000",,D,,26.0,Reserve,Croatia,,,Southampton,Premier League,2022-2023,,,,"Jun 30, 2026",4.0,,,,,,,CB,,,,
455,Ainsley Maitland-Niles,"£ 35,000","£ 1,820,000",,"Sep 1, 2022",,,"£ 1,820,000",,M,,25.0,Starter,England,,,Southampton,Premier League,2022-2023,,,,"May 31, 2023",1.0,,,,,,,RM,,,,
456,Lyanco,"£ 35,000","£ 1,820,000",,"Aug 25, 2021",,,"£ 5,460,000",,D,,26.0,Reserve,Brazil,,,Southampton,Premier League,2022-2023,,,,"Jun 30, 2025",3.0,,,,,,,CB,,,,
457,Paul Onuachu,"£ 30,000","£ 1,560,000",,"Jan 31, 2023",,,"£ 6,240,000",,F,,28.0,Starter,Nigeria,,,Southampton,Premier League,2022-2023,,,,"Jun 30, 2026",4.0,,,,,,,CF,,,,
458,Ché Adams,"£ 30,000","£ 1,560,000",,"Jul 1, 2019",,,"£ 3,120,000",,F,,26.0,Reserve,Scotland,,,Southampton,Premier League,2022-2023,,,,"Jun 30, 2024",2.0,,,,,,,CF,,,,
459,Romain Perraud,"£ 30,000","£ 1,560,000",,"Jul 2, 2021",,,"£ 4,680,000",,D,,25.0,Starter,France,,,Southampton,Premier League,2022-2023,,,,"Jun 30, 2025",3.0,,,,,,,LB,,,,
460,Sékou Mara,"£ 25,000","£ 1,300,000",,"Jul 25, 2022",,,"£ 5,200,000",,F,,20.0,Reserve,France,,,Southampton,Premier League,2022-2023,,,,"Jun 30, 2026",4.0,,,,,,,CF,,,,
461,Mohammed Salisu,"£ 25,000","£ 1,300,000",,"Aug 12, 2020",,,"£ 2,600,000",,D,,23.0,Starter,Ghana,,,Southampton,Premier League,2022-2023,,,,"Jun 30, 2024",2.0,,,,,,,CB,,,,
462,Roméo Lavia,"£ 25,000","£ 1,300,000",,"Jul 6, 2022",,,"£ 6,500,000",,M,,19.0,Starter,Belgium,,,Southampton,Premier League,2022-2023,,,,"Jun 30, 2027",5.0,,,,,,,DM,,,,
463,Carlos Alcaraz,"£ 25,000","£ 1,300,000",,"Jan 11, 2023",,,"£ 6,500,000",,M,,20.0,Starter,Argentina,,,Southampton,Premier League,2022-2023,,,,"Jun 30, 2027",5.0,,,,,,,CM,,,,
464,Willy Caballero,"£ 20,000","£ 1,040,000",,"Jul 1, 2022",,,"£ 1,040,000",,K,,41.0,Reserve,Argentina,,,Southampton,Premier League,2022-2023,,,,"Jun 30, 2023",1.0,,,,,,,GK,,,,
465,Gavin Bazunu,"£ 20,000","£ 1,040,000",,"Jul 1, 2022",,,"£ 5,200,000",,K,,20.0,Starter,Ireland,,,Southampton,Premier League,2022-2023,,,,"Jun 30, 2027",5.0,,,,,,,GK,,,,
466,Kyle Walker-Peters,"£ 20,000","£ 1,040,000",,"Aug 11, 2020",,,"£ 3,120,000",,D,,25.0,Reserve,England,,,Southampton,Premier League,2022-2023,,,,"Jun 30, 2025",3.0,,,,,,,RB,,,,
467,Samuel Edozie,"£ 15,000","£ 780,000",,"Sep 1, 2022",,,"£ 3,900,000",,F,,20.0,Reserve,England,,,Southampton,Premier League,2022-2023,,,,"Jun 30, 2027",5.0,,,,,,,LW,,,,
468,Juan Larios,"£ 15,000","£ 780,000",,"Sep 1, 2022",,,"£ 3,900,000",,D,,19.0,Reserve,Spain,,,Southampton,Premier League,2022-2023,,,,"Jun 30, 2027",5.0,,,,,,,LB,,,,
469,Armel Bella-Kotchap,"£ 15,000","£ 780,000",,"Jul 1, 2022",,,"£ 3,120,000",,D,,21.0,Reserve,Germany,,,Southampton,Premier League,2022-2023,,,,"Jun 30, 2026",4.0,,,,,,,CB,,,,
470,James Bree,"£ 10,000","£ 520,000",,"Jan 26, 2023",,,"£ 2,080,000",,D,,25.0,Starter,England,,,Southampton,Premier League,2022-2023,,,,"Jun 30, 2026",4.0,,,,,,,RB,,,,
471,Tino Livramento,"£ 8,000","£ 416,000",,"Aug 2, 2021",,,"£ 1,664,000",,D,,20.0,Reserve,England,,,Southampton,Premier League,2022-2023,,,,"Jun 30, 2026",4.0,,,,,,,RB,,,,
472,Total,"£ 1,198,000","£ 62,296,000",£ 0,,,,"£ 188,084,000",£ 0,,,,,,,,Southampton,Premier League,2022-2023,,,,,,,,,,,,,,,,
473,Harry Kane,"£ 200,000","£ 10,400,000",,"Jun 8, 2018",,,"£ 20,800,000",,F,,29.0,Starter,England,,,Tottenham,Premier League,2022-2023,,,,,2.0,,,,,,"Jun 30, 2024",,,,,CF
474,Heung-min Son,"£ 190,000","£ 9,880,000",,"Jul 23, 2021",,,"£ 29,640,000",,F,,30.0,Starter,South Korea,,,Tottenham,Premier League,2022-2023,,,,,3.0,,,,,,"Jun 30, 2025",,,,,LW
475,Ivan Perisic,"£ 180,000","£ 9,360,000",,"Jul 1, 2022",,,"£ 18,720,000",,M,,33.0,Starter,Croatia,,,Tottenham,Premier League,2022-2023,,,,,2.0,,,,,,"Jun 30, 2024",,,,,LM
476,Cristian Romero,"£ 165,000","£ 8,580,000",,"Aug 30, 2022",,,"£ 42,900,000",,D,,24.0,Reserve,Argentina,,,Tottenham,Premier League,2022-2023,,,,,5.0,,,,,,"Jun 30, 2027",,,,,CB
477,Clément Lenglet,"£ 145,000","£ 7,540,000",,"Jul 8, 2022",,,"£ 7,540,000",,D,,27.0,Reserve,France,,,Tottenham,Premier League,2022-2023,,,,,1.0,,,,,,"Jun 30, 2023",,,,,CB
478,Dejan Kulusevski,"£ 110,000","£ 5,720,000",,"Jan 31, 2022",,,"£ 5,720,000",,F,,22.0,Starter,Sweden,,,Tottenham,Premier League,2022-2023,,,,,1.0,,,,,,"Jun 30, 2023",,,,,RW
479,Hugo Lloris,"£ 100,000","£ 5,200,000",,"Jan 21, 2022",,,"£ 10,400,000",,K,,36.0,Starter,France,,,Tottenham,Premier League,2022-2023,,,,,2.0,,,,,,"Jun 30, 2024",,,,,GK
480,Pierre-Emile Höjbjerg,"£ 100,000","£ 5,200,000",,"Aug 11, 2020",,,"£ 15,600,000",,M,,27.0,Starter,Denmark,,,Tottenham,Premier League,2022-2023,,,,,3.0,,,,,,"Jun 30, 2025",,,,,CM
481,Lucas Moura,"£ 90,000","£ 4,680,000",,"Aug 9, 2019",,,"£ 4,680,000",,F,,30.0,Reserve,Brazil,,,Tottenham,Premier League,2022-2023,,,,,1.0,,,,,,"Jun 30, 2023",,,,,RW
482,Richarlison,"£ 90,000","£ 4,680,000","£ 2,080,000","Jul 1, 2022",,,"£ 23,400,000",,F,,25.0,Reserve,Brazil,,,Tottenham,Premier League,2022-2023,,,,,5.0,,,,,,"Jun 30, 2027",,,,,CF
483,Eric Dier,"£ 85,000","£ 4,420,000",,"Jul 21, 2020",,,"£ 8,840,000",,D,,29.0,Starter,England,,,Tottenham,Premier League,2022-2023,,,,,2.0,,,,,,"Jun 30, 2024",,,,,CB
484,Pedro Porro,"£ 85,000","£ 4,420,000",,"Jan 31, 2023",,,"£ 4,420,000",,D,,23.0,Starter,Spain,,,Tottenham,Premier League,2022-2023,,,,,1.0,,,,,,"Jun 30, 2023",,,,,RB
485,Ben Davies,"£ 80,000","£ 4,160,000",,"Jul 25, 2022",,,"£ 12,480,000",,D,,29.0,Starter,Wales,,,Tottenham,Premier League,2022-2023,,,,,3.0,,,,,,"Jun 30, 2025",,,,,LB
486,Fraser Forster,"£ 75,000","£ 3,900,000",,"Jul 1, 2022",,,"£ 7,800,000",,K,,34.0,Reserve,England,,,Tottenham,Premier League,2022-2023,,,,,2.0,,,,,,"Jun 30, 2024",,,,,GK
487,Rodrigo Bentancur,"£ 75,000","£ 3,900,000",,"Jan 31, 2022",,,"£ 15,600,000",,M,,25.0,Starter,Uruguay,,,Tottenham,Premier League,2022-2023,,,,,4.0,,,,,,"Jun 30, 2026",,,,,CM
488,Davinson Sánchez,"£ 65,000","£ 3,380,000",,"May 15, 2018",,,"£ 6,760,000",,D,,26.0,Reserve,Colombia,,,Tottenham,Premier League,2022-2023,,,,,2.0,,,,,,"Jun 30, 2024",,,,,CB
489,Yves Bissouma,"£ 55,000","£ 2,860,000",,"Jul 1, 2022",,,"£ 11,440,000",,M,,26.0,Reserve,Mali,,,Tottenham,Premier League,2022-2023,,,,,4.0,,,,,,"Jun 30, 2026",,,,,CM
490,Ryan Sessegnon,"£ 55,000","£ 2,860,000",,"Aug 8, 2019",,,"£ 8,580,000",,M,,22.0,Reserve,England,,,Tottenham,Premier League,2022-2023,,,,,3.0,,,,,,"Jun 30, 2025",,,,,LM
491,Oliver Skipp,"£ 40,000","£ 2,080,000",,"Apr 20, 2022",,,"£ 10,400,000",,M,,22.0,Reserve,England,,,Tottenham,Premier League,2022-2023,,,,,5.0,,,,,,"Jun 30, 2027",,,,,DM
492,Emerson,"£ 40,000","£ 2,080,000",,"Jul 31, 2021",,,"£ 8,320,000",,D,,24.0,Reserve,Brazil,,,Tottenham,Premier League,2022-2023,,,,,4.0,,,,,,"Jun 30, 2026",,,,,RB
493,Japhet Tanganga,"£ 25,000","£ 1,300,000",,"Jul 27, 2020",,,"£ 3,900,000",,D,,23.0,Starter,England,,,Tottenham,Premier League,2022-2023,,,,,3.0,,,,,,"Jun 30, 2025",,,,,CB
494,Arnaut Danjuma,"£ 24,000","£ 1,248,000",,"Jan 25, 2023",,,"£ 1,248,000",,F,,26.0,Reserve,Netherlands,,,Tottenham,Premier League,2022-2023,,,,,1.0,,,,,,"Jun 30, 2023",,,,,LW
495,Pape Sarr,"£ 10,000","£ 520,000",,"Aug 27, 2021",,,"£ 2,080,000",,M,,20.0,Reserve,Senegal,,,Tottenham,Premier League,2022-2023,,,,,4.0,,,,,,"Jun 30, 2026",,,,,CM
496,Alfie Whiteman,"£ 7,500","£ 390,000",,"Dec 18, 2019",,,"£ 1,170,000",,K,,24.0,Reserve,England,,,Tottenham,Premier League,2022-2023,,,,,3.0,,,,,,"Jun 30, 2025",,,,,GK
497,Brandon Austin,"£ 7,500","£ 390,000",,"Mar 29, 2022",,,"£ 780,000",,K,,24.0,Reserve,England,,,Tottenham,Premier League,2022-2023,,,,,2.0,,,,,,"Jun 30, 2024",,,,,GK
498,Sergio Reguilón,£ 0,£ 0,,"Aug 30, 2022",,,£ 0,,D,,25.0,Reserve,Spain,,,Tottenham,Premier League,2022-2023,,,,,3.0,,,,,,"Jun 30, 2025",,,,,LB
499,Total,"£ 2,099,000","£ 109,148,000","£ 2,080,000",,,,"£ 283,218,000",£ 0,,,,,,,,Tottenham,Premier League,2022-2023,,,,,,,,,,,,,,,,
500,Lucas Paquetá,"£ 150,000","£ 7,800,000",,"Aug 29, 2022",,,"£ 39,000,000",,F,,25.0,Starter,Brazil,,,West Ham,Premier League,2022-2023,,,AM,,5.0,,,,,,"Jun 30, 2027",,,,,
501,Kurt Zouma,"£ 125,000","£ 6,500,000",,"Aug 28, 2021",,,"£ 19,500,000",,D,,28.0,Reserve,France,,,West Ham,Premier League,2022-2023,,,CB,,3.0,,,,,,"Jun 30, 2025",,,,,
502,Danny Ings,"£ 125,000","£ 6,500,000",,"Jan 20, 2023",,,"£ 19,500,000",,F,,30.0,Reserve,England,,,West Ham,Premier League,2022-2023,,,CF,,3.0,,,,,,"Jun 30, 2025",,,,,
503,Alphonse Areola,"£ 120,000","£ 6,240,000",,"Jul 1, 2022",,,"£ 31,200,000",,K,,29.0,Reserve,France,,,West Ham,Premier League,2022-2023,,,GK,,5.0,,,,,,"Jun 30, 2027",,,,,
504,Emerson,"£ 95,000","£ 4,940,000",,"Aug 23, 2022",,,"£ 19,760,000",,D,,28.0,Starter,Italy,,,West Ham,Premier League,2022-2023,,,LB,,4.0,,,,,,"Jun 30, 2026",,,,,
505,Gianluca Scamacca,"£ 90,000","£ 4,680,000",,"Jul 26, 2022",,,"£ 23,400,000",,F,,24.0,Reserve,Italy,,,West Ham,Premier League,2022-2023,,,CF,,5.0,,,,,,"Jun 30, 2027",,,,,
506,Michail Antonio,"£ 85,000","£ 4,420,000","£ 780,000","Jan 7, 2022",,,"£ 8,840,000",,F,,32.0,Starter,Jamaica,,,West Ham,Premier League,2022-2023,,,CF,,2.0,,,,,,"Jun 30, 2024",,,,,
507,Thilo Kehrer,"£ 80,000","£ 4,160,000",,"Aug 17, 2022",,,"£ 16,640,000",,D,,26.0,Starter,Germany,,,West Ham,Premier League,2022-2023,,,CB,,4.0,,,,,,"Jun 30, 2026",,,,,
508,Angelo Ogbonna,"£ 70,000","£ 3,640,000",,"Jul 10, 2015",,,"£ 3,640,000",,D,,34.0,Starter,Italy,,,West Ham,Premier League,2022-2023,,,CB,,1.0,,,,,,"Jun 30, 2023",,,,,
509,Manuel Lanzini,"£ 70,000","£ 3,640,000","£ 1,040,000","Aug 30, 2019",,,"£ 3,640,000",,F,,29.0,Reserve,Argentina,,,West Ham,Premier League,2022-2023,,,AM,,1.0,,,,,,"Jun 30, 2023",,,,,
510,Tomas Soucek,"£ 65,000","£ 3,380,000",,"Jul 27, 2020",,,"£ 6,760,000",,M,,27.0,Reserve,Czech Republic,,,West Ham,Premier League,2022-2023,,,DM,,2.0,,,,,,"Jun 30, 2024",,,,,
511,Pablo Fornals,"£ 65,000","£ 3,380,000",,"Jul 1, 2019",,,"£ 6,760,000",,F,,26.0,Reserve,Spain,,,West Ham,Premier League,2022-2023,,,AM,,2.0,,,,,,"Jun 30, 2024",,,,,
512,Maxwel Cornet,"£ 65,000","£ 3,380,000",,"Aug 5, 2022",,,"£ 16,900,000",,F,,26.0,Reserve,Cote d'Ivoire,,,West Ham,Premier League,2022-2023,,,LW,,5.0,,,,,,"Jun 30, 2027",,,,,
513,Lukasz Fabianski,"£ 65,000","£ 3,380,000",,"Jul 6, 2022",,,"£ 3,380,000",,K,,37.0,Starter,Poland,,,West Ham,Premier League,2022-2023,,,GK,,1.0,,,,,,"Jun 30, 2023",,,,,
514,Declan Rice,"£ 60,000","£ 3,120,000",,"Dec 28, 2018",,,"£ 6,240,000",,M,,24.0,Starter,England,,,West Ham,Premier League,2022-2023,,,DM,,2.0,,,,,,"Jun 30, 2024",,,,,
515,Jarrod Bowen,"£ 60,000","£ 3,120,000",,"Jan 31, 2020",,,"£ 9,360,000",,F,,26.0,Starter,England,,,West Ham,Premier League,2022-2023,,,RW,,3.0,,,,,,"Jun 30, 2025",,,,,
516,Saïd Benrahma,"£ 55,000","£ 2,860,000",,"Jan 29, 2021",,,"£ 11,440,000",,F,,27.0,Starter,Algeria,,,West Ham,Premier League,2022-2023,,,LW,,4.0,,,,,,"Jun 30, 2026",,,,,
517,Aaron Cresswell,"£ 50,000","£ 2,600,000",,"Oct 9, 2019",,,"£ 2,600,000",,D,,33.0,Reserve,England,,,West Ham,Premier League,2022-2023,,,LB,,1.0,,,,,,"Jun 30, 2023",,,,,
518,Nayef Aguerd,"£ 50,000","£ 2,600,000",,"Jul 1, 2022",,,"£ 13,000,000",,D,,26.0,Starter,Morocco,,,West Ham,Premier League,2022-2023,,,CB,,5.0,,,,,,"Jun 30, 2027",,,,,
519,Vladimir Coufal,"£ 35,000","£ 1,820,000",,"Oct 2, 2020",,,"£ 1,820,000",,D,,30.0,Starter,Czech Republic,,,West Ham,Premier League,2022-2023,,,RB,,1.0,,,,,,"Jun 30, 2023",,,,,
520,Flynn Downes,"£ 25,000","£ 1,300,000",,"Jul 7, 2022",,,"£ 6,500,000",,M,,24.0,Reserve,England,,,West Ham,Premier League,2022-2023,,,CM,,5.0,,,,,,"Jun 30, 2027",,,,,
521,Ben Johnson,"£ 20,000","£ 1,040,000",,"Jul 1, 2020",,,"£ 2,080,000",,D,,23.0,Reserve,England,,,West Ham,Premier League,2022-2023,,,RB,,2.0,,,,,,"Jun 30, 2024",,,,,
522,Total,"£ 1,625,000","£ 84,500,000","£ 1,820,000",,,,"£ 271,960,000",£ 0,,,,,,,,West Ham,Premier League,2022-2023,,,,,,,,,,,,,,,,
523,Raúl Jiménez,"£ 100,000","£ 5,200,000",,"Oct 3, 2020","Jun 30, 2024",2.0,"£ 10,400,000",,F,,31.0,Reserve,Mexico,,,Wolverhampton,Premier League,2022-2023,CF,,,,,,,,,,,,,,,
524,João Moutinho,"£ 100,000","£ 5,200,000",,"Jul 4, 2022","Jun 30, 2023",1.0,"£ 5,200,000",,M,,36.0,Starter,Portugal,,,Wolverhampton,Premier League,2022-2023,CM,,,,,,,,,,,,,,,
525,Pablo Sarabia,"£ 90,000","£ 4,680,000",,"Jan 17, 2023","Jun 30, 2025",3.0,"£ 14,040,000",,F,,30.0,Starter,Spain,,,Wolverhampton,Premier League,2022-2023,RW,,,,,,,,,,,,,,,
526,Matheus Nunes,"£ 85,000","£ 4,420,000",,"Aug 18, 2022","Jun 30, 2027",5.0,"£ 22,100,000",,M,,24.0,Starter,Portugal,,,Wolverhampton,Premier League,2022-2023,CM,,,,,,,,,,,,,,,
527,Nélson Semedo,"£ 80,000","£ 4,160,000",,"Sep 23, 2020","Jun 30, 2023",1.0,"£ 4,160,000",,D,,29.0,Starter,Portugal,,,Wolverhampton,Premier League,2022-2023,RB,,,,,,,,,,,,,,,
528,Matheus Cunha,"£ 60,000","£ 3,120,000",,"Jan 1, 2023","Jun 30, 2023",1.0,"£ 3,120,000",,F,,23.0,Starter,Brazil,,,Wolverhampton,Premier League,2022-2023,CF,,,,,,,,,,,,,,,
529,Daniel Podence,"£ 60,000","£ 3,120,000",,"Jan 30, 2020","Jun 30, 2024",2.0,"£ 6,240,000",,F,,27.0,Reserve,Portugal,,,Wolverhampton,Premier League,2022-2023,LW,,,,,,,,,,,,,,,
530,Boubacar Traoré,"£ 55,000","£ 2,860,000",,"Sep 1, 2022","Jun 30, 2023",1.0,"£ 2,860,000",,M,,21.0,Reserve,Mali,,,Wolverhampton,Premier League,2022-2023,DM,,,,,,,,,,,,,,,
531,Adama Traoré,"£ 55,000","£ 2,860,000",,"Aug 8, 2018","Jun 30, 2023",1.0,"£ 2,860,000",,F,,27.0,Reserve,Spain,,,Wolverhampton,Premier League,2022-2023,RW,,,,,,,,,,,,,,,
532,Rúben Neves,"£ 50,000","£ 2,600,000",,"Jul 2, 2018","Jun 30, 2024",2.0,"£ 5,200,000",,M,,25.0,Starter,Portugal,,,Wolverhampton,Premier League,2022-2023,DM,,,,,,,,,,,,,,,
533,Pedro Neto,"£ 50,000","£ 2,600,000",,"Mar 9, 2022","Jun 30, 2027",5.0,"£ 13,000,000",,F,,22.0,Reserve,Portugal,,,Wolverhampton,Premier League,2022-2023,RW,,,,,,,,,,,,,,,
534,Diego Costa,"£ 50,000","£ 2,600,000",,"Sep 12, 2022","Jun 30, 2023",1.0,"£ 2,600,000",,F,,34.0,Reserve,Spain,,,Wolverhampton,Premier League,2022-2023,CF,,,,,,,,,,,,,,,
535,Craig Dawson,"£ 45,000","£ 2,340,000",,"Jan 22, 2023","Jun 30, 2025",3.0,"£ 7,020,000",,D,,32.0,Starter,England,,,Wolverhampton,Premier League,2022-2023,CB,,,,,,,,,,,,,,,
536,Mario Lemina,"£ 45,000","£ 2,340,000",,"Jan 13, 2023","Jun 30, 2025",3.0,"£ 7,020,000",,M,,29.0,Starter,Gabon,,,Wolverhampton,Premier League,2022-2023,DM,,,,,,,,,,,,,,,
537,Jonny Otto,"£ 35,000","£ 1,820,000",,"Feb 10, 2021","Jun 30, 2025",3.0,"£ 5,460,000",,D,,28.0,Reserve,Spain,,,Wolverhampton,Premier League,2022-2023,LB,,,,,,,,,,,,,,,
538,Sasa Kalajdzic,"£ 35,000","£ 1,820,000",,"Aug 31, 2022","Jun 30, 2027",5.0,"£ 9,100,000",,F,,25.0,Reserve,Austria,,,Wolverhampton,Premier League,2022-2023,CF,,,,,,,,,,,,,,,
539,João Gomes,"£ 30,000","£ 1,560,000",,"Jan 30, 2023","Jun 30, 2028",6.0,"£ 9,360,000",,M,,21.0,Reserve,Brazil,,,Wolverhampton,Premier League,2022-2023,CM,,,,,,,,,,,,,,,
540,Hee-chan Hwang,"£ 30,000","£ 1,560,000",,"Jul 1, 2022","Jun 30, 2026",4.0,"£ 6,240,000",,F,,27.0,Reserve,South Korea,,,Wolverhampton,Premier League,2022-2023,CF,,,,,,,,,,,,,,,
541,José Sá,"£ 25,000","£ 1,300,000",,"Jul 15, 2021","Jun 30, 2026",4.0,"£ 5,200,000",,K,,30.0,Starter,Portugal,,,Wolverhampton,Premier League,2022-2023,GK,,,,,,,,,,,,,,,
542,Nathan Collins,"£ 20,000","£ 1,040,000",,"Jul 12, 2022","Jun 30, 2027",5.0,"£ 5,200,000",,D,,21.0,Reserve,Ireland,,,Wolverhampton,Premier League,2022-2023,CB,,,,,,,,,,,,,,,
543,Max Kilman,"£ 15,000","£ 780,000",,"Nov 5, 2021","Jun 30, 2026",4.0,"£ 3,120,000",,D,,25.0,Starter,England,,,Wolverhampton,Premier League,2022-2023,CB,,,,,,,,,,,,,,,
544,Toti Gomes,"£ 10,000","£ 520,000",,"Mar 21, 2022","Jun 30, 2027",5.0,"£ 2,600,000",,D,,24.0,Reserve,Portugal,,,Wolverhampton,Premier League,2022-2023,CB,,,,,,,,,,,,,,,
545,Daniel Bentley,"£ 10,000","£ 520,000",,"Jan 25, 2023","Jun 30, 2025",3.0,"£ 1,560,000",,K,,29.0,Reserve,England,,,Wolverhampton,Premier League,2022-2023,GK,,,,,,,,,,,,,,,
546,Chiquinho,"£ 10,000","£ 520,000",,"Jan 17, 2022","Jun 30, 2026",4.0,"£ 2,080,000",,F,,22.0,Reserve,Portugal,,,Wolverhampton,Premier League,2022-2023,LW,,,,,,,,,,,,,,,
547,Rayan Aït-Nouri,"£ 10,000","£ 520,000",,"Jul 9, 2021","Jun 30, 2026",4.0,"£ 2,080,000",,D,,21.0,Starter,Algeria,,,Wolverhampton,Premier League,2022-2023,LB,,,,,,,,,,,,,,,
548,Yerson Mosquera,"£ 8,000","£ 416,000",,"Jul 1, 2021","Jun 30, 2026",4.0,"£ 1,664,000",,D,,21.0,Reserve,Colombia,,,Wolverhampton,Premier League,2022-2023,CB,,,,,,,,,,,,,,,
549,Louie Moulden,"£ 5,000","£ 260,000",,"Feb 6, 2023","Jun 30, 2023",1.0,"£ 260,000",,K,,21.0,Reserve,England,,,Wolverhampton,Premier League,2022-2023,GK,,,,,,,,,,,,,,,
550,Joe Hodge,"£ 5,000","£ 260,000",,"Jan 21, 2023","Jun 30, 2027",5.0,"£ 1,300,000",,M,,20.0,Reserve,Ireland,,,Wolverhampton,Premier League,2022-2023,DM,,,,,,,,,,,,,,,
551,Hugo Bueno,"£ 5,000","£ 260,000",,"Nov 2, 2022","Jun 30, 2026",4.0,"£ 1,040,000",,D,,20.0,Reserve,Spain,,,Wolverhampton,Premier League,2022-2023,LB,,,,,,,,,,,,,,,
552,Total,"£ 1,178,000","£ 61,256,000",£ 0,,,,"£ 162,084,000",£ 0,,,,,,,,Wolverhampton,Premier League,2022-2023,,,,,,,,,,,,,,,,
